# Resource object code (Python 3)
# Created by: object code
# Created by: The Resource Compiler for Qt version 6.6.1
# WARNING! All changes made in this file will be lost!

from PySide6 import QtCore

qt_resource_data = b"\
\x00\x007\x1b\
\x89\
PNG\x0d\x0a\x1a\x0a\x00\x00\x00\x0dIHDR\x00\
\x00\x02\x00\x00\x00\x02\x00\x08\x06\x00\x00\x00\xf4x\xd4\xfa\
\x00\x00\x00\x09pHYs\x00\x00\x07\x8f\x00\x00\x07\x8f\
\x01yp\x1c&\x00\x00\x00\x19tEXtSof\
tware\x00www.inksca\
pe.org\x9b\xee<\x1a\x00\x00 \x00ID\
ATx\x9c\xed\xddw\xb8eU}\xff\xf1\xf7\x9d>\
\x0c0C\x19\x9a&\x0cJ\x07\x07\x14b\x01T\xa4\xa9\
I\x8cQ\x83]4E4\x96`\x88\x06S\xfcI4\
?%**\x9a\xf23Q\x88\xa24\x15\x10D\x90\x01\
\x0bU\x9aJ\x17AA\xba\xc0\xd0\x19\x9c\x19f\xce\xef\
\x8fu\x8f\x5c\xae\xb7\x9d{\xf6:\xdf\xb5\xf7~\xbf\x9e\
\xe7\xf3p\xf5\xb1\xac\xb5\xce^e\xb7\xb5A\x92$I\
\x92$I\x92$I\x92$I\x92$I\x92$I\x92\
$I\x92$I\x92$I\x92$I\x92$I\x92$\
I\x92$I\x92$I\x92$I\x92$I\x92$I\
\x92$I\x92$I\x92$I\x92$I\x92$I\x92\
$I\x92$I\x92$I\x92$I\x92$I\x92$\
I\x92$I\x92$I\x92$I\x92$I\x92$I\
\x92$I\x92$I\x92$I\x92$I\x92$I\x92\
$I\x92$I\x92$I\x92$I\x92$I\x92$\
I\x92$I\x92$I\x92$I\x92$I\x92$I\
\x92$I\x924l(\xba\x00\x92\xa6e&\xb0\xd1\x88\
l<\xe2\x9f\x1b\x00s\x81u\x86\xff\xb3\xeb\x01\xb3H\
\xfd}\xd1\xf0\xbf7\x07X0\xfc\xf7c\xc0\xaa\xe1\xbf\
\x1f\x04:\xc0\x13\xc0#\xc3\xff\xde\x0a`%p?p\
\x1f\xb0|\x8c\xac\xa9\xb8~\x922s\x01 \x95g\x01\
\xb0\x04\xd8j\xf8\x9f\xddlA\x9a\xe0\xbb\x93|IF\
.\x0e\xee\x04n\x19\x91\x9b\x87\xb3\x22\xa6h\x92\xc6\xe2\
\x02@\x8a\xb1\x00\xd8\x09\xd8\x05\xd8\x9a''\xf9\xad\x80\
\xc5a\xa5\xca\xeb\x1e\x9e\xba(\xb8\x09\xb8\x0a\xb8\x96t\
\x15B\xd2\x00\xb9\x00\x90\xf2\xdb\x02\xd8\x0d\xd8\x914\xe9\
\xef\x06l\x0f\xcc\x88,Ta\xee\x02\xae -\x06\xae\
\x1b\xfe\xfbz`md\xa1\xa4&s\x01 U\xeb\x19\
\xc0\x9e\xc0\x1e\xc0sH\x13\xfe\x82\x09\xff\x1b\x1a\xcf\xa3\
\xa4\x05\xc1\x8f\x81\x8b\x80\x0bIW\x0e$U\xc0\x05\x80\
4}\xb3\x80\xedH\x13\xfe^\xc0\x8b\x80-CK\xd4\
|w\x03\x97\x03\x17\x90\x16\x04\x97\x91\x1eP\x94\xd4#\
\x17\x00\xd2\xd4\xcd#M\xf2/&M\xf8\xbb\xf3\xe4\x93\
\xf6\x8a\xb1\x82\xb4\x088\x1f8o8.\x08\xa4)p\
\x01 M\xec\x19\xc0~\xc3y\x19\xe9\x95:\x95\xebq\
\xd2\x95\x81s\x80\xd3H\xcf\x11H\x1a\x83\x0b\x00\xe9\xa9\
\xe6\x93.\xe9w'\xfd\xddb\x8b\xa3>\xfd\x92\xb4\x18\
8\x078\x93\xf4\x5c\x81$\x5c\x00H\x906\xd0y5\
\xf0*`o\xd2\x22@\xcd\xb3\x02\xf8\x01p\xcap\x96\
\x87\x96F\x0a\xe6\x02@m\xb5\x08\xf8\x13\xe0@\xe0\xa5\
\xc0\xec\xd8\xe2h\xc0\xd6\x00?\x02\xbe\x0e\x1c\x07\xdc\x1b\
[\x1cIRN\xeb\x90&\xfc\xd3I\x0f\x8au\x8c!\
m{\xbc\x0c8\x08X\x88$\xa9\x11\xe6\x02\xaf\x07\xbe\
\x05\xfc\x86\xf8\xc9\xc6\x94\x9d\xc7I\xb7\x07^K:v\
$I5\xb3\x1dp\x04i\xfb\xd9\xe8I\xc5\xd43\x0f\
\x00_\x00\x96\x22I*\xda<\xd2%\xfee\xa4-d\
\xa3'\x10\xd3\x9c\x5c\x0e\x1c\x8c\xbb:JRQv$\
\x9d\xed\xdfG\xfcDa\x9a\x9d\x87HW\x05\x9e\x8d$\
)\xc4l\xe0M\xc0\xa5\xc4O\x0a\xa6\x9d\xb9\x04x\x03\
iKhIRf\xeb\x01\x87\x00\xbf\x22~\x020\xa6\
\x03\xdc\x09\x1c\x0el\x80$\xa9r\x9b\x93\x06\xd9\xfb\x89\
\x1f\xf0\x8d\x19+\x0f\x03G\x01\xbf\x8f$\xa9o\xbb\x02\
_\x01V\x11?\xc0\x1b3\x95\xac\x02N\x02\x9e\x8b$\
\xa9g/\x06\xce%~07\xa6\x9f,\x03^\x88$\
iR\xcf'\xed\xd4\x17=p\x1bSe. }J\
Z\x924\xcaR\xd2e\xd3\xe8\x81\xda\x98\x9cY\x06\xec\
\x8e$\x89\x9dH\x13\xbf\x1b\xf7\x986e\x19\xee% \
\xa9\xa5v\x00N$}\x95-z06&\x22k\x80\
\xe3I\xdbVKR\xe3mHzUj5\xf1\x03\xb0\
1%d5iw\xc1\xc5H\x0343\xba\x00j\x8d\
Y\xc0_\x91\xbe\xb4\xf6\x12`Flq\xa4b\xcc\x00\
v#\xf5\x0f\x80\xcbHW\x07$\xa9\xf6\xf6\x03\xae&\
\xfeL\xcb\x98:\xe4g\xc0\x1f!I5\xb6->\xd9\
o\xcct\xb3\x8c\xf4\x90\xac$\xd5\xc6\x22\xe03\xb8{\
\x9f1\xfdf%\xf0)`!\x92T\xb8W\x00\xb7\x11\
?p\x1a\xd3\xa4\xdc\x05\xfc\x19R\x85\x86\xa2\x0b\xa0\xc6\
\xd8\x0c\xf8<\x0eRRN\xdf\x06\xfe\x1a\xb8=\xba \
\xaa?\xdf\x02P\xbf\x86\x80\x83\x80\xd3HO2K\xca\
g[\xe0/\x81\xc7Io\x0btb\x8b\xa3:\xf3\x0a\
\x80\xfa\xb1-\xf0\xdf\xa4\x0f\xf7h\xf0\xd6\x00\xcb\xc7\xc8\
}\xc0\xbd\xa4\xcf\xd3\xae\x05\x1e\x1a\xfe\xcf\xaf\x04V\x0c\
\xff\xfd(\xe9\xfds\x80\xd9\xc0\xba\xc3\x7f\xaf\x03\xcc\x1d\
\xfe{\x11i\x8cXHzG}\xa3q\xe2\x89D\x8c\
\xef\x03\x07\x037E\x17D\xf5\xe4\x02@\xd31\x1bx\
?\xf0\x7f\x80y\xc1ei\xb2G\x81[\x80\x9b\x87s\
\xcb\x88\xdcF\x9a\xe8K\xb0\x18x:\xb0\x04\xd8j\x8c\
\x7f.\x08*W\x1b<\x0e\xfc\x0bp$\xf0DpY\
T3.\x00\xd4\xab\x1d\x80\xaf\xe1>\xe6Uz\x10\xb8\
\x8a\xb4W\xc2U\xc3\xb9\x89r&\xf8~-\x06\xb6&\
}\xf0i)\xf0\xac\xe1,\x8a,T\xc3\x5c\x01\xbc\x99\
\xb4\x87\x804%.\x004UC\xc0;Ig\x1a\xf3\
\x83\xcbRg\xbf\x02~\x04\xfc\x944\xe1_\x0d\xdc\x1a\
Z\xa28[\xf2\xe4b`\x17\xd2\xa7\xa0\xb7\x0c-Q\
\xbd\xad\x00\x0e%m+,M\xca\x05\x80\xa6b1\xf0\
E\xe0O\xa2\x0bR3k\x80\x1bH\xdf\x82\xbf\x108\
\x9ft)_\xe3\xdb\x9c\xf4\xb9\xdc=\x81\xbd\x80?\x00\
\xe6\x84\x96\xa8~\xbe\x0b\xbc\x0d\xb8;\xb8\x1c\x92j\xee\
\xe5\xa4w\x90\xa3\xdf\x83\xaeCV\x01\xdf\x03>D\xfa\
\xde\x81\xf7\xbe\xfb\xb7.\xb0\x0f\xe9y\x93\x1f\xe0\xe6R\
S\xcd\x9d\xc0\x01\xbd7\xb7$\xa5\x87\xfb\x8e\xc0\xcf\xf5\
N\x96\xbb\x81\xaf\x00\x07\xe2=\xedAX@\xfa\xb6\xc4\
Q\xa4\xdb)\xd1\xbf\x7f\xc9YK\xba\x1d\xb0\xce\xb4Z\
ZR+-\xc5\x8f\xf7\x8c\x97\x95\xc09\xa4\xb7 \xdc\
\xa7=\xde\xce\xc0\x07\x80s\xf1\xea\xc0x\xb9\x12\x8fU\
IS\xf0&\xe01\xe2\x07\xad\x92\xf2\x04\xe9>\xfe!\
\xf8\xcd\xf6\x92-\x22mJu:.\x06F\xe7q\xe0\
\xcf\xa7\xdf\xb4\x92\x9al\x16\xe9\x92\x7f\xf4@UJ\xd6\
\xf0\xe4\xa4\xbfi\x1f\xed\xaa\x18\x1b\xe0b`\xac|\x01\
\x1f\xaa\x944\xc2\x16\xa4\xa7\xd4\xa3\x07\xa7\x12r\x01\xe9\
uG\xcf\xf4\x9bc\x13\xe0]\xc0E\xc4\x1f_%\xe4\
|\xd2\xdb\x16\x92Zn/\xd2\x13\xc3\xd1\x83Rd\x1e\
 \x9d\x19\xed\xd2g[\xaa|\xdb\x93\xaet\xddK\xfc\
q\x17\x99{Ho\xaaHj\xa9\x83i\xf7\xe5\xd1\xcb\
\x87\xdb\xc0\xa7\xa4\xdbg.\xe9\xcd\x8de\xa4\xa7\xe5\xa3\
\x8f\xc5\x88\xac\x06\x0e\xeb\xb7!%\xd5\xcb\x02\xe08\xe2\
\x07\xa0\x88\xdc\x07\xfc\x1b\xb0M\xdf\xad\xa8\xa6\xd8\x16\xf8\
\x04\xe9CJ\xd1\xc7gD\x8e\xc5E\xb0\xd4\x0a\x9b\x93\
\xce|\xa3\x07\x9dA\xe7\x17\xa4\x07\xfa\xdc\x9cG\xe3\x99\
Kzp\xf0z\xe2\x8f\xd7A\xe7\xa7\xa4\x0f:Ij\
\xa8\x9dH_\x92\x8b\x1el\x06\x99\xcbI\x83\xfa\xac\xfe\
\x9bO-1\x03x\x05\xe9\x81\xd0\xe8\xe3w\x90\xb9\x1d\
\x9f\x83\x91\x1ai_\xd2\xc3n\xd1\x83\xcc \xb2\x86\xf4\
\xfa\xd7\x9e\x95\xb4\x9c\xdal7\xd2N\x8f\xab\x89?\xae\
\x07\x91\x87\x81\x97U\xd2r\x92\x8a\xf0\xe7\xb4\xe3a\xbf\
'H\x83\xf5\xd6\xd54\x9b\xf4[\xdb\x02_\xa5\x1d[\
c\xaf\x04\xdeZM\xb3I\x8a2\x04\x1cN\xfc\x80\x92\
;kIg\xfc^\xbeTn;\x90\x16\x99mX\x08\
\x1c\x85_\x8c\x95ji\x0e\xe9\xe9\xde\xe8A$w\x96\
\x01\xcf\xa9\xa8\xcd\xa4\xa9\xda\x198\x89\xe6\xbfBx\x22\
\xe9\xc3`\x92jb}\xe0\xfb\xc4\x0f\x1e9s\x06\xe9\
\xbb\xf1R\xa4?\x00\xce\x22\xbe?\xe4\xcc\xb9\xc0zU\
5\x98\xa4|6\x00.&~\xd0\xc8\x95\xeb\x81\x97W\
\xd6ZR5\xf6!}u/\xba\x7f\xe4\xca\xe5\xc0F\
\x95\xb5\x96\xa4\xcamBz\x9f7z\xb0\xc8\x91\xe5\xa4\
\xf7\xf8}\x9dO\xa5\x9aAz\xe5\xf4\xd7\xc4\xf7\x97\x1c\
\xb9\x16\xbf! \x15is\xe0\x1a\xe2\x07\x89\xaa\xb3\x8a\
\xb4O\xff\xc6\xd55\x95\x94\xd5\x06\xa4\xef\x0d\xac$\xbe\
\xffT\x9d\x9f\xe1\x86ARQ\x96\x007\x11?8T\
\x9de\xa4\xcd\x8b\xa4:\xda\x96\xf4vJt?\xaa:\
\xb7\xe0\xab\xb6R\x11\xb6'\xed\xe0\x15=(T\x99\xdb\
\x81WV\xd9HR\xa0W\x01w\x10\xdf\xaf\xaa\xccm\
\xa4\xb1GR\x90\x9dh\xd6\xa7|\xd7\x92\xde\xb1\xde\xb0\
\xcaF\x92\x0a\xb0\x90\xf4^}\x93\xf6\x0f\xf85\xb0k\
\x95\x8d$ijv\xa1Y_/\xfb\x19\xf0\xa2J[\
H*\xcf\x8b\x81\x9f\x13\xdf\xdf\xaa\xcar\xdc\x80K\x1a\
\xa8m\x80\xbb\x88\xef\xfcUd5\xe9\x81)7\x1bQ\
[\xcc#\xed\xd0\xd9\x94\x87\x04\xef\x01v\xac\xb2\x81$\
\x8d\xed\x194\xe7\x9e\xffO\xf0\xecA\xed\xb5+\xcdy\
m\xf76`\xabj\x9bG\xd2HO\x03~I|g\
\xef7kI\xf7C\xe7V\xdb<R\xed\xcc&]\x0d\
h\xc2\xb3\x01\xbf\x02\xb6\xac\xb4u$\x01\xb0\x18\xb8\x8e\
\xf8N\xdeo\xee\xc6\x9d\xfc\xa4\xd1\xf6\xa5\x19W\xf6~\
\x0elVq\xdbH\xad\xb6\x08\xb8\x82\xf8\xce\xddoN\
\xc6\xedD\xa5\xf1,\x02\x8e'\xbe\x9f\xf6\x9b+\xf1M\
\x1e\xa9\x12\xeb\x03\x97\x12\xdf\xa9\xfb\xc9\x0a\xd26\xbe\x92\
&w\x10\xf0\x08\xf1\xfd\xb6\x9f\xfc\x08? $\xf5e\
.\xf5\xff\xaa\xdf\x95\xa4\xb7\x16$M\xddv\xc0\xd5\xc4\
\xf7\xdf~r.\xe9\xb3\xe4\x92z4D\xda\x14'\xba\
\x13\xf7\x93\xe3\x80\x05U7\x8c\xd4\x12\xf3\x81c\x88\xef\
\xc7\xfd\xe4x\xd2X&\xa9\x07\x1f%\xbe\xf3N7\xab\
\x81\xc3\xaao\x12\xa9\x95\x0e&}\x14+\xba_O7\
\x87W\xde\x22R\x83\xfd9\xf1\x9dv\xba\xb9\x87\xf4m\
tI\xd5\xd9\x8b\xfan\xfb\xbd\x16xk\xf5M\x225\
\xcf\xde\xd4w\x87\xb0\x0b\x80-*o\x11I\x90\xfa\xd6\
\x85\xc4\xf7\xf3\xe9d\x15\xb0_\xf5M\x225\xc7\xce\xc0\
\x83\xc4w\xd6\xe9\xe4\xff\x9165\x91\x94\xcf\x1c\xe0\x7f\
\x88\xef\xef\xd3\xc9\x03\xb8e\xb04\xa6\xcdI\xdf\xd9\x8e\
\xee\xa4\xbdf-\xde\xe3\x93\x06\xed\x10\xea\xb9{\xe0\xcd\
\xb8Q\x90\xf4\x14\x0b\x80\xcb\x89\xef\x9c\xbdf\x05p`\
\x86\xf6\x904\xb9\xd7\x01\x8f\x13?\x0e\xf4\x9aK\x81u\
2\xb4\x87TK_&\xbeS\xf6\x9a\xfb\x80\x17\xe6h\
\x0cIS\xf6|\xd2\x83\xb7\xd1\xe3A\xaf\xf9Z\x8e\xc6\
\x90\xea\xe6}\xc4w\xc6^s\x13\xb0m\x8e\xc6\x90\xd4\
\xb3g\x02?#~\x5c\xe85\xef\xc9\xd1\x18R]\xbc\
\x88\xfa\xbd\xdf{>\xee\xe7/\x95fc\xea\xf7\x86\xc0\
*`\xcf\x1c\x8d!\x95n3\xe0\x0e\xe2;a/9\
\x93\xb4;\x99\xa4\xf2\xac\x03\x9cE\xfc8\xd1K\xee\x22\
}\xe6\x5cj\x8d\xd9\xc0y\xc4w\xbe^r\x1a0/\
GcH\xaa\xcc\x1c\xe0\x9b\xc4\x8f\x17\xbd\xe4\x22\xfcf\
\x80Z\xe4?\x88\xeft\xbd\xe48`V\x96\x96\x90T\
\xb5\x99\xc0\xff\x12?n\xf4\x92\xa3r4\x84T\x9a7\
\x11\xdf\xd9z\xc9\x7f\x033\xb2\xb4\x84\xa4\x5cfP\xbf\
\x0d\x83\xde\x9a\xa5%\xa4B,%\xbd;\x1f\xdd\xd1\xa6\
\x9a\xcf\xe0\x97\xbc\xa4\xba\x1a\x22\x9dYG\x8f#S\xcd\
c\xc0NYZB\x0a6\x8fz}\xdf\xfbcy\x9a\
A\xd2\x80\x1dA\xfcx2\xd5\x5c\x09\xcc\xcd\xd3\x0cR\
\x9c\xcf\x11\xdf\xb9\xa6\x9a\xcfej\x03I1>E\xfc\
\xb82\xd5\x1c\x99\xa9\x0d\xa4\x10/%\xed\x99\x1f\xdd\xb1\
\xa6\x92\xa3\xf1\xb2\xbf\xd44C\xc0\x17\x88\x1f_\xa6\x92\
\xb5\xc0\x1f\xe6i\x06i\xb0\x16\x93\xdeu\x8d\xeeTS\
\xc9\xd7IO\x10Kj\x9e\x19\xa47z\xa2\xc7\x99\xa9\
\xe4n`\xd3<\xcd \x0d\xcei\xc4w\xa6\xa9\xe4\x14\
|\xd5Oj\xba\x99\xa4\x85~\xf4x3\x95\x9c\x9a\xa9\
\x0d\xa4\x81x\x17\xf1\x9dh*9\x1b\x1f\xbc\x91\xdab\
\x0e\xf0\x1d\xe2\xc7\x9d\xa9\xe4\xe0Lm e\xb5\x03\xe9\
\xb5\x96\xe8\x0e4Y\xce\xc3\xed}\xa5\xb6Y@\xda\x81\
/z\xfc\x99,\x8f\x02\xdbej\x03)\x8b\xd9\xc0\x8f\
\x89\xef<\x93\xe5\x06\xfc\xb0\x8f\xd4V\x8bI_\xf6\x8c\
\x1e\x87&\xcbex{R5\xf2\x8f\xc4w\x9a\xc9r\
\x1f\xb0M\xae\x06\x90T\x0b\xcf\x04\xee!~<\x9a,\
\x7f\x9f\xab\x01\xa4*mC\xf9\xbb\xfd=\x0e\xec\x91\xab\
\x01$\xd5\xca^\xa41!z\x5c\x9a(+\x80\xads\
5\x80T\x85!\xe0\x1c\xe2;\xcbDY\x0b\xbc1W\
\x03H\xaa\xa5\xd7\x02k\x88\x1f\x9f&\xca\xf7q\x8f\x12\
\x15\xec\x1d\xc4w\x92\xc9\xf2\x81l\xb5\x97Tgu\xb8\
u\xf9\x17\xd9j/\xf5a\x0b\xe0A\xe2;\xc8D\xf9\
\x7f\xd9j/\xa9\x09\xbeH\xfc85Q\xee\x076\xcb\
V{i\x9aN&\xbesL\x94\x8bH\xef\xffJ\xd2\
xf\x03\xe7\x13?^M\x94\x93\xb2\xd5^\x9a\x86\xd7\
\x10\xdf)&\xca\xdd\xc0\xd3\xb2\xd5^R\x93l\x0e\xdc\
I\xfc\xb85Q\xfe4[\xed\xa5\x1e,\xa2\xec\xce\xb2\
\x8a\xf4\x94\xaf$M\xd5\xde\xc0j\xe2\xc7\xaf\xf1r;\
\xb0~\xae\xcaKS\xf5Y\xe2;\xc3Dyo\xbe\xaa\
Kj\xb0\xbf#~\xfc\x9a(\x9f\xccWuir\xdb\
\x93\xce\xb0\xa3;\xc2x9._\xd5%\xb5\xc0\x09\xc4\
\x8fc\xe3e%\xb0m\xbe\xaaK\x13+\xf9\x83\x1aW\
\x92\xf6\xfb\x96\xa4\xe9Z\x00\x5cM\xfcx6^\xbe\x95\
\xaf\xea\xd2\xf8^N\xfc\xc1?^\x1e\xc1m~%U\
c{\xca\xfe\xb0\xd9\xfe\xf9\xaa.\xfd\xaeY\xc05\xc4\
\x1f\xf8\xe3\xc5\xcd2$U\xe9\x9d\xc4\x8fk\xe3\xe5:\
\xd2\xeb\x8b\xd2@\xbc\x8f\xf8\x83~\xbc\x9c\x9c\xb1\xde\x92\
\xda\xebT\xe2\xc7\xb7\xf1\xf2\xee\x8c\xf5\x96~kC\xd2\
\x97\xf4\xa2\x0f\xf8\xb1r;~\xdeWR\x1e\x1bS\xee\
+\xcf\xf7\xe3\xd8\xa7\x01\xf8O\xe2\x0f\xf6\xb1\xb2\x06\xd8\
7c\xbd%i\x7f\xd2\x07\xc5\xa2\xc7\xbb\xb1\xf2\xb9\x8c\
\xf5\x96\xd8\x81r7\xc7\xf0\x9dXI\x83\xf0i\xe2\xc7\
\xbb\xb1\xb2\x1a\xd8.c\xbd\xd5r'\x12\x7f\x90\x8f\x95\
\x9f\x00s3\xd6[\x92\xba\xe6\x92^3\x8e\x1e\xf7\xc6\
\x8a{\x9f(\x8b\x9d)\xf3{\xd9\xab\x81gg\xac\xb7\
$\x8d\xb6\x0ben\x82\xb6\x06X\x9a\xb1\xdej\xa9R\
\x9f\x80\xfd\xd7\x9c\x95\x96\xa4q\xfc\x1b\xf1\xe3\xdfX\xf9\
F\xceJ\xab}v\xa3\xcc\x07_n\x00\xe6e\xac\xb7\
$\x8dg>p#\xf1\xe3\xe0\xe8\xac\xc5\xab\xa2\xaaP\
\x89[\xfe\xae\x05\xf6\xc9YiI\x9a\xc4\xde\x94yr\
tZ\xc6:\xabE\xf6 \xfe`\x1e+\xff\x95\xb3\xd2\
\x924E_\x22~<\x1c+\xcf\xcbY\xe9&\x18\x8a\
.@\x0d\x9cKyg\xdaw\x01;\x02\x0fF\x17D\
\x12\x90\xb6\x07\xdf\x05x\x01\xe9\x0bu\xcf\x006#m\
Q\xbb\x80\xd4W\x1f\x02n#\xdd\xba\xbb\x0a8\x1fx\
8\xa2\xb0\x15[H\xda\x8ew\x8b\xe8\x82\x8c\xf2]\xe0\
e\xd1\x85P}\xedM\xfc*v\xac\xbc2c\x9d%\
M\xcd<\xe0\xcfH\xaf\x07?B\xef\xfd\xf8\x09\xe0\x12\
\xe0P\xca\x9b<{u \xf1\xe3\xe2X\xd9+g\xa5\
\xd5l\xe7\x12\x7f\x00\x8f\xce\xb7\xb3\xd6X\xd2d6\x01\
>\x02\xdcCu\xfd\xfa\x09\xe0$\xd2\x03\xc7uu6\
\xf1\xe3\xe3\xe8|7k\x8d\xd5X\xbb\x11\x7f\xf0\x8e\xce\
*\xdc\xe9J\x8a2\x0f\xf8\x07\xd2e\xfb\x9c\xfd\xfc\x14\
`\xc9`\xaaT\xa9\x1d(so\x80]sVZ\xcd\
t\x1c\xf1\x07\xee\xe8|:k\x8d%\x8d\xe7\xf9\x0c\xf6\
\x95\xb7\x15\xc0\xdf\x033\x06Q\xb9\x0a\xfd;\xf1\xe3\xe4\
\xe8|9k\x8d\xd58O\xa7\xbc\x95\xecr\xd2\x97\x08\
%\x0d\xce\x10\xf0\xcf\xc4}\x03\xe4\xbb\xa4[\x0eu\xb1\
\x01\xe5}-u\x15\xf0{9+\xadf9\x92\xf8\x83\
vt\xde\x91\xb5\xc6\x92F\x9b\x03\x1cK|\xdf\xbf\x99\
z\xdd\xfa{/\xf1m6:\xff\x96\xb5\xc6j\x8c\xf5\
I\xaf\xecD\x1f\xb0#s\x0d\xe95#I\x831\x1f\
XF|\xdf\xef\xe6\x1e\xea\xb3\xbb\xdd,\xe0j\xe2\xdb\
ld\x1e\x22\xbd\xae(M\xe8\x03\xc4\x1f\xac\xa3\xb3\x7f\
\xd6\x1aK\x1a\xa9\xb4\xc9\xbf\x9b{\xa9\xcf\x95\x80}\x89\
o\xaf\xd194k\x8dU{\xb3\x81[\x89?PG\
\xe6\x8c\xac5\x964\xd2|\xca|\x9d\xad\x9b_\x00\x1b\
e\xab}\xb5Jk\xc7_\xe1\x95TM\xe0\xcd\xc4\x1f\
\xa4\xa3\xf3\xdc\xac5\x96\xd45\x97\xb4\xcfFt\x9f\x9f\
,gP\x8f]\x5cw\xa7\xbc\xef\x04\xbc1k\x8dU\
k\x97\x12\x7f\x80\x8e\xcc)y\xab+iX\xe9g\xfe\
\xa3\xf37y\x9a\xa1r\xa7\x13\xdfV#sI\xde\xea\
\xaa\xae\x96\x12\x7fp\x8e\xccZ\xd2\xde\xe2\x92\xf2\xaa\xcb\
\x99\xff\xc8<\x0c<-GcT\xec9\x94w\x15\xc0\
\x8d\x81\xf4;\xfe\x93\xf8\x03sdN\xc8[]I\xa4\
\xdd\xfd\xce\x22\xbe\xbfO'_\xcd\xd0\x1e9\x9cL|\
[\x8d\xcc\xe7\xf3VWu3\x1fx\x80\xf8\x03\xb3\x9b\
'H\xdbjJ\xcag\x0e\xe5]\xa2\xee%kH_\
\x05-\xddN\xa4\xb2F\xb7W7\x0f\x02\xebd\xad\xb1\
j\xe5m\xc4\x1f\x94#\xf3\x95\xac\xb5\x954\x0f8\x93\
\xf8\xbe\xdeo\x8e\xa9\xbaa29\x81\xf8\xb6\x1a\x99\xb7\
\xe4\xad\xae\xea\xe4\x02\xe2\x0f\xc8n\x9e\x00\xb6\xce[]\
\xa9\xd5\xea~\xe6?2\x8f\x03\x8b\xaam\x9e,\xb6\xa7\
\xac\xab\x00\xe7\xe5\xad\xae\xeab{\xcazH\xe5\xa4\xbc\
\xd5\x95Z\xadI\x93\x7f7\x7fYi\x0b\xe5s*\xf1\
m52u\xb8}\xa2\xcc>C\xfc\x8182\xcf\xcf\
[]\xa9\xb5\xe6\x02\xdf!\xbe\x8fW\x9d3\xabl\xa4\
\x8c^H|[\x8d\xcc\xa7\xf2VW\xa5\x9bC\xdac\
;\xfa@\xec\xe6\x82\xbc\xd5\x95Zk\x0ep\x1a\xf1}\
<G\x1e\x1d\xae_\x1d\x5cL|{us\x1fiQ\
\xa8\x96z=\xf1\x07\xe1\xc8\xbc:ou\xa5V\xaa\xe3\
{\xfe\xbd\xe6\x05\x95\xb5V^\x07\x12\xdfV#s`\
\xde\xea\xaad\xdf\x22\xfe\x00\xec\xe6\x17\xc0\xcc\xbc\xd5\x95\
Zg\x0ee\xf5\xf3\x5c\xf9\xab\xaa\x1a,\xb3\x99\xc0M\
\xc4\xb7W7\xdf\xcc[]\x95j}\xd2\x13\xb4\xd1\x07\
`7\xef\xca[]\xa9u\xda2\xf9w\x80OV\xd4\
f\x83\xf07\xc4\xb7W7\x8f\x93\xe6\x02\xb5\xcc[\x89\
?\xf8\xbaY\x0e,\xc8[]\xa9U\xda4\xf9w\x80\
\xe3\xabi\xb6\x81X\x87t\xff=\xba\xcd\xbayS\xde\
\xea\x96kFt\x01\x02\x95t\xef\xe7\x8b\xc0c\xd1\x85\
\x90\x1ab\x0e\xf0u\xe0O\xa2\x0b2@u\xd8\x0b\xa0\
k\x05em`\xf4\xda\xe8\x02h\xb06\x00V\x12\xbf\
\xf2\xec\x90\xf6 \xd86ou\xa5\xd6h\xf2\xd3\xfe\x13\
\xa5n\x1b\xdblG9\xfb\xaf\xac$\xcd\x09\xad\xd3\xd6\
+\x00\xaf\xa6\x9c\xd7f~\x00\xfc<\xba\x10R\x03\xcc\
!m\xa4\xf5\x8a\xe8\x82\x04X\x19]\x80\x1e\xdd@9\
\xaf=\xcf\xa1]W\x8b~\xab\xad\x0b\x80\x92.\xf9\xfc\
Ot\x01\xa4\x06\xe8^\xf6\x7fetA\x82<\x1e]\
\x80i(i\xec+iNPF\x1b\x03\xab\x89\xbf\xec\
\xd4!=\x083/ou\xa5\xc6\x9b\x0d\x9cB|\x7f\
\x8e\xcc\x17\xfan\xc5\xc1\x9b\x0f\xdcO|\xdbu\x80U\
\xc0Fy\xab[\x9e6^\x01x\x0d0+\xba\x10\xc3\
\x8e\x05~\x13]\x08\xa9\xc6f\x93.\xfb\xffitA\
\x82\xdd\x1c]\x80ix\x1c8.\xba\x10\xc3f\xe31\
\xd4\x0a%\xed\x05\xbeS\xe6\xbaJM\xe6\x99\xff\x93\xa9\
\xeb\xe4\xb5\x0b\xf1m\xd7\xcd\xe9\x99\xeb\xaa`\xf3I\xaf\
\xa0D\x1fh\x1d\xe0\xc2\xccu\x95\x9a\xcc\xc9\xff\xa9\xd9\
\xac\xbf\xe6\x0cu\x09\xf1\xed\xd7!}S\xa1U\xdf\x06\
h\xdb-\x80\xbdI\x8b\x80\x12|%\xba\x00RM\xcd\
\x06N\xa4\xbeg\xbdU\xbb\x11\xb8;\xba\x10}\xf8j\
t\x01\x86- }\xb1\xb05\xda\xb6\x00xYt\x01\
\x86\xad!\x9d\xbdH\xea\xcdL\xd2\xe2\xf9U\xd1\x05)\
H\xdd\xc7\x92\xaf\x93\xc6\xc4\x12\xbc<\xba\x00\xca\xe7\xe7\
\xc4_f\xea\x00g\xe7\xae\xa8\xd4@\xb3I\x1fo\x89\
\xee\xbf\xa5\xe5y\xfd4j!~@|;v\x80k\
3\xd7SA\xb6\x22\xfe\xe0\xea\xa6._\xee\x92J1\
\x93\xb4\xdf}t\xdf--W\x03C}\xb4k)\xfe\
\x9a\xf8\xb6\xecf\xcb\xccuU\x80\xf7\x10\x7f`uh\
\xe9\xfb\xa6R\x1ff\x92^\x17\x8b\xee\xbb%\xe6m\xd3\
o\xd6\xa2,\xa6\x9c\xfdY\xde\x91\xb9\xae\x0ap\x06\xf1\
\x07V\x87\xf4\x1a\xa2\xa4\xa9\x99E\xbaG\x1c\xddoK\
\xcc/i\xd6S\xeb\xe7\x10\xdf\xa6\x1d\xea\xffL\x85F\
\x99G\xfa\xda^\xf4\x81\xd5\xa19+v)\xb7\x99\xc0\
\xd7\x88\xef\xb3\xa5\xa6\xa4/\x9aV\xe1\xed\xc4\xb7i\x07\
x\x84f-\xacZ\xef\x00\xe2\x0f\xaa\x0e-\xfe\xea\x94\
\xd4\xa3Y\xa4W\xfd\xa2\xfbl\xa99\x97f\xdc\xfb\x1f\
i#\xd2-\xd2\xe8\xb6\xed\x00/\xc9\x5c\xd7\x22\xb4\xe5\
5\xc0\xbd\xa3\x0b0\xec<\xe0\x81\xe8BH\x85\x9b\x09\
|\x19?\xd02\x9e\x87\x80?'MTM\xb2\x1c\xb8\
(\xba\x10\xc3\xf6\x8e.\xc0 \xb4e\x01\xb0gt\x01\
\x86\x9d\x15]\x00\xa9p\xb3H\x0f\xfc\xbd1\xba \x85\
\xea\x90\xde\x22\xba5\xba \x99\x942F\x962g\xa8\
O\xb3)\xe7\xfe\xff\x8e\x99\xeb*\xd5\xd9L\xd2\xaep\
\xd1\xfd\xb4\xe4\xfc\xd3\xb4[\xb7\x1eJ\xf96\xc0\xa3\x94\
\xf3\xd18\xf5\xe1y\xc4\x1fL\x1d\x9a\xbbb\x97\xaa0\
\x0b\xdf\xf3\x9f,u\xfc\xe4o\xaf\x86\x80\xdb\x89o\xeb\
\x0e\xf0\x9c\xccu\x0d\xd7\x86[\x00\xa5\x5c\xca\xf1\xf5?\
il3\x81c\x80\xd7G\x17\xa4`G\x936\xcbi\
\xba\x0e\xf0\xdd\xe8B\x0c\xdb+\xba\x00\xb9\xb9\x00\x18\x9c\
R\xeemI%\x99\x09\xfc/\xf0\xe6\xe0r\x94\xech\
\xd2+rk\xa3\x0b2 \xa5\x8c\x95\xa5\xcc\x1d\xea\xc3\
\x9d\xc4_JZ\x05,\xcc]Q\xa9ff\x02\xc7\x12\
\xdf?K\xce\x97h\xc7\x89\xdaH\x0b)\xe3u\xc0;\
rWTy=\x93\xf8\x83\xa8\x03|/wE\xa5\x9a\
q\xf2\x9f<G\xd3\xbe\xc9\xbf\xeb|\xe2\xdb\xbfC\xc3\
\xbf\x0b\xd0\xf4\x83k\x8f\xe8\x02\x0cs\x01 =\xa9{\
\xcf\xdf\xcb\xfe\xe3;\x86\xf4\xba_[.\xfb\x8fvn\
t\x01\x865\xfa9\x00\x17\x00\x83Q\xca\xe6\x16R\xb4\
\xee\xe4\xff\x96\xe8\x82\x14\xac\xed\x93?\xc0\x85\xd1\x05\x18\
V\xca\x1c\xa2i\xb8\x84\xf8KH\xab\x81usWT\
\xaa\x81\x99\xc0W\x88\xef\x93%\xe7\x18\x9a\x7fb6\x15\
\xebR\xc6\xd7\x01=y\xab\xa9\x19\xa4\xcd\x1c\xa2\x0f\xa0\
KsWT\xaa\x81\xee\xf6\xbe\xd1\xfd\xb1\xe4\x1c\x83\x93\
\xffH?!\xfe7y\x98\xe6}s\xe1\xb7\x9a|\xb0\
=\x13X\x10]\x08\x5cAJ3H\x0f\xb4\x1d\x14]\
\x90\x82\x9d\x80\x97\xfdG\xbb \xba\x00\xc0z\xc0V\xd1\
\x85\xc8\xa5\xc9\x0b\x80\xa5\xd1\x05\x18V\xca\xbd,)\x82\
\x93\xff\xe4N =\x10\xb9&\xba \x85)e\xec|\
Vt\x01ri\xf2\x02\xa0\x94\x1f\xed\xe2\xe8\x02HA\
\xba\x93\xff[\xa3\x0bR0'\xff\xf1\x9d\x1f]\x80a\
\xa5\x9cL\xaa\x07'\x13\x7f\xff\xe8\xe6\xec\xb5\x94\xca4\
\x83\xb4\xc3_t\x1f,9\xc7\xe3\x07g&s+\xf1\
\xbf\xd3I\xd9k\xa9\xca\xddH\xfc\x81s|\xf6ZJ\
\xe5q\xf2\x9f<'\xe0\xe4?\x15'\x12\xff[]\x9f\
\xbd\x96A\x9az\x0b`\x01\xf0\x8c\xe8B\x00WF\x17\
@\x1a\xb0!\xe0?\xf1\xb2\xffDN$]\xf6\x7f\x22\
\xba 5pUt\x01\x80m\x80u\xa2\x0b\x91CS\
\x17\x00\xcf\xa2\x8c\xba\x95p\xf0J\x832\x04\xfc\x17\xf0\
\x8e\xe8\x82\x14\xcc\xc9\xbf7WG\x17\x80\xf4\x0a\xeb\x0e\
\xd1\x85\xc8\xa1\x84I2\x87\x9d\xa3\x0b0\xec\x9a\xe8\x02\
H\x03\xd2=\xf3w\xf2\x1f\xdfI8\xf9\xf7\xaa\x94\x93\
\xa8R\x1e*\xafTS\x17\x00\xdbD\x17\x00x\x10\xb8\
-\xba\x10\xd2\x00t'\xffwF\x17\xa4`'\x01o\
\xc2\xc9\xbfW\xbf\x22\x8d\xa5\xd1\xb6\x8e.@\x0eM]\
\x00\x94\xb0q\xc3\x95\xa4\x07H\xa4&s\xf2\x9f\x9c\x93\
\xff\xf4u\x80k\xa3\x0bA\x19sJ\xe5\x9a\xba\x00X\
\x12]\x00\xca\xb8w%\xe54\x04\xfc\x07N\xfe\x13q\
\xf2\xef_\x09\xb7\x01\x5c\x00\xd4\xc8\x92\xe8\x02\xe0\x02@\
\xcd\xd6\x9d\xfc\xff:\xba \x05s\xf2\xafF\x09c\xe9\
\x92\xe8\x02hj\x16\x10\xff\xdeh\x07xA\xee\x8aJ\
A\xba\x93\x7ft\x1f+9'\xe1{\xfeU\xd9\x8b\xf8\
\xdfs-0?wE\xd5\xbf\x9d\x89?X:\xc0F\
\xb9+*\x05p\xf2\x9f<N\xfe\xd5\xda\x94\xf8\xdf\xb4\
\x03l\x9f\xbb\xa2\xea\xdf\x1f\x13\x7f\xa0<\x9c\xbd\x96\xd2\
\xe09\xf9O\x1e'\xff\xea\x0d\x01\x8f\x11\xff\xdb\xbe,\
wE\x07\xad\x89\xcf\x00\x94\xf0\xb0\xc6-\xd1\x05\x90*\
6\x04\xfc;\xf0\xae\xe8\x82\x14\xec\x1b\xc0\x1b\xf1\x9e\x7f\
\xd5:\xa4\xd7\x01\xa3\x950\xb7T\xaa\x89\x0b\x80-\xa3\
\x0b\x80\x0b\x005\xcb\x10\xf0y\x9c\xfc'\xf2\x0d\xe0\x0d\
8\xf9\xe7rst\x01h\xe0\x83\x80M\x5c\x00\x94\xb0\
J+\xe1`\x95\xaa\xd0\x9d\xfc\xdf\x1d]\x90\x829\xf9\
\xe7wKt\x01(cn\xa9T\x13\x17\x00[D\x17\
\x802\x0eV\xa9_N\xfe\x93s\xf2\x1f\x8c\x12N\xaa\
\x9e\x16]\x80\xaa5q\x01\xb0qt\x01p\x01\xa0\xfa\
\x1b\x02>\x87\x93\xffD\xbe\x89\xf7\xfc\x07\xe5\x96\xe8\x02\
\xe0\x9b]\xb5\xf0\x00\xf1O\x8b\xee\x9a\xbd\x96R>\xdd\
3\xff\xe8~Tr\xbe\x01\xcc\x9en\x03\xabg\xbb\x11\
\xff\x9b\xdf\x97\xbd\x96\xea\xcb,\xd2\x86\x0d\xd1\x07\x8a+\
E\xd5\x95\x93\xff\xe4q\xf2\x1f\xbc\xc5\xc4\xff\xeekH\
\x9f\x06V\xa1J\xd80b5i\x10\x95\xea\xa6{\xd9\
?\xba\x0f\x95\x9co\xe2\xe4\x1fa\x06\xe9VK\xf4\xef\
_\xc2-f\x8dcG\xe2\x0f\x90_g\xaf\xa5T=\
'\xff\xc9\xe3\xe4\x1f\xeb>\xe2\x8f\x81\xed\xb2\xd7r\x80\
\x9a\xf6\x10`\x09\xab3\xef\x13\xa9n\x86\x80\xa3\x80\xf7\
F\x17\xa4`'\x03\xaf']\xe1S\x8c\x12\xc6\xd6\x12\
\xe6\x98\xca4m\x01P\xc2\xbd\xf7\xe5\xd1\x05\x90z0\
\x04|\x16'\xff\x898\xf9\x97\xa1\x84\xb1\xb5\x849\xa6\
2M[\x00\x94\xb0:+a\x95*MEw\xf2\xff\
\x9b\xe8\x82\x14\xec\x0c\xd2\xab~N\xfe\xf1J\x18[K\
\x98c*\xd3\xb4\x05@\x09\xab\xb3\x12V\xa9\xd2d\x86\
\x80\xcf\xe0\xe4?\x913\x80\xd7\x00+\xa3\x0b\x22\xa0\x8c\
\xb1\xb5\x849\xa62M[\x00,\x8a.\x00p\x7ft\
\x01\xa4)\xf88pHt!\x0a\xf6\x1d\x9c\xfcKS\
\xc2\x02`\x83\xe8\x02T\xa9i\x0b\x80y\xd1\x05\x00\xee\
\x8d.\x804\x89#\x80\xc3\xa2\x0bQ\xb0\xef\x00\xaf\xc6\
\xc9\xbf4%\xdc\x02(a\x8e\xa9L\xd3\x16\x00s\xa2\
\x0b\x00<\x12]\x00i\x02\x1f\xc7\xc9\x7f\x22N\xfe\xe5\
z(\xba\x00\xc0\xdc\xe8\x02TiVt\x01*V\xc2\
\x8f\xe3\xc01}[\x02\xbfO\xba\x95\xd3]i\xaf\x01\
\xee&\xed\x05~\x17\xe9]\x5cM\xcf\x91\xc0\xa1\xd1\x85\
(\xd8i\xc0\x81\xc0\xaa\xe8\x82hL%\xfc.%\x9c\
dV\xa6i\x0b\x80\x12~\x1c\x17\x00S3\x13x\x11\
\xb0/\xf0\x12`)\xb0\xee$\xff\x9dG\x80\xcb\x80\x8b\
\x80\xd3\x87\xffvA05\x9f\xc2\xc9\x7f\x22N\xfe\xe5\
+\xe1\xb7)a\x8e\xd18N\x22~\xa7\xa8\xd7d\xaf\
e\xbd=\x03\xf8$p\x07\xfd\xb7\xf5\xad\xc0G\x80\xcd\
\x07Z\x83\xfa\xf9\x14\xf1\xfd\xa2\xe4\x9c\x86\x03{\x1d\x1c\
H\xfc\xb1rB\xf6Zj\xdaN%\xfe\x00yE\xf6\
Z\xd6\xd3v\xc0\xd7H\xefSW\xdd\xe6+\x81/\x02\
[\x0c\xac6\xf5\xf1I\xe2\xfbD\xc9q\xf2\xaf\x8fW\
\x12\x7f\xbc\x9c\x9c\xbd\x96\x9a\xb6\xef\x10\x7f\x80\x1c\x90\xbd\
\x96\xf5\xb2\x0e\xf01\xd2$\x9d\xbb\xed\x1f\x05\xfe\x99\xe6\
\xdd\xda\x9a\xaeO\x10\xdf\x1fJ\xce\xe98\xf9\xd7\xc9\xcb\
\x88?f\xce\xc8^KM\xdb\xb9\xc4\x1f {\xe7\xae\
d\x8d,\x05\xaeg\xf0\xbf\xc1%4\xec\xa3\x1d\xd3\xe0\
\xe4?qN\xa7\x8c\x87\x865u\xfb\x10\x7f\xdc,\xcb\
^KM\xdb\xf9\xc4\x1f {d\xafe=\xbc\x05X\
A\xdc\xef\xf0\x10\xf0\xd2\xec\xb5,\xd3\xbf\x11\xdf\x0fJ\
\xce\xb7q\xf2\xaf\xa3=\x89?v\xce\xcb^KM\xdb\
%\xc4\x1f \xbbg\xafe\xf9\xde\x0f\xac%\xfe\xb7X\
\x0d\x1c\x9c\xb9\xae\xa59\x82\xf8v/9N\xfe\xf5\xb5\
;\xf1\xc7\xcf%\xd9k\xa9is\x01\x10\xef\x1f\x89\xff\
\x0dFf-\xf0\xae\xac5.\xc7\xc7\x89o\xef\x92s\
\x06N\xfeu\xe6\x02@\x13\xf2\x16@\xac\xb7P\xc6\x99\
\xff\xe8\xac\xa5\xf9\x9f\xbb\xfdW\xe2\xdb\xb9\xe4\x9cI\xc3\
\xb6qm!o\x01T\xaciOK\xbbQD\x9c\xbd\
\x80\xa3I_\x99+\xcd\x10p\x14\xa9\x03\xff{pY\
r\xf8\x18\xf0\x0f\xd1\x85(\xd8\x99\xc0\xabp\x93\xae\xba\
+\xe1\xeaM\xa3\x8e\xa1\xa6}\x0b\xa0\x84\x1f\xa7\x84\x83\
t\xd06\x00\xbeJ\xd9\x0b\xca!\xe0s4\xef\xf3\xb7\
\x1f\xc5\xc9\x7f\x22\xdf\xc5\xbd\xfd\x9b\xa2\x84\x93\xab\x12N\
2+\xd3\xb4\x05@\x09?N\x09\x07\xe9\xa0}\x96\xb4\
\x8f\x7f\xe9\x86Hem\xca\xed\x80\x7f%\xed{\xa0\xb1\
\x9d\x05\xfc)\xf0\x9b\xe8\x82\xa8\x12%\x9c\x5c5j!\
\xe9\x02\xa0zm[\x00\xecI\xba\xf7_\x17\xdd\xdb\x01\
\x87D\x17\xa4O\x1f\x01\xfe)\xba\x10\x05;\x9bt\xd9\
\xdf\xc9\xbf9J\x18[K\x98c*\xd3\xb4\x05@\x09\
\xab\xb3\x12V\xa9\x83\xf4i\xca\xbc\xef?\x91!\xe03\
\xd4w\x11\xf0Q\xe0C\xd1\x85(\xd8Y\xa4mc\x9d\
\xfc\x9b\xa5\x84\xb1\xb5\x849\xa62M[\x00\x94\xb0:\
+a\x95:(\xfb\x02\xcf\x8d.\xc44uo\x07|\
0\xba =\xfa\x08^\xf6\x9f\xc8\xd9\xa4{\xfeN\xfe\
\xcdS\xc2\xd8Z\xc2\x1cS\x99\xa6-\x00JX\x9d\x95\
\xb0J\x1d\x94\xbf\x8b.@\x05>\x06\xbc/\xba\x10S\
\xf4\x11<\xf3\x9f\xc8\xd9\xa43\xff\xc7\xa3\x0b\xa2,J\
\x18[]\x00\x14\xac\x84\x1fgat\x01\x06ds\x9a\
\xf1\xe1\xa3\xee\xed\x80\xd2\xaf\x04\xfc\x0bN\xfe\x13Y\x86\
\x0f\xfc5\xdd\xa2\xe8\x02P\xc6Ife\x9a\xb6\x00(\
\xa1\xf3o\x14]\x80\x01y=03\xba\x10\x15\xfa8\
pht!\xc6q8\xf0\x7f\xa2\x0bQ\xb0ex\xe6\
\xdf\x06\x1bF\x17\x802\xe6\x98\xca4m\x01\xf0@t\
\x01h\xcf\x02\xe0e\xd1\x05\xc8\xe0H\xca{\xa7\xfep\
\xe0\xc3\xd1\x85(\x98\x93\x7f{l\x1c]\x00\xe0\xfe\xe8\
\x02T\xa9i\x0b\x80\xfb\xa2\x0b@\x19\x07in\xb3I\
\xaf\xff5\xd1\xc7H\xdf3(\xc1\xe18\xf9O\xc4\xc9\
\xbf]J\x18[K\x98c*\xd3\xb4\x05\xc0\xf2\xe8\x02\
\xd0\x8e+\x00;\x01\x0b\xa2\x0b\x91\xd1\xff%}\xd10\
\xd2\x87q\xf2\x9f\xc898\xf9\xb7M\x09ck\x09s\
Le\x9a\xb6\x00(auV\xc2*5\xb7\x1d\xa2\x0b\
0\x00\x9f$\xeeJ\xc0a\xa4\xb3\x7f\x8d\xed<\xd2\x03\
\x7fN\xfe\xedR\xc2\xd8Z\xc2\x1cS\x99\xa6-\x00J\
X\x9d\x95\xb0J\xcdm\xeb\xe8\x02\x0c\xc8\xff\x05>0\
\xe0\xff\xcf\x0f\x01G\x0c\xf8\xff\xb3N\xce%=\x7f\xf2\
XtA4p%\x8c\xad%\xcc1\x1a\xc7b\xe2?\
\x17\xf9\x04\xcd[X\x8d\xf6\x19\xe2\xdby\x90\x19\xd4\x96\
\xbb\x7f?\xc0:\xd51?\x04\xd6\x9dv\xeb\xaa\xcef\
\x02k\x88?\x06Kx\x13A\xe3\x98E\x19\x07I\x09\
+\xd5\x9c\x8e&\xbe\x8d\x07\x9d\xc3*i\xb9\xf1\xfds\
\x01u,9\xe7\x02\xebL\xbbuUw%\x9c\xdc\xad\
\xa1a'w\x8d\xaa\x0c\xe9\xec\xfb\xa1\xe8B\x00\xbf\x1f\
]\x00U\xee\x08\xf2m\xc1\xfb\x01\xd2\xfe\xfe\x1a\xdb\xf9\
\xa4\x07\xfeVD\x17Da\xb6\x8c.\x00\xe9\x15\xc0\xb5\
\xd1\x85\xa8R\xd3\x16\x00P\xc6C\x1aK\xa2\x0b\x90Y\
\xa3v\xc3\xea\xc1G\xa9~\x11\xf0\x01\xe0\x13\x15\xffo\
6\xc9\xf9\xc0\x1f\x02\x8fF\x17D\xa1\x96D\x17\x802\
\xe6\x96J5q\x01P\xc2C\x1a[E\x17 \xb3\x12\
\xae\xb2D\xf9(\xd5m\x16\xf4\x0f8\xf9O\xe4\xfb\xa4\
\x07\xfe\x9c\xfc\xb5$\xba\x004l\x13 h\xe6\x02\xe0\
\x8e\xe8\x02P\xc6\xc1\x9a\xd3\xaf\xa2\x0b\x10\xecc\xf4\xbf\
/\xff\xfb\x87\xffw4\xb6\x0b\x80?\xc1\xcb\xfeJJ\
8\xa9\xba=\xba\x00Uk\xe2\x02\xe0\x96\xe8\x02\xd0\xfc\
\x05\xc0/\xa2\x0bP\x80\x8f0\xfd\xb7\x03>H\xdag\
@c\xfb\x01\x9e\xf9\xeb\xa9JX\x00\xdc\x12]\x80\xaa\
\xb9\x00\xc8cIt\x012\xbb\x82\xf4Tl\xdb\xfd+\
\xbd\x7f\xa4\xe7\xefH\x1f\x1e\xd2\xd8.\x00^\x81\xef\xf9\
\xeb\xa9\x96D\x17\x802\xe6\x16M\xe2\x8f\x89\x7f]\xe4\
\x91\xec\xb5\x8cw\x03\xf1\xed\x5cJ\xa6\xba\x08\xf8\xbb\x02\
\xcaZr\xce\xc7\xf7\xfc\xf5\xbb\x86H\x0b\xc2\xe8\xe3\xb3\
\x89\x1f@k\x9c\x9d\x88?P:\x94\xb1meN\x9f\
'\xbe\x8dK\xca\x87'i/'\xff\x89s>\xb0\xde\
$m\xa8v\xda\x8c\xf8\xe3\xb3\x03l\x97\xbb\xa2\xea\xdf\
\x02\xe2\x0f\x94\x0e\xb0G\xee\x8a\x06\xdb\x9b\xf86.-\
\x1f\x1e\xa7\xad\x0e-\xa0l%\xe7\x02\x9c\xfc5\xbe\x17\
\x12\x7f\x8c\xae\x05\xe6\xe7\xae\xa8\xaaq\x0f\xf1\x07\xcc;\
\xb2\xd72\xd6L\xe0V\xe2\xdb\xb9\xb4|xT;\xbd\
\xbf\x802\x95\x9c\xf3\xf0\xb2\xbf&\xf6n\xe2\x8f\xd3;\
\xb3\xd72@\x13\x1f\x02\x842\x1e\xd6xVt\x012\
[\x03\xfcgt!\x0at8O~\xcc\xe7o\xf1i\
\xff\x89\xb9P]J\x00\x00\x16\x9cIDAT\x5c\x08\
\xfc\x11>\xed\xaf\x89\x950\x96\xde\x1c]\x00M\xdd\x89\
\xc4\xaf\x18\xcf\xcb^\xcbx\x1b\x91\x1ex\x8cn\xeb\x12\
\xf3\xdd\x02\xcaPr<\xf3\xd7T]D\xfc\xf1\xfa\xb5\
\xec\xb5\x0c\xe0\x15\x80|\x96\x92\x9e^m\xb2\xe5\xb8\x93\
\xddx\x0e\x88.@\xc1<\xf3\xd7T\x0d\x91\x1e\xec\x8e\
vst\x01rh\xea\x02\xe0\xc6\xe8\x02\x00\x0b\x81\xdf\
\x8b.\xc4\x00\x1c\x09\xdc\x16]\x08\xd5\xc6\x85\xc0\xcbi\
\xc7\xab\xb2\xea\xdf\x12`\xfd\xe8B\x007E\x17 \x87\
\xa6.\x00\xae\x8a.\xc0\xb0\xa5\xd1\x05\x18\x80\x15\xc0_\
\x90.\x93I\x13\xb9\x08'\x7f\xf5\xa6\x941\xb4\x949\
\xa5RM]\x00\x5cK\x19\x9fm,\xe5\xe0\xcd\xed\x1c\
\xe0?\xa2\x0b\xa1\xa2]H\xdaH\xc5\xc9_\xbd(a\
\x0c]\x03\x5c\x1f]\x88\x1c\x9a\xba\x00x\x8c2\xf6\xab\
/\xe1\xe0\x1d\x94C\x81\xefE\x17BE\xf2\xcc_\xd3\
U\xc2\x1b\x007\x02\x8fG\x17\x22\x87\xa6.\x00\xa0\x8c\
K6\xcf\x8f.\xc0\x00\xad\x06\x0e$m\x11,u]\
\x84g\xfe\x9a\xbe\x12\xc6\xd0+\xa3\x0b\x90K\x93\x17\x00\
WG\x17\x00\xd8\x12xzt!\x06\xe8~\xd2\x0e\x81\
\xd7\x05\x97Ce\xb8\x18\xcf\xfc5}[R\xc6\x83\xd4\
%\xcc%Y4y\x01P\xc2\x15\x00h\xfe\x96\xc0\xa3\
\xdd\x0d\xec\x83\x8b\x80\xb6\xbb\x98t\xe6\xffptAT\
[{F\x17`\x98\x0b\x80\x1a*\xe5G+\xe5 \x1e\
\xa4_\xe3\x22\xa0\xcd\x9c\xfcU\x85R\xc6\xceRN&\
\xd5\x83\x19\x94\xb1K\xdd\xe5\xb9+Z\xb0MIod\
D\xff\x06f\xb0\xc7\xfb\x06H\xfd\xfb)\xf1\xc7\xf3\xc3\
4\x7fC\xb7\xc6\xba\x98\xf8\x03h5\xed\xde\xf2\xd4E\
@{\xe2\xe4\xaf\xaa\xac\x0f<A\xfc1}A\xee\x8a\
Fj\xf2-\x00\x80\x9fD\x17\x00\x98\x05</\xba\x10\
\x81\xbc\x1d\xd0\x0eW\x00\xfb\x03\x0fD\x17D\x8d\xf0|\
\xd2\x17G\xa3\xfd4\xba\x0095}\x01pQt\x01\
\x86\xb5\xedA\xc0\xd1\xba\x8b\x80k\xa3\x0b\xa2,\x9c\xfc\
U\xb5R\xee\xff\x972\x87h\x1a\xb6\x22\xfe\x12R\x07\
\xf8A\xe6z\xd6\xc5\xa6\xc05\xc4\xff\x1e\xa6\xba\x5c\x81\
\x97\xfdU\xbd\x0b\x89?\xb6;\x94\xf1\x1a\xa2\xfap;\
\xf1\x07\xd1j\xd2\xc7\x81\xe4\x22\xa0I\xb9\x02\xd8\x10\xa9\
Z\x1b\x90\xc6\xcc\xe8\xe3\xfb\xf6\xdc\x15\x8d\xd6\xf4[\x00\
\x90\x1e\x04\x8c6\x8bt\x09\x5c\xde\x0eh\x8a\x1f\x93.\
\xfb\xdf\x1f]\x105\xce\xfe\xa413\xda\xf9\xd1\x05\xc8\
\xad\x0d\x0b\x80\x0b\xa3\x0b0\xec\xe5\xd1\x05(\xc8=\xb8\
\x08\xa83'\x7f\xe5T\xcaXY\xca\xdc\xa1>\xfc\x01\
\xf1\x97\x92:\xc0m\xb9+ZC\x9b\x906l\x8a\xfe\
m\xcc\xd4\xf3c\xbc\xec\xaf|\x86\x80;\x88?\xce;\
\xc0\xae\x99\xeb\xaa\x01\x98E\x19\x1b\x02u\x80\x9d2\xd7\
\xb5\x8e\x5c\x04\xd4'N\xfe\xcamW\xe2\x8f\xf3\x0ei\
\x03\xa0\x12^C\xcc\xaa\x0d\xb7\x00\x9e\xa0\x9c\xdd\xf8J\
\xb9\xb4U\x92{\x80}I\x0f\x06\xaa\x5c?\x01\xf6\xc3\
\xcb\xfe\xca\xab\x941\xf2b`Mt!rk\xc3\x02\
\x00\xca\xb9\x97S\xca\xc1]\x1a\x17\x01es\xf2\xd7\xa0\
\x942F\x962g\xa8\x02\xfb\x13\x7fI\xa9\x03\xac\xc4\
K\xa8\x13\xd9\x84\xf4\xe1\x8d\xe8\xdf\xc9<\x99\x1f\x03\x1b\
M\xf4\xa3I\x15\xd9\x982^\xff\xeb\x90>k\xae\x86\
\x98K9\xcf\x01\xfcE\xe6\xba\xd6\xddb\x5c\x04\x94\x92\
\x9f\xe0\xe4\xaf\xc1y'\xf1\xc7|\x87t\xff\x7fv\xe6\
\xba\x16\xa1-\xb7\x00VR\xcen|\xaf\x8b.@\xe1\
\xee%\xdd\x0e(\xe5s\xcem\xf5S\xd2e\xff\xe5\xd1\
\x05Qk\xbc6\xba\x00\xc3\xce!]\x89P\x83\xbc\x9b\
\xf8\x95e\x87t`m\x92\xb9\xaeM\xe0\x95\x80\xb8x\
\xe6\xafA\xdb\x8c2\xbe\xfe\xd7\x01\x0e\xce\x5cW\x05(\
\xe5\xbb\x00\x1e`S\xe7\x22`\xf0q\xf2W\x84\xf7\x10\
\x7f\xecw\xb3e\xe6\xba*\xc8\x0d\xc4\x1f\x5c\x1d\xd2%\
&M\x8d\x8b\x80\xc1\xc5\xc9_Q\xce#\xfe\xf8\xef\xe0\
\x9bH\x8d\xf6Y\xe2\x0f\xb0\x0e\xe9R\xd7\xa6\x99\xeb\xda\
$\x8b\x81+\x89\xff\xdd\x9a\x1c'\x7fE\xd9\x9c\xf4\xce\
}t\x1f\xe8\x00\x9f\xcc\x5c\xd7\xa2\xb4\xe5!\xc0\xae3\
\xa3\x0b0l&\xf0\x9a\xe8B\xd4\xc8\xbd\xa4\x07\xd2\xae\
\x8a.HC]\x89\x0f\xfc)\xce\xeb(g.:+\
\xba\x00\xcag\x1e\xf0\x18\xf1\xab\xcc\x0epQ\xe6\xba6\
\xd1\x06\xa4]\x1d\xa3\x7f\xbb&\xe5\xa7\xa4\xf7\xaf\xa5(\
\x97\x11\xdf\x0f:\xa4W\xc5\xe7f\xae\xab\x82\x9dA\xfc\
\x81\xd6\xcd\xce\x99\xeb\xdaD.\x02\xaa\x8b\x93\xbf\xa2\x95\
\xb2\xf7\x7f\x078-s]\x8bS\xcae\x97A:%\
\xba\x00#\xfcUt\x01j\xe8\x01\xd2\xce\x8eWD\x17\
\xa4\xe6\xba\x97\xfd\xef\x8b.\x88Z\xed\xed\xd1\x05\x18\xe1\
\xe4\xe8\x02(\xbf\x0dH\x1b\x03E\xaf6;\xa4\xc9l\
~\xde\xea6\xd6\x06\x94s\xe9\xb0n\xf1\xcc_%\x98\
O\xfa\xbeDt\x7f\xe8\x00\xabp\x9b\xf6\xd68\x93\xf8\
\x03\xae\x9b7f\xaek\x93\xb9\x08\xe8=W\xe2\xe4\xaf\
2\xbc\x95\xf8\xfe\xd0\xcd\xe9\x99\xeb\xaa\x82\xbc\x8d\xf8\x03\
\xae\x9b\xef\xe7\xadj\xe3-\xc2E\xc0T\xe3\xe4\xaf\x92\
\x9cO|\x9f\xe8\xe6\xcd\x99\xeb\xaa\x82,\x02~C\xfc\
A\xd7\xcd\xf6y\xab\xdbx.\x02&\xcfu\xa4\xedV\
\xa5\x12l\x07\xac%\xbe_tHs\xc1\xc2\xbc\xd5-\
S\x1b\x1f\x02\x04x\x10X\x16]\x88\x11\xfcB`\x7f\
\x1e$=\x18xYtA\x0au=\xb0\x0fpwt\
A\xa4ao\x07\x86\xa2\x0b1\xec,\xe0\xa1\xe8Bh\
\xb0\xdeB\xfc\xca\xb3\x9b\xfb\x81u\xf3V\xb7\x15\x16\x01\
\x97\x12\xff{\x96\x94\xeb\xf1\xcc_eY@z\xfb$\
\xbaot\xf3\x86\xbc\xd5U\x89\xd6\x03V\x10\x7f\xf0u\
\xf3\x9e\xbc\xd5m\x0d\x17\x01O\xc6\xc9_%z\x1f\xf1\
}\xa3\x9b\xc7\x81\xf5\xf3VW\xa5:\x85\xf8\x03\xb0\x9b\
_\x92\xb6\x08V\xff\x5c\x048\xf9\xabL3\x81_\x10\
\xdf?\xba\xf9z\xde\xea\xaad\xaf%\xfe\x00\x1c\x19\xbf\
\x0fP\x9d6/\x02\x9c\xfcU*\xc7\x5c\x15c\x0ep\
\x0f\xf1\x07a7\x97\xe6\xadn\xeb,\x02.!\xfew\
\x1d\xf4\xe4\xbfy\x15\x8d'e\xf0#\xe2\xfbH7\xf7\
\xe2\xde\xff\xad\xf7i\xe2\x0f\xc4\x91\xd9#ou[\xa7\
M\x8b\x00'\x7f\x95lo\xe2\xfb\xc8\xc8|\x22km\
U\x0b\xdbS\xce\xfb\xa8\x1d\xe0\x9by\xab\xdbJ\x0bi\
\xfe\x22\xe0g8\xf9\xabl\xa7\x13\xdfOFf\x87\xbc\
\xd5U]\x94\xb4#\xd5\x13\xc0\xb6y\xab\xdbJM^\
\x048\xf9\xabt;\x02k\x88\xef+\xdd\xfc0ou\
U'o%\xfe\x80\x1c\x99\xaf\xe6\xadnk-\xa4\xac\
{\x90N\xfej\x8b\x93\x88\xef+#\xe3\xd6\xbf\xfa\xad\
\x92\xbeJ\xd5!\xad\x94\x97f\xadq{5i\x11\xe0\
\xe4\xaf:\xd8\x99\xb2\xce\xfe\x1f\x00\xd6\xc9Zc\xd5\xce\
\xbf\x13\x7f`\x8e\x8c\xef\xa7\xe6\xd3\x84E\xc0\xcf\x80-\
\xaan\x18)\x83S\x89\xef/#\xf3\xb9\xbc\xd5U\x1d\
-%\xfe\xc0\x1c\x99\xb5\xc0\xaeYk\xdcnu^\x04\
8\xf9\xab.v\xa3\xac\x87\xac;8\xaej\x1c\xa5=\
$\xf6\xad\xbc\xd5m\xbd:.\x02n\xc0\xc9_\xf5\xf1\
\x1d\xe2\xfb\xcc\xc8\xfc(ouUgo$\xfe\x00\x1d\
\x9d\xe7e\xad\xb1\x16\x02\x17\x13\xff;;\xf9\xabi^\
@|\x9f\x19\x9d\xd7e\xad\xb1jm\x16\xf0+\xe2\x0f\
\xd2\x919+k\x8d\x05\xf5X\x048\xf9\xabn\xce!\
\xbe\xdf\x8c\xcc-\xa41^\x1a\xd7\xa1\xc4\x1f\xa8\xa3\xf3\
\xd2\xac5\x16\xa4/\x82\x95\xba\x08p\xf2W\xdd\xfc!\
\xf1\xfdft\x0e\xc9Zc5\xc2z\xa4\xd7D\xa2\x0f\
\xd6\x91\xb9\x0e\x98\x9d\xb3\xd2\x02\xd2\x95\x80\x8b\x88\xff\xbd\
G\xc6\x07\xfeT7\xb3\x80k\x88\xef;#s?\xb0\
n\xceJ\xab9>A\xfc\x01;:\xef\xceZcu\
-\x00\xce \xfe\xf7\xee\x00\x97\x01\x9b\xe4\xad\xaeT\xb9\
\xbf%\xbe\xef\x8c\xce\xc7\xb2\xd6X\x8d\xf24`%\xf1\
\x07\xed\xc8\xdc\x0fl\x94\xb3\xd2\xfa\xad\xd9\xc0\xff\x10\xfb\
{\x9f\x82g,\xaa\x9f\x0d\x81\xe5\xc4\x8f\x97#\xb3\x0a\
xz\xceJ\xaby\x8e%\xfe\xc0\x1d\x9d\xa3\xb2\xd6X\
\xa3\xfd\x19\x83\xbf\x1d\xb4\x1a8\x0c\x18\x1a@\xfd\xa4\xaa\
\xfd\x17\xf1\xe3\xe4\xe8\x1c\x9d\xb5\xc6j\xa4\xa5\x94\xb7\x81\
\xc5j\xd2\xb6\x9a\x1a\x9c\xa7\x01_a0\xbf\xef\x0f\xf0\
\xf7U}\xedD\x1a\xa3\xa2\xc7\xc9\xd1\xd9%g\xa5\xd5\
\x5c\xcb\x88?xG\xe7\xcc\xac5\xd6x\xf6\x01\xbeO\
\x9e\xdf\xf4r\xe0U\x83\xab\x8a\x94Ei\xaf\xfd9^\
\xaa//$\xfe\x00\x1e+\xaf\xceYiM\xe8\xf9\xc0\
\x17\xe9\xff\xd6\xc0c\xc0\xd7\x80\xfd\x07[|)\x8b\xd7\
\x11?.\x8e\x95\x17\xe4\xac\xb4\x9a\xefl\xe2\x0f\xe2\xd1\
\xb9\x13\xd8 g\xa55\xa9\xb9\xc0\xcb\x80#\x80\x0b\x99\
|A\xf00\xe9\xa9\xfe\xcf\x00\xaf\xc4\x07\xfc\xd4\x1c\x1b\
\x02w\x13?.\x8e\xce\x199+\xadv\xd8\x9d\xf2\x9e\
\x05\xe8\x00_\xc8YiM\xcbb\xe0\xd9\xc0^\xc0~\
\xc0\x8bI\x1fC\xf1\x93\xbdj\xb2c\x88\x1f\x0f\xc7\xca\
ssVZ\xed\xf1m\xe2\x0f\xe6\xd1Y\x0b\xec\x9b\xb3\
\xd2\x924\x89\x97P\xe6\x09\xd2)9+\xadvy\x0e\
e\x1e\xe4?\x07\xe6g\xac\xb7$\x8dg\x1d\xe0&\xe2\
\xc7\xc1\xb1N\x8e|\xf2_\x95:\x99\xf8\x03{\xac\xb8\
\xc3\x95\xa4\x08\x9f$~\xfc\x1b+'\xe6\xac\xb4\xdai\
'`\x0d\xf1\x07\xf7\xe8\xac&]\xa1\x90\xa4A\xd9\x85\
\xb4\xc3^\xf4\xf87:k\x80ge\xac\xb7Z\xecx\
\xe2\x0f\xf0\xb1\xf2S\xd2S\xe9\x92\x94\xdb<\xe0*\xe2\
\xc7\xbd\xb1\xf2\xd5\x8c\xf5V\xcbmG\x99;]u\x80\
#3\xd6[\x92\xba\x8e\x22~\xbc\x1b+\xab\x80m2\
\xd6[\xe2s\xc4\x1f\xe8ce-\xf0\xf2\x8c\xf5\x96\xa4\
\x03(\xf3\x81\xe8\x0e\xf0\xe9\x8c\xf5\x96\x80\xb4\x01\xcf\xbd\
\xc4\x1f\xecc\xe5\x0e`\xe3|U\x97\xd4b\x8bI\x9b\
\x90E\x8fsce9iC\x22)\xbb\xf7\x10\x7f\xc0\
\x8f\x17\xdf\x7f\x95T\xb5!\xe0[\xc4\x8fo\xe3\xe5\x9d\
\xf9\xaa.=\xd5L\xca}\x08\xa6\x03\xbc=_\xd5%\
\xb5\xd0\xbb\x89\x1f\xd7\xc6\xcb5\xc0\xac|U\x97~\xd7\
\x01\xc4\x1f\xf8\xe3\xe5Q\xd2\x03\x8b\x92\xd4\xaf\x1d\x81\x15\
\xc4\x8fk\xe3\xc5\x1dQ\x15\xe24\xe2\x0f\xfe\xf1r=\
\xb0~\xbe\xaaKj\x81u\x81k\x89\x1f\xcf\xc6\xcb\xc9\
\xf9\xaa.M\xec\x99\xc0o\x88\xef\x04\xe3\xe5\x84|U\
\x97\xd4pC\xc0I\xc4\x8fc\xe3e%\xbe\xf6\xa7`\
\x9f\x22\xbe#L\x94\xbf\xcdWuI\x0d\xf6\xf7\xc4\x8f\
_\x13\xe5\xe3\xf9\xaa.M\xcdB\xe0v\xe2;\xc3x\
YM\xfa,\xad$M\xd5>\xc0\x13\xc4\x8f_\xe3\xe5\
V`\xbdl\xb5\x97z\xf0\xc7\xc4w\x88\x89r7\xf0\
\xf4l\xb5\x97\xd4$\xbf\x07\xdcC\xfc\xb85Q^\x99\
\xad\xf6\xd24|\x9d\xf8N1Q.\xc6\xef\x05H\x9a\
\xd8\x5c\xe0\x12\xe2\xc7\xab\x89r|\xb6\xdaK\xd3\xb49\
p?\xf1\x9dc\xa2\xfcO\xb6\xdaKj\x82\xa3\x89\x1f\
\xa7&\xcar`\xd3l\xb5\x97\xfa\xf0W\xc4w\x90\xc9\
\xf2\xc1l\xb5\x97Tg\x1f\x22~|\x9a,o\xcbU\
y\xa9_C\xc02\xe2;\xc9DY\x0b\xbc9W\x03\
H\xaa\xa5\xd7Q\xeeG~\xba\xf9\x1ei\x8c\x95\x8a\xb5\
\x0de\xef\x9a\xd5!\xbd?\xfb\x92\x5c\x0d \xa9V^\
H\xd9\xfb\x99t\x80\xc7H\xfb\xaeH\xc5\xfb \xf1\x1d\
f\xb2\xdc\x07l\x9b\xab\x01$\xd5\xc2\xf6\xa4\xfb\xea\xd1\
\xe3\xd1dy\x7f\xae\x06\x90\xaa6\x0b\xb8\x9c\xf8N3\
Yn\xc4\xcf\x07Km\xb5\x09\xf0\x0b\xe2\xc7\xa1\xc9r\
)~\xecG5\xb3=\xe9\xb2Ut\xe7\x99,\x17\x02\
\xebdj\x03IeZ\x17\xf8\x11\xf1\xe3\xcfdy\x14\
\xafT\xaa\xa6\xdeI|\x07\x9aJ\x96\x01\xf32\xb5\x81\
\xa4\xb2\xcc\x01\xce$~\xdc\x99J\xfe2S\x1bH\x03\
q*\xf1\x9dh*\xf9\x160;S\x1bH*\xc3l\
\xe0t\xe2\xc7\x9b\xa9\xc4/\xfd\xa9\xf66\x06\xee$\xbe\
3M%\xdf\x00f\xe6i\x06I\xc1f\x92v\xd1\x8b\
\x1eg\xa6\x92\xdb\x81\x8d\xf24\x834X\xfbS\xfe;\
\xb6\xdd\xfc/0#K+H\x8a2\x04\xfc7\xf1\xe3\
\xcbT\xb2\x06\xd87O3H1>C|\xc7\x9aj\
>\x9f\xa9\x0d$\xc58\x92\xf8qe\xaa\xf9D\xa66\
\x90\xc2\xcc\x05\xae$\xbesM5G\xe4i\x06I\x03\
\xf6\x09\xe2\xc7\x93\xa9\xe6\xc7\xa4\x87\x14\xa5\xc6\xd9\x89z\
\xbc\x1a\xd8\xcdQ\xb8\xf5\xa6TWC\xa4\xaby\xd1\xe3\
\xc8T\xf3\x08\xb0C\x96\x96\x90\x0a\xf1\x06\xe2;Z/\
9\x167\xe1\x90\xeaf&\xf0%\xe2\xc7\x8f^\xf2\xda\
,-!\x15\xe6(\xe2;[/9\x01_\x11\x94\xea\
b6p\x12\xf1\xe3F/\xf9T\x96\x96\x90\x0a4\x0b\
\xf8!\xf1\x9d\xae\x97|\x1b7\x0b\x92J7\x178\x85\
\xf8\xf1\xa2\x97\x5c\x80'\x18j\x99MI\xef\xbaFw\
\xbe^\xf2}`\xbd\x1c\x8d!\xa9o\x0b\x80\xb3\x89\x1f\
'z\xc9\x9d\xc0\xe69\x1aC*\xdd\x9e\xc0*\xe2;\
a/\xb9\x08X\x9c\xa31$M\xdb&\xd4co\xff\
\x91Y\x09\xbc GcHu\xf1^\xe2;b\xaf\xf9\
\x05\xe9cG\x92\xe2m\x0d\xfc\x9c\xf8q\xa1\xd7\xbc3\
GcHus\x0c\xf1\x9d\xb1\xd7,\x07^\x9c\xa31\
$M\xd9\x1e\xc0\xbd\xc4\x8f\x07\xbd\xe6\xd8\x1c\x8d!\xd5\
\xd1:\xc0e\xc4w\xca^\xf3\x1b\xe0\xf5\x19\xdaC\xd2\
\xe4\xdeD\xea\x83\xd1\xe3@\xaf\xf9\x110?C{H\
\xb5\xb5\x18\xb8\x89\xf8\xce\xd9k\xd6\x02\x87W\xdf\x1c\x92\
&p\x08i\xcf\xfc\xe8\xfe\xdfkn&=\x00-i\
\x94\x1d\x81\x07\x88\xef\xa4\xd3\xc9\x17q\x0bO)\xb7\xb9\
\xc0\xd1\xc4\xf7\xf7\xe9\xe4~\xdc\xe9O\x9a\xd0\x8b\xa9\xe7\
e\xbd\x0ep9\xb0e\xf5M\x22\x09x:p1\xf1\
\xfd|:Y\x85_\xf8\x93\xa6\xe4\x0d\xd4\xe7\xf3\xc1\xa3\
s/\xb0_\xf5M\x22\xb5\xda\x8b\x80\xbb\x89\xef\xdf\xd3\
\xc9Z\xe0\xa0\xea\x9bDj\xae\x7f!\xbe\xe3N7O\
\x00\x87\xe1\x87\x84\xa4~\x0d\x91\xee\xf7\xd7m\xbf\x90\x91\
\xf9P\xe5\xad\x225\xdc\x10\xf0e\xe2;o?9\x15\
XXu\xc3H-\xb1.\xf5\xdb\xd3\x7ft\x8e\xc3\x13\
\x01iZ\xe6\x00\xdf#\xbe\x13\xf7\x93kp\xd3 \xa9\
W;\x02\xd7\x11\xdf\x7f\xfb\xc92\xdc\xe3_\xea\xcb\x02\
\xe0|\xe2;s?YA\xba\x8c\xe9\x99\x804\xb9\x83\
\x80G\x89\xef\xb7\xfd\xe4b\xfcn\x88T\x89\x85\xc0\x15\
\xc4w\xea~s\x16\xb0Y\xc5m#5\xc5b\xe0[\
\xc4\xf7\xd3~s%\xb0a\xc5m#\xb5\xdab\xe0Z\
\xe2;w\xbf\xf95\xf0G\x15\xb7\x8dTw\xfb\x03w\
\x10\xdf?\xfb\xcd\x0d\xb8\xd1\x8f\x94\xc5\xd3H\x1f\xe2\x89\
\xee\xe4\xfdf-\xf0\x05\xd2\x16\xc8R\x9b\xcd\x03\x8e\xa0\
\x9e\xbb\xfa\x8d\xceM\xc0\x16\xd56\x8f\xa4\x91\xb6\x02n\
#\xbe\xb3W\x91+\x81gW\xdb<Rm<\x07\xb8\
\x8a\xf8~XEn\x05\x96T\xda:\x92\xc6\xb4\x0dp\
\x17\xf1\x9d\xbe\x8a\xac\x06\x8e\x22=\xec(\xb5\xc1|\xd2\
\xf73\xea\xfcn\xff\xc8\xdc\x83[\xfcJ\x03\xb5\x0b\xe9\
\x93\xbc\xd1\x9d\xbf\xaa\xdc\x08\xecSi\x0bI\xe5\xd9\x8f\
z~\xf4k\xbc,\x07\x96V\xdaB\x92\xa6dG\x9a\
\xf1\xe0\xd0\xc8\x9c\x04lTe#I\x05XDz\xee\
\xa5\xae[|\x8f\x95_\x93ND$\x05\xd9\x9e\xe6<\
\x13\xd0\xcd]\xc0\x81U6\x92\x14\xe8u\xd4w\x1f\xff\
\xf1r\x1b\xb0]\x95\x8d$iz\xb6$]B\x8f\x1e\
\x14\xaa\xce\xb9xyQ\xf5\xb5=\xf0\x1d\xe2\xfbQ\xd5\
\xb9\x19xf\x85\xed$\xa9O\x9b\x01W\x13?8T\
\x9d5\xc0W\x80M\xaak*)\xab\x0dI\x0f\xb6\xae\
&\xbe\xffT\x9d\xebI\xaf#K*\xcc&\xc0O\x88\
\x1f$r\xe4~\xd2\x17\x06\xe7T\xd6ZR\xb5f\x03\
\x07\x93>\x89\x1d\xdd_r\xe4\xc7\xa4\x0d\xc9$\x15j\
\x11p\x11\xf1\x83E\xae\xdc\x80;\x09\xaa<\xfb\xd1\xcc\
+p\xdd\x5c\x8a\xdb\xfbJ\xb5\xb0\x1e\xe9\xfey\xf4\xa0\
\x913g\x03\xcf\xab\xaa\xc1\xa4iz\x01p\x0e\xf1\xfd\
!g\x96\x91>M,\xa9&\xe6\x00_&~\xf0\x18\
\xc4\xe0\xb4{Em&M\xd5R\xd2+\xab\xd1\xc7\x7f\
\xee\x1c\x83\xb7\xdd\xa4Z\x1a\x22\xed8\xd6\xa4w\x8f'\
Z\x08\xb8\xad\xb0r\xdb\x894\xf17\xbdO\xad%\x8d\
\x1d~\xc2[\xaa\xb9\xb7\x02+\x89\x1fTrg\x0dp\
<\xe9\xf5+\xa9J;\x02'\xd2\x8c\x8f\xf6L\x96\x95\
\xc0\x9b\xabi6I%\xd8\x93\xe6>\x9d<\xd6B\xe0\
t\xd2\x83YR?\xf6\x22\x9d\xf1?A\xfcq=\x88\
\xdc\x0f\xec]E\xc3I*\xcb64s\xc3\xa0\x89r\
\x05p\x100\xab\x82\xf6S;\xcc\x00^A\xb3\xdf\xa6\
\x19+\xbf\xc4\x8f\xfaH\x8d\xb61p\x01\xf1\x83\xcd\xa0\
s3i\x1f\x81\x85\xfd7\xa1\x1aj]\xd2{\xfc7\
\x10\x7f\xbc\x0e:\x97\x00\x9b\xf6\xdf\x84\x92J\xb7\x0ep\
,\xf1\x83ND\x96\x03\x9f\xc4}\xcc\xf5\xa4\xed\x81O\
\x91.\x7fG\x1f\x9f\x11\xf9_\xd2'\x8a%\xb5\xc8\xc1\
\xb4\xe3\xe1\xc0\xf1r\xf9p\x1b,\xe8\xb7!U;\xf3\
H\x1f\x9cZF\xf3\x9f\xe8\x1f/\xabIW\xc5$\xb5\
\xd4\x9e4\xef\x93\xc2\xbd\xe6A\xd2\xa7Z}\x8d\xb0\xf9\
v\x04\x8e\x00\xee#\xfe\xb8\x8b\xcc\xed\xa4M\x8c$\xb5\
\xdc\xe6\xc0y\xc4\x0fJ%\xe4\x12\xe0\xbd\xc3m\xa2f\
\xd8\x028\x04\xb8\x8c\xf8\xe3\xab\x84\xfc\x00\xef\xf7K\x1a\
a\x16\xe9\xcc(zp*%kH\x0fK\x1eB\xfa\
\xd2\xa2\xeae#\xd2\xdb\x1f\xa7\xd3\xcc\xaf\xf2M7_\
 }\xb4H\x92~\xc7\x1b\x80G\x89\x1f\xa8J\xca\xc8\
\xc5\x80gN\xe5\xda\x90''\xfdU\xc4\x1f7%\xe5\
\x11\xe0u\xd3oZIm\xb1\x13p%\xf1\x83V\x89\
YM\xba\x84z\x18\xb0\x0bn\x95\x1ai\x08\xd8\x15\xf8\
 \xf0C<\xd3\x1f/?\xc6\xf7\xfb%\xf5`.\xe9\
\x96@\x1b\xb6>\xed'\xbf&\xed\x14w\x10\xb0\xc1\xb4\
ZZ\xbdX\x97\xb4I\xcf\x17\x80\xdb\x88\xff\xfdK\xce\
Z\xe0(R_\x96\xa4\x9e\x1d\x00\xdcI\xfc`V\x87\
\xac\x06\xce'}De\x7f\xd2g\x99\xd5\x9f\xf5\x81\x97\
\x02\xffB\xba\x0d\xd3\x96-y\xfb\xcd\xed\xc0\xbe\xd3h\
o\xb5\x88\x97/5\x15\x1b\x03_\x04^\x19]\x90\x9a\
YC\xdaU\xee\x02\xe0B\xd2\xb6\xc4\xd7\x86\x96\xa8|\
[\x00\xbb\x91^O\xdd\x0bx.>\xb4\xd6\xabS\x80\
\xb7\x936\xbd\x92\xc6\xe5\x02@\xbd8\x18\xf84n\x9c\
\xd3\x8f\xdb\x80\x8bI\xcfX\x5c\x03\x5cM\xda\xa6\xb8m\
\x86\x80%\xc0\xb3\x86\xb3\x0b\xe9\xbd\xf4\xa7\x07\x96\xa9\xee\
\x1e\x03\xdeGZ\xacK\x93r\x01\xa0^m\x07|\x15\
\xd8=\xba \x0d\xf20i!p5p\xd5\xf0?o\
$=_\xd0\x04\x9b\x91>D\xb53i\xa2\x7f\xd6\xf0\
\xdf\xebG\x16\xaaa.#}\xc2\xf7\xe7\xd1\x05Q}\
\xb8\x00\xd0t\xcc\x02\x0e%\xdd\xebv\x0f\xf1|\x1e'\
]\x1d\xb8\x19\xb8e8\xdd\xbfo\xe3\xc9\xcf;G\x1a\
\x02\x16\x03\xbf\x07lE:\xab_2\xe2\xef\xad\xf0\x18\
\xc9i\x05\xf0a\xe0\xb3\xa4\xe7#\xa4)s\x01\xa0~\
lMz\x1a{\x9f\xe8\x82\xb4T\x87t\x9fwd\xee\
\x1b\xf1\xcf\x07\x86\xffs\x0f\x93\x9eGx\x82\xf4>8\
\xa4\xcb\xc5\xab\x86\xff\x9e\xc3\x93\xb7u\xd6#-\xf0f\
\xf2\xe4\x19\xfa\x86\xa4\xe7@6\x1a'\x8e#1\xce\x01\
\xdeA\xfa\x8c\xaf$\x858\x10\xf7V7fPy\x80\
\xf4<\x8e\x0b/\xf5eft\x01\xd4\x08\xd7\x01_&\
\xed\x92\xb7KpY\xa4&\xfb6\xf0\x87\xa4\xcd\xa8\xa4\
\xbe\xb8\x82T\xd5\xfe\x08\xf8/\xd2=aI\xd5\xb8\x0b\
x\x0fprtA\xd4\x1c^\x01P\xd5n\x04\xbeD\
zw{w<\xc6\xa4~\xac\x04\x8e\x04^Kzu\
T\x92jak\xd26\xb9\xd1\xf7L\x8d\xa9cN\x07\
\x9e\x89$\xd5\xd8>\xf8q!c\xa6\x9a\xeb\x81\x97#\
I\x0d1\x83\xf4\xc1\x9c_\x13?\xc0\x1aSb\x96\x93\
>9=\x0bi\x00\xbc?\xabA\xe9\x90\xae\x02|i\
\xf8_?\x17\x8f?\x09\xd2G\xa4\xbe\x04\xbc\x0a\xf8>\
\xe9+~\x92\xd4X\xdb\x01\xc7\xe1\xe7\x86M{\xb3\x06\
8\x96\xb4M\xb2$\xb5\xce\x8e\xc0Wp!`\xda\x93\
\xb5\xa4\x07\xfc\xdc3C\x92H\x1f\x879\x8948F\
\x0f\xd0\xc6\xe4\xca2\xe09H\x92~\xc7R|u\xd0\
4/\xcb\x80?@\x924\xa9\xbd\x80\xef\x12?p\x1b\
3\xdd\xac\x05\xce\x04^\x80$\xa9gKI_\x1c|\
\x9c\xf8\x01\xdd\x98\xa9d%\xe9\xb9\x96g!I\xea\xdb\
f\xc0\xe1\xa4w\xa5\xa3\x07xc\xc6\xcaC\xc0Q\xf8\
\x1d\x0cI\xcab]\xd2f)\xb7\x10?\xe0\x1b\xd3\x01\
n\x06\x0e\x03\x16!I\xcan\x16\xf0\x06\xe0\x12\xe2'\
\x00\xd3\xce\xfc\x08x=\xee\xdc'Iav\x00\x8e\x00\
\xee#~R0\xcd\xce\x83\xa4gR\x9e\x8d$\xa9\x18\
s\x81\x03I\xaf\x5c\xb9\x9f\x80\xa92\x97\x03\x07\x03\x0b\
\x90$\x15m[\xd2U\x01?>d\xa6\x9b\xfbIg\
\xfb>\xcd/I54\x87tU\xe0d|\x95\xd0L\
\x9e\x15\xc07\x80\xd7\x90\x8e\x1d\xa9\xb1\x86\xa2\x0b \x0d\
\xd0|`?\xd2\x82\xe05\xc0:\xb1\xc5Q!V\x92\
n\x1b}\x1d8\x15x8\xb68\x92\xa4\x9c\x16\x02\x07\
\x91>\xca\xb2\x92\xf83O3\xd8<\x01\x5c@\xba\xaf\
\xbf\x10\xa9\x85\xbc\x02 \xc1\x86\xc0\x9f\x92\xbe\xc7\xfe\x12\
|\xd0\xab\xa9\x1e\x03\xbe\x07\x9cB:\xd3\x7f \xb68\
R,\x17\x00\xd2S\xcd\x02\x9e\x0f\xfc1\xe9v\xc1s\
\xb0\x9f\xd4\xd9/\x81s\x80o\x03g\x93\xae\xf6H\xc2\
\x81M\x9a\xccf\xc0\x01\xa4\x05\xc1\x01x\xb9\xb8t+\
\x80\x8bH\x13\xfe\xa9\xc0\xafb\x8b#\x95\xcb\x05\x804\
us\x80=\x81\x17\x93\xbeV\xf8<\xd2\xd6\xc4\x8a\xf3\
\x08iG\xbe\x0b\x81\x1f\x0e\xffsuh\x89\xa4\x9ap\
\x01 M\xdfL`{\xd2\xa2`\xaf\xe1l\x15Z\xa2\
\xe6\xbb\x0b\xb8\x82\xf4\x00\xdf\x85\xc0\xa5\xc0\xaa\xd0\x12I\
5\xe5\x02@\xaa\xd6\x96\xa4\x85\xc0\x1e\xa4\xedbw\x06\
\xd6\x0b-Q}=\x02\x5c\x0d\xfc\x84tY\xff\x02\xe0\
\xd6\xd0\x12I\x0d\xe2\x02@\xcao\x0b`G`'`\
\xb7\xe1lG\xba\x82 XC\xbaW\x7f\x1d\xe9\xec\xfe\
\xda\xe1\xbf\xaf'm\xe9,)\x03\x17\x00R\x8c\xf9\xa4\
E\xc1R`k`\x09\xe9\xf6\xc1\x12`\xf3\xb0R\xe5\
u\x17\xe9\xd3\xb9\xb7\x0c\xff\xf3&\xd2\x19\xfe\xb5\xc0o\
\xe2\x8a%\xb5\x93\x0b\x00\xa9<\xf3xr1\xb0d\xc4\
\xdfO\x036\x1a\x91R\xfao\x07X>\x22w\xf0\xe4\
D\x7f\xcb\x88\xbf\x9d\xe4\xa5\x82\x942\x80H\xea\xcd\x10\
i\x11\xb01O]\x14t3\x0bX\x7f\xf8?;\x9f\
\xb4\xa8\x00X4\xfc\xdf\x9d\xc3\x93\x1b\x1e=Fz\x90\
\xaeC\xfa\xdc-\xa4\xc9\xfa\xf1\xe1\xbf\x1f&\xed\x9c7\
r\x92\xbfo\xd4\xbf\xeeT\x5c?I\x92$I\x92$\
I\x92$I\x92$I\x92$I\x92$I\x92$I\
\x92$I\x92$I\x92$I\x92$I\x92$I\x92\
$I\x92$I\x92$I\x92$I\x92$I\x92$\
I\x92$I\x92$I\x92$I\x92$I\x92$I\
\x92$I\x92$I\x92$I\x92$I\x92$I\x92\
$I\x92$I\x92$I\x92$I\x92$I\x92$\
I\x92$I\x92$I\x92$I\x92$I\x92$I\
\x92$I\x92$I\x92$I\x92$I\x92$I\x92\
$I\x92$I\x92$I\x92$I\x92$I\x92$\
I\x92\xa4A\xf9\xff\xd0CJNu;\xda\x97\x00\x00\
\x00\x00IEND\xaeB`\x82\
\x00\x00\x18\x9e\
\x89\
PNG\x0d\x0a\x1a\x0a\x00\x00\x00\x0dIHDR\x00\
\x00\x02\x00\x00\x00\x02\x00\x08\x06\x00\x00\x00\xf4x\xd4\xfa\
\x00\x00\x00\x09pHYs\x00\x00\x0e\xc3\x00\x00\x0e\xc3\
\x01\xc7o\xa8d\x00\x00\x00\x19tEXtSof\
tware\x00www.inksca\
pe.org\x9b\xee<\x1a\x00\x00\x18+ID\
ATx\x9c\xed\xdd{\xd0mw]\xdf\xf1\xf7IH\
 !\x0c\x221\x01l\xb1\xa2\xc5\x8a\x0a^\x10\x11\xc2\
\x1d\xad\xf5\x06\xa2\x22\x8e\xd4V$\x18E\xad\x08\x8au\
\xaa\xed\xd8\x22\x02\x8aT\x14\x82\x08E,(^P\xac\
ZDDD\x05\x03\xde\xb0\x82UQ\xae\x9a\x10\x08!\
\x90\x93\x1b$\xa7\x7f\xac\x93\x8ef\x92\x93\xf3\xecg\xed\
\xe7w\xf6Z\xaf\xd7\xcc\x9adr\xf6^\xfb3\xd9\xcf\
y\xbe\x9fu/\x00\x00\x00\x00\x00\x00\x00\x00\x00\x00\x00\
\x00\x00\x00\x00\x00\x00\x00\x00\x00\x00\x00\x00\x00\x00\x00\x00\
\x00\x00\x00\x00\x00\x00\x00\x00\x00\x00\x00\x00\x00\x00\x00\x00\
\x00\x00\x00\x00\x00\x00\x00\x00\x00\x00\x00\x00\x00\x00\x00\x00\
\x00\x00\x00\x00\x00\x00\x00\x00\x00\x00\x00\x00\x00\x00\x00\x00\
\x00\x00\x00\x00\x00\x00\x00\x00\x00\x00\x00\x00\x00\x00\x00\x00\
\x00\x00\x00\x00\x00\x00\x00\x00\x00\x00\x00\x00\x00\x00\x00\x00\
\x00\x00\x00\x00\x00\x00\x00\x00\x00\x00\x00\x00\x00\x00\x00\x00\
\x00\x00\x00\x00\x00\x00\x00\x00\x00\x00\x00\x00\x00\x00\x00\x00\
\x00\x00\x00\x00\x00`\xe7\x1d\x1a\x1d`\xc1\xeeU=\xaa\
\xba[u\xe6\xe0,kuq\xf5\xd7\xd5\xcb\xab\xd7\x0d\
\xce\x02\xc0\xc2\xdd\xa6zYu\xc4rB-\xaf\xacn\
\x7f\x8c\xef\x0d\x006vz\xf5\xa6\xc6\x0f;\xcb\x8d/\
\xff\xa7:\xe3&\xbf=\x80\x159yt\x80\x85yV\
\xf5\xb0\xd1!\xb8IgU\xb7n\xda\x1b\x00\xb0j\xce\
\x01\x98\xcf\x1d\xabwU\xb7\x18\x1d\x84c\xba\xaa\xa9\x08\
|xt\x10\x80\x91N\x1a\x1d`A\xbe$\xc3\x7f\x17\
\xdc\xaa:gt\x08\x80\xd1\x14\x80\xf9\xdcet\x00\x8e\
\xdb'\x8c\x0e\x000\x9a\x020\x9f\xd3G\x07\xe0\xb8\x9d\
6:\x00\xc0h\x0a\x00\x00\xac\x90\x02\x00\x00+\xa4\x00\
\x00\xc0\x0a)\x00\x00\xb0B\x0a\x00\x00\xac\x90\xeb\xd6\xc7\
\xfb\xb9\xea\x9d\xa3C\xec\xb0O\xab\xbett\x08\x80]\
\xa3\x00\x8c\xf7\xfc\xea5\xa3C\xec\xb0G\xa7\x00\x00\xec\
\x99C\x00\x00\xb0B\x0a\x00\x00\xac\x90\x02\x00\x00+\xa4\
\x00\x00\xc0\x0a)\x00\x00\xb0B\x0a\x00\x00\xac\x90\x02\x00\
\x00+\xa4\x00\x00\xc0\x0a)\x00\x00\xb0B\x0a\x00\x00\xac\
\x90\x02\x00\x00+\xa4\x00\x00\xc0\x0ay\x18\x10\x1c\x8cS\
\xab\xb3\xabSF\x07\x81\x1d\xf1\xa1\xea\xfd\xa3C,\x99\
\x02\x00\xdb\xf5\xaf\xab'U\x0f\xcc\xdf7\xd8\xab\x0b\xab\
\x97UO\xad.\x1e\x9ceq\x1c\x02\x80\xed\xb8E\xf5\
\xbc\xea\x95\xd5C3\xfca\x13w\xac\xbe\xa3zKu\
\xff\xc1Y\x16G\x01\x80\xedxf\xf5\xb8\xd1!`!\
\xce\xac~\xad\xfa\xf4\xd1A\x96D\x01\x80\xf9}~\xf5\
\xad\xa3C\xc0\xc2\xdc\xa6:\x7ft\x88%Q\x00`~\
\xdfV\x1d\x1a\x1d\x02\x16\xe8\xbe\xd5\xe7\x8c\x0e\xb1\x14\x0a\
\x00\xcc\xef\x01\xa3\x03\xc0\x82=pt\x80\xa5P\x00`\
^'5]\xee\x07l\xc7Y\xa3\x03,\x853\x93\xd9\
\xb6\xd3\xaa\xcfj:\x89\xe7\xd2\xeaO\xaa\xc3C\x13m\
\xd7\xa9\xd5\xc9\xa3C\xc0\x82\xbdot\x80\xa5\xb0\x07\x80\
m\xf9\xe4\xea\xa7\xabK\xaa?\xa8^Q\xbd\xae\xe9\xc6\
\x1e/h\xba\xbcg\x89\xae\xaa\xde3:\x04,\xd8k\
G\x07X\x0a\x05\x80m\xf8\xfa\xea\xcdG\xffy\xda\x0d\
\xfe\xecV\xd5c\xaa?j\xb9\x97\xf4\xfc\xc2\xe8\x00\xb0\
P\x17T\x7f<:\xc4R(\x00\xcc\xed\xbc\xeaE\xd5\
\xe97\xf3\xba;5\xdd\xe1\xeb\x96\xdb\x0e4\xc0S\xab\
w\x8d\x0e\x01\x0bs\xb8\xe9\xf7\xcb\x91\xd1A\x96B\x01\
`N\x8f\xad~\xa2\xe3\xbf\x04\xeen\xd57l/\xce\
0\xef\xab\xbe\xa8z\xdb\xe8 \xb0\x10\x97V\x0f\xaf\xfe\
lt\x90%Q\x00\x98\xcby\xd5O\xb6\xf7\x9f\xa9o\
\xdcB\x96\x13\xc1_6\x9d\xfc\xf8\xbdG\xff\x1d\xd8\xbb\
K\xaa\xe76\x1d.|\xf5\xe0,\x8b\xe3*\x00\xe6p\
^\xf5\x9c6\xbb\xf9\xcdg7\x1d.\xb8b\xd6D'\
\x86\xcb\x9b\x0e\x07<\xb5\xfa\x98\xa6\xc3\x1e7<'\x02\
\xb8q\x17\x1d]\xae\x1d\x1dd\xa9\x14\x00\xf6k?\xc3\
\xbf\xa6=\x06gU\xef\x98+\xd0\x09\xea\x83G\x17\x80\
\x13\x82C\x00\xec\xc7~\x87\xff\xf5.\x9b!\x0b\x00{\
\xa0\x00\xb0\xa9\xbd\x9e\xf0wS\xfe\xae\xe9\x04\x1f\x00\x0e\
\x90\x02\xc0&6=\xe1\xef\xc6\xbcp\x86u\x00\xb0G\
\x0a\xc0r\xdc\xa2\xe9&;\xdb6\xd7n\xff\x9a\xce\x8e\
\x7f\xd6\x0c\xeb\x01`\x8f\x14\x80\xddv\xe7\xea\x87\xab\xbf\
\xaa>R]Y]X\xfdTu\xd7-|\xde\x9c\xc3\
\xff\x1f\xaa/o\xd9\xcf\x05\x00`\x05\x9e\xd5t\x87\xaa\
\xbd.\x0f\xde\xf0\xf3\x9e\xd0t\xdf\xf9\x9bZ\xef\xd5\xd5\
\xb9\x1b\xae\xfb\xc6\x9cW]w\x8c\xcf\xdb\xcb\xf2\xf7\xd5\
\xa7\xcc\x94\xeb\xd1\x1b|\xfe\x13f\xfal\x80\x9de\x0f\
\xc0nzb\xf5\xcc\x8e}\x1b\xddS\x9b\x8e\xd3?i\
\x86\xcf\x9b{\xcb\xff\xc1M{-\x00\x18D\x01\xd8=\
w\xae\x9e\xb2\x87\xd7?\xa3\xe9nt\x9b:\xb7y\xce\
\xf6\xafzo\xf5\x05\x19\xfe\x00\xc3)\x00\xbb\xe7\xb1\xed\
\xfd\x01:Oi\xb3\x12pnu~\xf3\xfc\x9c\xbc\xb7\
i\xcb\xff\xad3\xac\x0b\x80}R\x00v\xcf9\x1b\xbe\
\xef)\xed\xedp\xc0y\xd5\xf3\x9a\xe7g\xe4\x1f\xaa\x07\
d\xf8\x03\x9c0\x14\x80\xdds\xfb}\xbc\xf7\x19\x1d_\
\x09p\xcc\x1f`\xe1\x14\x80\xdd\xb3\xdf\xbb\xe6\xdd\x5c\x09\
0\xfc\x01V@\x01\xd8=\x17\xcc\xb0\x8e\x9b:1\xd0\
\x09\x7f\x00+\xa1\x00\xec\x9e\x976]\xcb\xbe_7<\
'\xe0\x9bs\xcc\x1f`5<\x0ex\xf7\xbc\xb9\xfa\xc5\
\xea\xabgX\xd73\x8e\xfe\xf3p\xf3m\xf9\xdb\xed\x0f\
\xb0\x03\x14\x80\xdd\xf4-\xd5=\xabO\x9ca]\xcfh\
\xda\xa3`\xf8\x03\xac\x88C\x00\xbb\xe9\xfd\xd5}\xab?\
\x9fi}\x8e\xf9\x03\xac\x8c\x02\xb0\xbb.\xac\x1eX\xbd\
ap\x8er\x93\x1f\x80\x9d\xa3\x00\xec\xb6K\x9b\xb6\xba\
_50\x83\xe1\x0f\xb0\x83\x14\x80\xddw\xb8\xfa\xb2\xa6\
\x13\x03\x0f\x9a\xe1\x0f\xb0\xa3\x14\x80e\xb8\xa6zT\xf5\
\x82\x03\xfcL\xc3\x1f`\x87)\x00\xcbqm\xd3\x8d|\
~\xe4\x00>\xcb\xf0\x07\xd8q\x0a\xc0\xb2\x1ci\xba\xb9\
\xcf\xf7l\xf13\x0c\x7f\x80\x05p\x1f\x80ezZ\xf5\
\xe1\xea\xd9\xcd[\xf2\x0c\xff\xcd\x9d]\xdd)\xa5\x9b\xdd\
um\xf5\x9e\xa6\xcb\x90Y\x00\x05`\xb9\x9eS}\xb0\
zQu\xca\x0c\xeb3\xfc\xf7\xeeP\xf5\xe8\xa6\xbd2\
w\x1f\x9c\x05\xe6p\xa4zS\xf5\xd4\xeaW\x06ga\
\x9fl\x8d,\xdbK\xabGTW\xees=\x86\xff\xde\
\xdd\xaa\xe9\xca\x8c\x17g\xf8\xb3\x1c\x87\xaa{U\xbf\x5c\
\xfddu\xf2\xd88\xec\x87\x02\xb0|\xbfV}Qu\
\xd9\x86\xef7\xfc7\xf3\xfc\xa6\xf2\x05Kun\xd3\x9e\
\x00v\x94\x02\xb0\x0e\xafk\x1a\xe2\xef\xdb\xe3\xfb\x0c\xff\
\xcd<\xb4i\xd7?,\xddwf\x0f\xd7\xceR\x00\xd6\
\xe3O\xaa\xfbW\xef>\xce\xd7\x1b\xfe\x9b\xfb\xe6\xd1\x01\
\xe0\x80\x9c\x5c=nt\x086\xa3\x00\xac\xcb\xff\xad\xce\
\xa9\xder3\xaf\xbb\xb0z@\x86\xff\xa6\xee;:\x00\
\x1c\xa0\xfb\x8d\x0e\xc0f\x14\x80\xf5yWu\x9f\xa6c\
\xd4\xd7\xde\xc8\x9f\xffn\xf5\xa0<\xd5o?n?:\
\x00\x1c ?\xef;\xcae\x80\xeb\xf4\xa1\xa6\xddv\xdf\
\xdf4\xec\xcf\xaa>P]P\xfd\xf5\xc0\x5cKqI\
\xd3u\xff\xb0\x06\x17\x8e\x0e\xc0f\x14\x80u\xbb\xa8\xfa\
\xd9\xd1!\x16\xe8\x0d\xd5\xc3G\x87\x80\x03\xf2\xea\xd1\x01\
\xd8\x8cC\x000\xbf\x9f\x1a\x1d\x00\x0e\xc8U\xd5\xf9\xa3\
C\xb0\x19\x05\x00\xe6\xf7\xebM7J\x81\xa5{r\xf5\
\xce\xd1!\xd8\x8c\x02\x00\xdb\xf1\xf5ME\x00\x96\xe8\xda\
\xea\xbb\xab\x1f\x1b\x1d\x84\xcd)\x00\xb0\x1d\x97W_V\
=\xaa\xfa\xed\xea\xea\xb1q`\x16\x976\xddb\xfc\xb3\
\xabg\x0c\xce\xc2>9\x09\x10\xb6\xe7H\xf5\xb2\xa3K\
\xd5\xc74\xddK\x1dv\xd1G\x9b\x9e2\xcaB(\x00\
pp>8:\x00\xc0\xf5\x1c\x02\x00\x80\x15R\x00\x00\
`\x85\x14\x00\x00X!\x05\x00\x00VH\x01\x00\x80\x15\
R\x00\x00`\x85\x14\x00\x00X!\x05\x00\x00VH\x01\
\x00\x80\x15R\x00\x00`\x85\x14\x00\x00X!\xcf\x02\x18\
\xef\x8c\xeav\xa3C\xec\xb0[\x8f\x0e\x00\xb0\x8b\x14\x80\
\xf1^1:\x00\x00\xeb\xe3\x10\x00\x00\xac\x90\x02\x00\x00\
+\xa4\x00\x00\xc0\x0a)\x00\x00\xb0B\x0a\x00\x00\xac\x90\
\x020\x9f\xebF\x07\xe0\xb8];:\x00\xc0h\x0a\xc0\
|\xde;:\x00\xc7\xed\xa2\xd1\x01\x00FS\x00\xe6\xf3\
\xfb\xa3\x03p\x5c\x8eT\xaf\x1f\x1d\x02`4\x05`>\
o\xa8\xde<:\x047\xeb\x15\xd5{F\x87\x00`Y\
\xee]]\xd5\xb4\x95i9\xf1\x96\xf7W\x9fx\x93\xdf\
\x1e\x00\xec\xc3\x97W\x1fn\xfc\xb0\xb3\xfc\xd3\xe5\xa2\xea\
\xf3\x8e\xf1\xbd\x01\xc0\xbe\xdd\xa5zquy\xe3\x07\xdf\
\xda\x97K\xaagWg\x1d\xf3\x1b\x03X\x99C\xa3\x03\
,\xdc-\x9b\xca\xc0\xe9\xa3\x83\xac\xd4\x87\xaa\xb7W\x1f\
\x1d\x1d\x04\x00\x00\x00\x00\x00\x00\x00\x00\x00\x00\x00\x00\x00\
\x00\x00\x00\x00\x00\x00\x00\x00\x00\x00\x00\x00\x00\x00\x00\x00\
\x00\x00\x00\x00\x00\x00\x00\x00\x00\x00\x00\x00\x00\xd8\x92C\
\xa3\x03,\xd8gV\x8f\xaa>\xad\xba\xd5\xe0,ku\
e\xf5\x97\xd5/Uo\x1c\x9c\x05\x80\x85\xbbu\xf53\
\xd5u\xd5\x11\xcb\x09\xb3\xfc|u\xc61\xbe7\x00\xd8\
\xd8i\xd5\x1b\x1a?\xec,7\xbe\xfc~u\xcaM~\
{\x00+r\xf2\xe8\x00\x0b\xf3#\xd5W\x8e\x0e\xc1M\
\xbasuES\x11\x00X5\xe7\x00\xcc\xe7\x0e\xd5\xbb\
\xb2\x85y\xa2\xbb\xb8\xfa\xf8\xea\xa3\xa3\x83\x00\x8ct\xd2\
\xe8\x00\x0b\xf2%\x19\xfe\xbb\xe0\xac\xeasF\x87\x00\x18\
M\x01\x98\xcf'\x8d\x0e\xc0q\xfb\x94\xd1\x01\x00FS\
\x00\xe6s\xfa\xe8\x00\x1c\xb7\xdb\x8d\x0e\x000\x9a\x02\xc0\
\x1a\xf9\xb9\x07V\xcf/B\x00X!\x05\x00\x00VH\
\x01\x00\x80\x15R\x00\x00`\x85\x14\x00\x00X\xa1[\x8c\
\x0e@\x0f\xab~ot\x88\x1d\xf6\xc8\xea\xfc\xd1!\x00\
v\x8d\x020\xde\xe5\xd5\xa5\xa3C\xec\xb0\xc3\xa3\x03\x00\
\xec\x22\x87\x00\x00`\x85\x14\x00\x00X!\x05\x00\x00V\
H\x01\x00\x80\x15R\x00\x00`\x85\x14\x00\x00X!\x05\
\x00\x00VH\x01\x00\x80\x15R\x00\x00`\x85\x14\x00\x00\
X!\x05\x00\x00V\xc8\xb3\x00\xe0`\x9cT\x9d]\x9d\
6:\x08\xec\x88\x8b\x9b\x9e\x95\xc2\x96(\x00\xb0]\x0f\
\xaa\x9eT=\xa4\xba\xe5\xe0,\xb0k\xdeU\xfd\x5c\xf5\
\xf4\xea\x92\xc1Y\x16\xc7!\x00\xd8\x8e\x93\xabgW\xaf\
\xa9\xbe8\xc3\x1f6q\xe7\xea\xbb\xab\xb7V\xf7\x19\x9c\
eq\x14\x00\xd8\x8e\xa7W\xdf::\x04,\xc4Y\xd5\
oT\x9f::\xc8\x92(\x000\xbf{UO\x18\x1d\
\x02\x16\xe6\xb6\xd5\xf9\xa3C,\x89\x02\x00\xf3\xfb\xf6\xea\
\xd0\xe8\x10\xb0@\xf7\xaf>kt\x88\xa5P\x00`~\
\x0f\x1c\x1d\x00\x16\xecA\xa3\x03,\x85\x02\x00\xf3;k\
t\x00X\xb0\xb3G\x07X\x0a\x97\x01\xb2m\xa7Vw\
\xaf>\xb6\xba\xaczsu\xd5\xd0D\xdbwIu\x87\
\xd1!`\xa1\xde?:\xc0R\xd8\x03\xc0\xb6\xfc\x8b\xea\
\xf9M\xc3\xf0M\xd5oV\x7f\xd8\xf4\x97\xf7\xb9-{\
+\xf9\xf7F\x07\x80\x05\xfb\xdd\xd1\x01\x96B\x01`\x1b\
\xbe\xb6\xfa\xf3\xea\xb1\xd5\x197\xf8\xb3[W\xe7U\x7f\
\xdcr/\xe9y\xce\xe8\x00\xb0P\x7f\xd4\xb4A\xc1\x0c\
\x14\x00\xe6\xf6\x98\xea\x7fV\xb7\xb9\x99\xd7\xfd\xb3\xeae\
M\x87\x08\x96\xe6\xb5\xd5\x0bG\x87\x80\x85\xb9\xb2i\xe3\
\xe1\xc8\xe8 K\xa1\x000\xa7\xc74\xed\xf6?\xde\x9f\
\xab\xcf\xa8\xfe\xdd\xf6\xe2\x0c\xf5\xcd\xd5KG\x87\x80\x85\
\xf8P\xf5\x88\xa6=\x87\xccD\x01`.{\x1d\xfe\xd7\
{\xec\x16\xb2\x9c\x08\xae\xa9\x1e]}u\xf5\xc6l\xb5\
\xc0&.\xab^P}z\xf5\xca\xc1Y\x16\xc7U\x00\
\xcca\xd3\xe1_u\xcf\xea\xf4\xea\x8aY\x13\x9d\x18\x8e\
T\xbfxt\xb9]\xd3a\x8f%\x1e\xf2\x80m\xb8\xb4\
zw\xf5\x91\xd1A\x96J\x01`\xbf\xf63\xfc;\xfa\
\xbe\xb3\xaaw\xcc\x15\xe8\x04u\xe9\xd1\x05\xe0\x84\xe0\x10\
\x00\xfb\xb1\xdf\xe1\x7f\xbd\x0f\xcd\x90\x05\x80=P\x00\xd8\
\xd4\x5c\xc3\xff\xed\xd5\x07\xf6\x1f\x07\x80\xbdP\x00\xd8\xc4\
\x5c\xc3\xbf\xeaE3\xac\x03\x80=R\x00\x96\xe5 \xce\
\xe9\x98s\xf8\xffu\xf5\xa33\xac\x07\x80=R\x00v\
\xdb\x9d\xaa\x1f\xac\xfe\xa2\xe9\xb2\xb3k\x9aN\xa6{N\
u\x97-|\xde\x9c\xc3\xff\xbd\xd5\x97W\x1f\x9ea]\
\x000\xcc\xb3\x9a.\xfb\xda\xeb\xf2\xe0\x0d?\xef\xf1M\
\x97\xce\xdd\xd4z\xafj\xde\x9b\xec<\xa6\xba\xf6\x18\x9f\
\xb7\x97\xe5\xa2\xean3\xe5z\xf4\x06\x9f\xff\x84\x99>\
\x1b`g\xd9\x03\xb0\x9b\xbe\xbd\xfa\xf1\xea\xb4c\xbc\xe6\
\x96\xd5\xff8\xfa\xda\xfd\x9a{\xcb\xff\xc1\xd5[gX\
\x17\x00\x1bR\x00v\xcf\x9d\xaa\x1f:\xce\xd7\x1ej\xda\
3\xf1\x1f\xf6\xf1ys\x0e\xff\x8b\xab\x87f\xf8\x03\x0c\
\xa7\x00\xec\x9es;\xf6\x96\xff\x0d\x1dj:\xd1n\x93\
=\x01so\xf9?\xa8\xe9|\x05\x00\x06S\x00v\xcf\
\xfd7x\xcf\xf5{\x02\xf6R\x02\xec\xf6\x07X0\x05\
`\xf7\x9c\xb9\xe1\xfb\xf6R\x02\x0c\x7f\x80\x85S\x00v\
\xcf\x07\xf7\xf1\xde\xe3)\x01\x86?\xc0\x0a(\x00\xbb\xe7\
\x8d\xfb|\xff\xb1J\x80\x13\xfe\x00VB\x01\xd8=?\
;\xc3:\xae/\x01\xdf\xf6\x8f\xfe\x9b\x13\xfe\x00V\xc4\
\xe3\x80w\xcf\x9fT\xbf\x5c}\xc5>\xd7s\xa8\xfa\xef\
G\xff\xfdpv\xfb\x03\xac\x8a\x02\xb0\x9b\xce\xab>\xa7\
\xba\xf3>\xd7\xf3\x8fK\xc0\xa1}\xae\xab\x0c\x7f\x80\x9d\
\xe1\x10\xc0n\xba\xb8\xba_\xf5W3\xac\xebP\xf3\x0c\
\x7f\xc7\xfc\x01v\x88\x02\xb0\xbb\xdeU\xdd\xa7\xba`t\
\x90\xa6\xe1\xff\x90\x1c\xf3\x07\xd8\x19\x0a\xc0n\xfb@\xd3\
V\xf7o\x0f\xcc`\xf8\x03\xec \x05`\xf7]^}\
I\xd3\x89\x81\x07\xcd\xf0\x07\xd8Q\x0a\xc02\x5c]=\
\xb2z\xd1\x01~\xa6\xe1\x0f\xb0\xc3\x14\x80\xe5\xf8h\xd3\
\xb5\xfc\xcf:\x80\xcf2\xfc\x01v\x9c\x02\xb0,G\xaa\
'T\xdf\xb3\xc5\xcf0\xfc\x01\x16\xc0}\x00\x96\xe9i\
\xd5\x15M{\x03\xe6,y\x86\xff\xe6>\xb6\xfa\xf8\xea\
\xd4\xd1A`CWW\xef\xae.\x1b\x1d\x84y(\x00\
\xcb\xf5\xec\xa6\x07\x07\xbd\xb0y\xbeg\xc3\x7f\xef\x0e5\
\x9d\x9b\xf1\xa4\xea\x9e\x83\xb3\xc0\x1c\xae\xab^_\xfd`\
\xf5\xbf\x07ga\x9f\x1c\x02X\xb6\x9f\xa9\xbe\xb2\xbaj\
\x9f\xeb1\xfc\xf7\xee\x96M\xcfm\xf8\xb9\x0c\x7f\x96\xe3\
\xa4\xea\x9c\xea7\xaa\x1f\xcf\x0c\xd9i\xbe\xbc\xe5\xfb\xd5\
\xea\x8b\xab\x0fo\xf8~\xc3\x7f3\xe7W_3:\x04\
l\xd1\xe3\xab\xff::\x04\x9bS\x00\xd6\xe1w\x9a\x86\
\xf8\xfb\xf7\xf8>\xc3\x7f3\x0f\xaa\xfe\xfd\xe8\x10p\x00\
\x9e\x5c}\xfa\xe8\x10lF\x01X\x8f7U\x0f\xa8\xfe\
\xfe8_o\xf8o\xee[F\x07\x80\x03rr\xf5\xb8\
\xd1!\xd8\x8c\x02\xb0.o\xad\xee\xdf\xcd?D\xe8\xe2\
\xa6\xa7\xfa\x19\xfe\x9b9gt\x008@\xf7\x1f\x1d\x80\
\xcd(\x00\xeb\xf3w\xd5\xe7W?\xddtF\xef\x0d\xbd\
\xbei\xf8\xbf\xe5 C-\xc8I\xd5Y\xa3C\xc0\x01\
:st\x006\xe32\xc0u\xba\xb4\xe9\x18\xf5\xf75\
\x1d\xaf\xbeCuI\xd3\x93\x05m\xf5\xef\xcf))\xd6\
\xac\xcbE\xa3\x03\xb0\x19\x05`\xdd\xde]\xbdxt\x88\
\x85\xb9\xbazg\xf5\x09\xa3\x83\xc0\x01\x19\xf94R\xf6\
\xc1\x96\x0a\xcc\xef\xa5\xa3\x03\xc0\x01\xb9\xa6z\xfe\xe8\x10\
lF\x01\x80\xf9=\xbd\xfa\x9b\xd1!\xe0\x00\xfc\xc7\xea\
m\xa3C\xb0\x19\x05\x00\xe6\xf7\xc1\xea\x0b\xab?\x1f\x1d\
\x04\xb6\xe4\xba\xea?U\xcf\x1c\x1d\x84\xcd)\x00\xb0\x1d\
\xef\xa8>\xb7\xe9\x9e\x00\x7fX];4\x0d\xcc\xe3p\
\xf5\x0b\xd5\xbd\xaa\xa7\x0c\xce\xc2>9\x09\x10\xb6\xe7\x9a\
\xea\xb9G\x97\x93\x9b.\x0f<mh\x22\xd8\xdc\xe1\xea\
\xbd\xa3C0\x1f\x05\x00\x0e\xc6\xb5\xd5\x85\xa3C\x00\x5c\
\xcf!\x00\x00X!\x05\x00\x00VH\x01\x00\x80\x15R\
\x00\x00`\x85\x14\x00\x00X!\x05\x00\x00VH\x01\x00\
\x80\x15R\x00\x00`\x85\x14\x00\x00X!\x05\x00\x00V\
H\x01\x00\x80\x15\xf2,\x80\xf1\xce\xa8n7:\xc4\x0e\
\xbb\xf5\xe8\x00\x00\xbbH\x01\x18\xef\x15\xa3\x03\x00\xb0>\
\x0e\x01\x00\xc0\x0a)\x00\x00\xb0B\x0a\x00\x00\xac\x90\x02\
\x00\x00+\xa4\x00\x00\xc0\x0a)\x00\xf3\xb9nt\x00\x8e\
\xdb\xb5\xa3\x03\x00\x8c\xa6\x00\xcc\xe7\xe2\xd1\x018n\xef\
\x1d\x1d\x00`4\x05`>\x7f0:\x00\xc7\xe5H\xf5\
\xfa\xd1!\x00FS\x00\xe6\xf3\x07\xd5_\x8c\x0e\xc1\xcd\
\xfa\xb5\xea\xdd\xa3C\x00\xb0,\xe7TW7meZ\
N\xbc\xe5\x03\xd5'\xdd\xe4\xb7\x07\x00\xfb\xf0\x88\xeap\
\xe3\x87\x9d\xe5\x9f.\x17W\xf7=\xc6\xf7\x06\x00\xfbv\
\xd7\xeae\xd5\x95\x8d\x1f|k_.\xab\x9eW\xdd\xf1\
\x98\xdf\x18\xc0\xca\x1c\x1a\x1d`\xe1\xce\xa8>\xb1:{\
t\x90\x15\xba\xae\xe9l\xff\xb75\x1d\x96\x01\x00\x00\x00\
\x00\x00\x00\x00\x00\x00\x00\x00\x00\x00\x00\x00\x00\x00\x00\x00\
\x00\x00\x00\x00\x00\x00\x00\x00\x00\x00\x00\x00\x00\x00\x00\x00\
\x00\x00\x00\x00\x00\x00\x00\x96\xe8\xd0\xe8\x00\x0bw\xab\xea\
.\xd5i\xa3\x83\xac\xd4\x15\xd5;\xaa+\x07\xe7\x00`\
%>\xb9zIu\xb8:b\x19\xba\x5cQ\xbd\xbc\xba\
\xfb1\xbf1\x00\xd8\xa7\x87U\x977~\xf0Y\xfe\xe9\
ru\xf5\xe8c|o\x00\xb0\xb1\xcf\xaf\xaej\xfc\xb0\
\xb3\xdc\xf8\xf2\x91\xea\xbe7\xf9\xed\x01\xac\x88s\x00\xe6\
sR\xf5\xa7\xd9\xd5|\xa2\xbb\xa0\xba\xf7\xe8\x10\x00\xa3\
\x9d4:\xc0\x82\xdc7\xc3\x7f\x17|^\xf5/G\x87\
\x00\x18M\x01\x98\xcf}F\x07\xe0\xb8}\xee\xe8\x00\x00\
\xa3)\x00\xf39{t\x00\x8e\xdb\x99\xa3\x03\x00\x8c\xa6\
\x00\xcc\xc7\xff\xcb\xddq\xf2\xe8\x00\x00\xa3\x19Z\x00\xb0\
B\x0a\x00\x00\xac\x90\x02\x00\x00+\xa4\x00\x00\xc0\x0a)\
\x00\x00\xb0B\xb7\x18\x1d\x80\x1eV\xfd\xde\xe8\x10;\xec\
\x91\xd5\xf9\xa3C\x00\xec\x1a\x05`\xbc\xcb\xabKG\x87\
\xd8a\x87G\x07\x00\xd8E\x0e\x01\x00\xc0\x0a)\x00\x00\
\xb0B\x0a\x00\x00\xac\x90\x02\x00\x00+\xa4\x00\x00\xc0\x0a\
)\x00\x00\xb0B\x0a\x00\x00\xac\x90\x02\x00\x00+\xa4\x00\
\x00\xc0\x0a)\x00\x00\xb0B\x0a\x00\x00\xac\x90g\x01\xc0\
\xc1\xb9mJ7\x1c\xaf+\xab\xabF\x87X2\x05\x00\
\xb6\xeb\x9c\xea\x89\xd5\x17V\xa7\x0f\xce\x02\xbb\xe6m\xd5\
\xcfV\xcf\xac>88\xcb\xe2\xd8\x1a\x81\xed8\xa9\xfa\
\xe1\xa6G=?<\xc3\x1f6\xf1\xc9\xd5\xf7Uo\xad\
\xee58\xcb\xe2(\x00\xb0\x1dOm\xda\xf2\x07\xf6\xef\
\x8e\xd5+\xab\xbb\x8e\x0e\xb2$\x0a\x00\xcc\xef3\xab'\
\x8d\x0e\x01\x0bs\xbb\xeay\xa3C,\x89\x02\x00\xf3\xfb\
\xce\xfc\xdd\x82mx`u\x8f\xd1!\x96\xc2/)\x98\
\xdf\x83F\x07\x80\x05{\xf0\xe8\x00K\xa1\x00\xc0\xfc\xce\
\x1e\x1d\x00\x16\xec\x0e\xa3\x03,\x85\x02\x00\xf3\xfb\xc0\xe8\
\x00\xb0`\x97\x8c\x0e\xb0\x14\xee\x03\xc06\xdd\xb1zT\
u\x9f\xa6\x13x.\xab\xdeP\xbd\xa4\xbap`\xaem\
\xfb\xfd\xea+G\x87\x80\x85z\xdd\xe8\x00Ka\x0f\x00\
\xdbp\xcb\xea\xe9\xd5\xdb\x9bn\xe0\xf1U\xd5C\xaaG\
T\xcfh\xba\xb9\xc7w\x0cK\xb7}\xcf\x1d\x1d\x00\x16\
\xeaO\xab\x0bF\x87X\x0a\x05\x80\xb9\xdd\xb6zm\xf5\
]ME\xe0\xc6\x9c^\xfdh\xf5\xe4\x03\xcat\xd0~\
\xbb\xfa\x99\xd1!`a\xae\xaa\xce\xab\x8e\x8c\x0e\xb2\x14\
\x0a\x00s\xbam\xf5\x9b\xd5\xbd\x8f\xf3\xf5?\xd0ro\
\xec\xf1\xb8\xea\x17G\x87\x80\x85\xb8\xbczd\xf5\xc6\xd1\
A\x96D\x01`.\xd7\x0f\xff\xcf\xdb\xc3{Nm\xb9\
7\xcc\xb9\xaa\xe9\x17\xd6\xd7U\x7f68\x0b\xec\xaa\xc3\
M{\xd3\xee^\xfd\xaf\xc1Y\x16\xc7I\x80\xcca\x93\
\xe1\x7f\xbd\x87U\xdf\xd42w\xeb\x1d\xa9^zt9\
\xab\xfa\xf8\x94n8^WT\x7f[]3:\xc8R\
)\x00\xec\xd7~\x86\x7fM\x83\xf1\xcc\xea}\xb3%:\
1]|t\x018!\xd8\x1aa?\xf6;\xfc\xafw\
\xda\x0cY\x00\xd8\x03\x05\x80M\xcd5\xfc\xaf\xae.\xda\
\x7f\x1c\x00\xf6B\x01`\x13s\x0d\xff\x9a.\x19t\x8c\
\x0f\xe0\x80)\x00\xec\xd5\x9c\xc3\xffH\xf5C3\xac\x07\
\x80=r\x12\xe0\xee\xbbu\xd3\xd3\xe7\xee\xdat\xe3\x9d\
\xbfk\xba\x11\xcd\xfb\xb7\xf0Ys\x0e\xff\x9a\xee\x0a\xf8\
\xda\x99\xd6\x05\xc0\x1e(\x00\xbb\xeb\xf4\xea\xfb\xaa\xc7W\
\xb7\xb9\xc1\x9f]S\x9d_}Ou\xe5L\x9f7\xf7\
\xf0\x7f~S>\x00\x06P\x00v\xd3\x1d\xab\xd7T\xff\
\xea&\xfe\xfc\xd4\xea\xdb\x9b\x1e\xc2\xf3o\xda\xff\xde\x80\
m\x0c\xff\xa5^\xfb\x0f\xb0\x13\x9c\x03\xb0{\x0eU?\
\xdfM\x0f\xff\x7f\xec\x9e\xd5\xab\x9b\xae\xb3\xdf\x94\xe1\x0f\
\xb0@\x0a\xc0\xee\xf9\xd2\xea\x9c=\xbc\xfe\x1em^\x02\
\xb61\xfc=\xcc\x03\xe0\x04\xa0\x00\xec\x9e\xaf\xda\xe0=\
\x9b\x94\x80m\x0d\xff\xebfZ\x1f\x00\xfb\xa0\x00\xec\x9e\
\xbbm\xf8\xbe{4]\x1dp<%`\xee\xe1\xff\x82\
\x0c\x7f\x80\x13\x8a\x02\xb0{N\xde\xc7{\xef\xde\xcd\xef\
\x09\xd8\xc6\x96\xff\xe32\xfc\x01N(\x0a\xc0\xeey\xfb\
>\xdf\x7f\xac\xc3\x01v\xfb\x03\xac\x84\x02\xb0{^5\
\xc3:n\xac\x04\x18\xfe\x00+\xa2\x00\xec\x9e\x97T\x97\
\xcc\xb0\x9e\xebK\xc0\xed3\xfc\x01VG\x01\xd8=\x97\
WO\x9ai]\xd7\x9f\x18\xf8\xaa\x0c\x7f\x80Uq'\
\xc0\xdd\xf4\xa2\xeaS\xab\xef\x9ea]\xf7\x98a\x1d\xd7\
3\xfc\x01v\x84=\x00\xbb\xeb\xc9M\xf7\xd2?Qn\
\xaa\xf3\xc2\x0c\x7f\x80\x9d\xa1\x00\xec\xb6\xa7U\xdfP}\
tp\x8e\x17V\xe7f\xf8\x03\xec\x0c\x05`\xf7\xfdt\
\xf5\xd5\xd5\xd5\x83>\xdf\xf0\x07\xd8A\x0a\xc02\xfcJ\
\xf5\xc5M'\x08\x1e$\xc3\x1f`G)\x00\xcb\xf1\x9a\
\xea!\xcds\x89\xe0\xf10\xfc\x01v\x98\x02\xb0,o\
\xac\x1eP\xfd\xc3\x96?\xc7\xf0\x07\xd8q.\x03\x5c\x9e\
\xb74=.\xf8\xb7\xaaO\xda\xc2\xfa\x0d\xff\xcd\xdc\xa6\
\xfa\xe7\xd5i\xa3\x83\xc0\x86\x0eW\xef\xaa\xae\x18\x1d\x84\
y(\x00\xcb\xf4\xf6\xea~Mw\xf7\xfb\x8c\x19\xd7k\
\xf8\xef\xddW4\xdd\xb8\xe9\xde\xd9\xe3\xc6\xee\xbb\xb6z\
m\xf5CMw\x12e\x87\xf9\x85\xb4\x5c\x176\x1d\x0e\
\xf8\xc3\x99\xd6g\xf8\xef\xcd)\xd5\x8b\xab\x97W\xf7\xc9\
\xdf5\x96\xe1\xe4\xa6s\x8d~\xabzfuhl\x1c\
\xf6\xc3/\xa5e\xbb\xb4zh\xd3_\xd6\xfd0\xfc\xf7\
\xee'\xaa\x7f;:\x04l\xd1\x13\xaa\xff2:\x04\x9b\
S\x00\x96\xefp\xf5e\xd5/m\xf8~\xc3\x7f\xef\xee\
\xdf\xf4\xff\x0c\x96\xee{\x9bnK\xce\x0eR\x00\xd6\xe1\
\xea\xeak\x9a\x86\xf9^\x18\xfe\x9by\xfc\xe8\x00p@\
nQ}\xd3\xe8\x10lF\x01X\x8fk\xab\xc76\x1d\
\xb7;\x1e\x86\xff\xe6\xee7:\x00\x1c\xa0\x07\x8c\x0e\xc0\
f\x14\x80u9R=\xb1\xfa\xb6\x8e})\x8f\xe1\xbf\
?g\x8e\x0e\x00\x07\xe8\xe3F\x07`3\x0a\xc0:\xfd\
x\xf5)\xd5\x0fW\x7f\xd3\xb4w\xe0\x92\xea\xd7\xab\x87\
W\xdf\x98\xe1\xbf\x1f\xef\x1b\x1d\x00\x0e\xd0{G\x07`\
3\xee\x03\xb0^\xef\xa9\xbe\xeb\xe8\xc2\xbc~\xa7\xfa\xba\
\xd1!\xe0\x80\xbcft\x006c\x0f\x00\xcc\xef\xc7\x9a\
\x0e\xb7\xc0\xd2]S\xfd\xe4\xe8\x10lF\x01\x80\xf9\xbd\
\xb1\xa9\x04\xc0\xd2}\x7f\xd3aDv\x90\x02\x00\xdb\xf1\
\xc4\xea\xb9\xa3C\xc0\x96\x1c\xa9~\xa0z\xda\xe8 l\
N\x01\x80\xed\xb8\xb6\xfa\x96\xea\x0b\xaaWU\x1f\x19\x1b\
\x07fqU\xf5\xabM\xb7\xb7\xfe\xcf\x83\xb3\xb0ON\
\x02\x84\xedz\xf5\xd1\xe5\x94\xea\x0eG\xff\x09\xbb\xe8\xea\
\xea\xa2\xa6r\xcb\x02(\x00p0>R\xbd{t\x08\
\x80\xeb9\x04\x00\x00+\xa4\x00\x00\xc0\x0a)\x00\x00\xb0\
B\x0a\x00\x00\xac\x90\x02\x00\x00+\xa4\x00\x00\xc0\x0a)\
\x00\x00\xb0B\x0a\x00\x00\xac\x90\x02\x00\x00+\xa4\x00\x00\
\xc0\x0a)\x00\x00\xb0B\x0a\x00\x00\xac\x90\x87\x01\x8dw\
n\xf5\x85\xa3C\xec\xb0O\x1b\x1d\x00`\x17)\x00\xe3\
=jt\x00\x00\xd6\xc7!\x00\x00X!\x05\x00\x00V\
H\x01\x00\x80\x15R\x00\x00`\x85\x14\x00\x00X!\x05\
`>W\x8c\x0e\xc0q;<:\x00\xc0h\x0a\xc0|\
\xfevt\x00\x8e\xdb\xdbF\x07\x00\x18\xed\xd0\xe8\x00\x0b\
r\xc7\xea\x9d\xd5)\xa3\x83pL\x97Tw\xaa\xae\x19\
\x1d\x04`${\x00\xe6sa\xf5\xbc\xd1!\xb8Y\xff\
-\xc3\x1f\x80\x99\x9dV]P\x1d\xb1\x9c\x90\xcb\xcbS\
z\x01\xd8\x923\xaa\x97V\xd75~\xe0Y\xa6\xe5#\
\xd53s\xebk\x80\xff\xcf9\x00\xdbs\xcf\xeak\xab\
\xbbU\x1f78\xcb\x1a\x1d\xa9.\xaa\xfe\xb4zI\xf5\
Wc\xe3\x00\x00\x00\x00\x00\x00\x00\x00\x00\x00\x00\x00\x00\
\x00\x00\x00\x00\x00\x00\x00\x00\x00\x00\x00\x00\x00\x00\x00\x00\
\x00\x00\x00\x00\x00\x00\x00\x00\x00\x00\x00\x00\x00\x00\x00\x00\
\x00\x00\x00\x00\x00\x00\x00\x00\x00\x00\x00\x00\x00\x00\x00\x00\
\x00\x00\x00\x00\x00\x00\x00\x00\x00\x00\x00\x00\x00\x00\x00\x00\
\x00\x00\x00\x00\x00\x00\x00\x00\x00\x00\x00\x00\x00\x00\x00\x00\
\x00\x00\x00\x00\x00\x00\x00\x00\x00\x00\x00\x00\x00\x00\x00\x00\
\x00\x00\x00\x00\x00\x00\x00\x00\x00\x00\x00\x00\x00\x00\x00\x00\
\x00\x00\x00\x00\x00\x00\x00\x00\x00\x00\x00\x00\x00\x00\x00\x00\
\x00\x00\x00\x00\x00\xcc\xec\xff\x01T\xf7n\xf5\xd1\xa9w\
\x17\x00\x00\x00\x00IEND\xaeB`\x82\
\x00\x00\x08$\
\x89\
PNG\x0d\x0a\x1a\x0a\x00\x00\x00\x0dIHDR\x00\
\x00\x02\x00\x00\x00\x02\x00\x08\x03\x00\x00\x00\xc3\xa6$\xc8\
\x00\x00\x00\x03sBIT\x08\x08\x08\xdb\xe1O\xe0\x00\
\x00\x00\x09pHYs\x00\x00\x0b\x94\x00\x00\x0b\x94\x01\
w\xed\xb6\xf4\x00\x00\x00\x19tEXtSoft\
ware\x00www.inkscap\
e.org\x9b\xee<\x1a\x00\x00\x00\xeaPLT\
E\xff\xff\xff\x00\x00\x00\x00\x00\x00\x00\x00\x00\x00\x00\x00\
\x00\x00\x00\x00\x00\x00\x00\x00\x00\x00\x00\x00\x00\x00\x00\x00\
\x00\x00\x00\x00\x00\x00\x00\x00\x00\x00\x00\x00\x00\x00\x00\x00\
\x00\x00\x00\x00\x00\x00\x00\x00\x00\x00\x00\x00\x00\x00\x00\x00\
\x00\x00\x00\x00\x00\x00\x00\x00\x00\x00\x00\x00\x00\x00\x00\x00\
\x00\x00\x00\x00\x00\x00\x00\x00\x00\x00\x00\x00\x00\x00\x00\x00\
\x00\x00\x00\x00\x00\x00\x00\x00\x00\x00\x00\x00\x00\x00\x00\x00\
\x00\x00\x00\x00\x00\x00\x00\x00\x00\x00\x00\x00\x00\x00\x00\x00\
\x00\x00\x00\x00\x00\x00\x00\x00\x00\x00\x00\x00\x00\x00\x00\x00\
\x00\x00\x00\x00\x00\x00\x00\x00\x00\x00\x00\x00\x00\x00\x00\x00\
\x00\x00\x00\x00\x00\x00\x00\x00\x00\x00\x00\x00\x00\x00\x00\x00\
\x00\x00\x00\x00\x00\x00\x00\x00\x00\x00\x00\x00\x00\x00\x00\x00\
\x00\x00\x00\x00\x00\x00\x00\x00\x00\x00\x00\x00\x00\x00\x00\x00\
\x00\x00\x00\x00\x00\x00\x00\x00\x00\x00\x00\x00\x00\x00\x00\x00\
\x00\x00\x00\x00\x00\x00\x00\x00\x00\x00\x00\x89A\xfa\x93\x00\
\x00\x00MtRNS\x00\x01\x03\x04\x06\x07\x0b\x0c\x0d\
\x0e\x15\x1a\x1c\x1e\x1f'*48<=?ABC\
GIJO[qsu|\x82\x83\x84\x86\x88\x89\x8b\
\x8f\x95\x96\x97\x9b\x9d\xa5\xa7\xab\xae\xb1\xb3\xb5\xb8\xba\xbf\
\xc2\xc3\xc5\xcb\xd0\xd3\xd9\xde\xe0\xe4\xe6\xeb\xec\xed\xf3\xf5\
\xf9\xfa\xfc\xfe\xbb\xec7\x8e\x00\x00\x06SIDAT\
x\xda\xed\xddY[\x14G\x14\x00\xd0\x02F\x10\x1c\xd1\
\x01\x14\x90\x10\x84\xb0(\x91\xb0\x18\xb6a\x8dl\x82\x93\
\xff\xffw\xf2\x90/;P\xd5\x03\xc6\xa9\xeas\x9e\xab\
y\xb8\xb7\x99\xae\xe5VU\x08\x00\x00\x00\x00\x00\x00\x00\
\x00\x00\x00\x00\x00\x00\x00\x00\x00\x00\x00\x00\x00\x00\x00\x00\
\x00\x00\x00\x00\x00\x00\x00\x00\x00\x00\x00\x00\x00\x00\x00\x00\
\x00\x00\x00\x00\x00\x00\x00\x00\x00\x00\x00\x00\x00\x00\x00\x00\
\x00\x00\x00\x00\x00\x00\x00\x00\x00\x00\x00\x00\x00\x00\x00\x00\
\x00\x00\x00\x00\x00\x00\x00\x00\x00\x00\x00\x00\x00\x00\x00\x00\
\x00\x00\x00\x00\x00\x00\x00\x00\xd4\xd7pkva}\xbb\
}tz~\xfd+\xdf\xd4\xf5\xf9\xe9Q{{}a\
\xb65\xfc\xff\xe4~pze\xefL\xdc{\xd1\xd9\xde\
\xca\xf4\xe0WM~cr\xf1\xe0F\xa0{\xd9\xcd\xc1\
\xe2d\xe3+\xa5\x7fl\xf5R\x80sp\xb9:\xf6\xf8\
\xd9\x1f\x9d?\x11\xd9|\x9c\xcc\x8f>j\xfa[[\x1d\
A\xcdKg\xab\xf5h\xe9\x9f\xd8\x11\xcf\x1c\xedL<\
J\xfa\xa7\xf6\x852W\xfbS\x0fN\x7fsS\x18s\
\xb6\xd9|P\xfa\x07\xe6\xae\xc40oWs\x03\xdd\xe7\
\x7f\xfcX\x00\xf3w<\xdee\xfa\xfb\x97t\xfd\x8b\xd0\
Y\xea\xef\xea\xeb\xdf\x16\xbaR\xb4\xbb\xe8\x09\xcc\x5c\x88\
[9.f*\xa6\xbfo\xd9\xcf\x7fQ:\xcb}\x95\
V}6\x84\xac4\x1b\x15\xd6\x88\x86v\xc5\xab<\xbb\
C\xa9\xf9\x1f9\x14\xad\x12\x1d\x8e\xa4\xe5\xff\xb9u\xbf\
B\x9d<O\xfa\xff\x97\xffr\xdf\x80\x84\xdf\x80!\xbf\
\xff\x05;\x8c\xf6\x03\x1a\xfa\x7fE\xdb\x8d\x8c\x05\xfa\x8c\
\xff\x0a\xb7q\xff|\xc0\xb2\x08\x95n\xf9\xde\xf9_\xf3\
\x7f\xc5\xeb\xdc3+\xdc4\xff_\x03\x17w\xae\x0c\xf5\
[\xff\xab\x85\xf6]\xab\xc3KbS\x0fKw\xd4\xff\
\xe8\x00\xd4D\xe7\xd6\x1a\xa1\x01\xf5_\xb5q|[\x9d\
\xe0\x9c\xb8\xd4\xc7\xdc-#\x00\xf5\xbf5r\xf5\xdf\x91\
@\xd5\xfa\xff\xab\x8f\xef\xdf\xce\xbe~\xf14\xf0M=\
}\xf1z\xf6\xed\xfb\x8fU\xff}7\xff\xfdw\xa6*\
=\xfe\xe9\xc3\x9b'b\xdfK\x9e\xbc\xf9\xf0\xa9R\x0a\
\xff\xbdg\xa8\xc2\xfe\xaf\xcf\xefZ}\xb5\x0cr\x8f\xeb\
k\xbd\xfb\x9c\x9e\xc5\xfd\x7f><\x91\xfc\xe0\x97\xb5g\
b\xdd\xab\x9e\xad}IN\xe4?w\x8e&\xef\xff\xfd\
\xf9\xa50\xf7\xb2\x97?\xa7fr\xe7\xef\x8f\xb5\x12\x1f\
\xfa\xe5\x95\x10\xf7\xbaW\xbf$&\xf3\xef\xe7\x07l\xa5\
=\xd2\x1e\xa9mX32\x92\xb8\xa4\xb3\xf5\xd7#\xa3\
i\x93\xc0?5\xea\x1b\xd5\x9c4~JJg\xe7\xaf\
Sd\xe6\x93z\x7f\xdf\x0bm.\xbeO\xea\x0b\xce\xff\
\xd9>\xa5\x0e\xf8\xcbw\xe2\x9a\x8f\xefR\xde\x80\x93?\
Z\x8f\xa5\xbc.\xfe\xff\xf3\xfa\x0dH\xc9\xe9\x1f\xa7\xc9\
\xad\xa6|\xff\xc54/)\xfd\x80\x1f\x7fo\xdaH8\
\xff\xb1\xad\xff\x97\x99F\xc2X\xe0\xf2\xf7\xacN&\x8c\
\xff\x8d\xff\xb23\x920\x1f0\x19B\x08a1\xde\xd0\
\xfcO\x86^\xc5\xf3\xfaC\x08!\x84\x83\xf8\xfc\xafh\
\xe6(>+|\x10B\x08\x83\xd1\xf3\xbf\xbf\x98\xff\xcf\
\xd2\xcb\xe8X\xf0f0\x840\x1d}O\xd6\xc42O\
k\xd1\xd4N\x87\x10Vb\x8d>[\xff\xcd\xd4\xb3h\
}\xc0J\x08a/\xd6\xe8\x9dH\xe6\xea],\xb7{\
!\x84\xe8\xfd/\xad\xda\xc71[\xd1e\xfe\xb3\x10\x86\
cm>\xa9\xff\xcaV_\xb4Np8\xfe\x92|\x10\
\xc7|}\x88\xff\xbc\xcf\xc6\x9a\xbc\x11\xc6|\xbd\x89e\
w6,DZ\x5c\xa9\xff\xce\xd8\x93\xd8~\x81\x85\xb0\
\x1ei\xf1Q\x14s\xf61\x92\xde\xf5\xb0\x1di\xf1^\
\x10s\xf6>\x92\xde\xed\x10[5|+\x889{\x1b\
[\xe7\x0fG\xd1^\x02\x19\x8b\xf5\xf1\x8f\xc2i\xa4\xc5\
kA\xcc\xd9\xebHzO\xc3y\xa4\xc5\x0bA\xcc\xd9\
\x8bHz\xcfC\xec\xfew\xfb\xbf\xb3\xf64\x92\xdek\
/@\xdd_\x00\x9f\x80\xa2\xc5?\x01:\x81E\x8bw\
\x02\x0d\x03\x8b\x16\x1f\x06\x9a\x08*Z|\x22\xc8Tp\
\xd1\xe2S\xc1\x16\x83\x8a\x16_\x0c\xb2\x1c\x5c\xb2\x84\xe5\
`\x05!%K(\x08Q\x12V\xb2\x84\x920E\xa1\
\x05K)\x0aU\x16^\xb0\x94\xb2p\x1bC\x0a\x96\xb4\
1\xc4\xd6\xb0b\xa5m\x0d\xb39\xb4Xk\xd1\xd4N\
\x07\xdb\xc3\xcb\x95\xb8=\xdc\x01\x11\xa5J< \xc2\x11\
1\x85J>\x22\xc6!QEJ?$\xca1q%\
\xaapL\x9c\x83\x22KT\xe1\xa0HG\xc5\x16\xa8\xd2\
Q\xb1\x0e\x8b.N\xb5\xc3\xa2\x1d\x17_\xdc\xff\x7f\xc5\
\xe3\xe2]\x18Q\x94\xea\x17F\xb82\xa6$]\x5c\x19\
\xe3\xd2\xa8\x82tui\x94k\xe3J\xd1\xe5\xb5q.\
\x8e,C\xf7\x17G\xba:6\x7f\x0f\xba:\xd6\xe5\xd1\
\x99{\xf0\xe5\xd1\xae\x8f\xcf\xd4c]\x1f\x1f\x9aU\xff\
\x04\x19\xbbj\xfe\xf7U\x9a\x13\x96\xfa\x98\xbb\xe5\xb7d\
\xe0X\x5c\xea\xe2x\xe0\xb6\xaf\xc9xGd\xea\xa13\
~{\x7fbIh\xeaa\xe9\x8e\x0ee\x7f[l\xea\
\xa0\xdd\x7f\xd7\x90\xa2y!:\xe5\xbbh\xde=\xa8\x9c\
\xd1\x0d(^g\xe6\xbei\x85e\x01*\xdd\xf2\xfd\xf3\
\xc9\x1b\x22T\xb6\x8d\xc8:NcW\x8cJ\xb6\x1b\xad\
\xea\x1a:\x14\xa5r\x1d\x0e\xc5W\x17FN\xc4\xa9T\
'I5}\xcf\xbd\x01\xa5\xe6\xffy\xda\x0a\xe3\x88\xaf\
@\x91\x0e\x93kz\x87\xf4\x04\x0b\xb4;\x14\x925\x8c\
\x06\x8b\xb3QiWG\xdf\xb29\xc1\xa2t\x96\xab\xd6\
q\xceX\x17(\xc8\xc5L\xf5b\xb3\xa6\xb5\xc1b\xb4\
\x9b\xdd\x94\x1b\xf6/\xf9\x0c\x14\xa1\xb3\xd4\xdfe\xc5\xe9\
\xb8*\xb1\x02\x1c\x8fw_s<0\xa7V8sW\
s\x03\x0f*;on\x8aa\xce6\x9b\xe1\xa1\xa6\xf6\
\x851W\xfbS\x8f\xb2\xf9dbG(s\xb43\xf1\
h\xfb\x8fZ[\x06\x04\x99\xe9l=\xee1\xff\xa3\xf3\
\xd6\x083r2?\x1a\x1e\xdd\xd8\xea\xa5\xc8\xe6\xe0r\
u,|\x1d\x8d\xc9\xc5\x83\x1b\x01\xeee7\x07\x8b\x93\
_\xf7,\xaf\xc1\xe9\x95\xbd3\x81\xeeEg{+\xd3\
\x83\xe1\x7f1\xdc\x9a]X\xdfn\x1f\x9d\x9e_\x8b\xfb\
\xb7u}~z\xd4\xde^_\x98m\x0d\x07\x00\x00\x00\
\x00\x00\x00\x00\x00\x00\x00\x00\x00\x00\x00\x00\x00\x00\x00\x00\
\x00\x00\x00\x00\x00\x00\x00\x00\x00\x00\x00\x00\x00\x00\x00\x00\
\x00\x00\x00\x00\x00\x00\x00\x00\x00\x00\x00\x00\x00\x00\x00\x00\
\x00\x00\x00\x00\x00\x00\x00\x00\x00\x00\x00\x00\x00\x00\x00\x00\
\x00\x00\x00\x00\x00\x00\x00\x00\x00\x00\x00\x00\x00\x00\x00\x00\
\x00\x00\x00\x00\x00\x00\x00\x00\x00\x00\x00\x00\xea\xeb7D\
78\x9d\xff\xd9\xb15\x00\x00\x00\x00IEND\xae\
B`\x82\
\x00\x00.\xe9\
\x89\
PNG\x0d\x0a\x1a\x0a\x00\x00\x00\x0dIHDR\x00\
\x00\x02\x00\x00\x00\x02\x00\x08\x06\x00\x00\x00\xf4x\xd4\xfa\
\x00\x00\x00\x09pHYs\x00\x00\x0e\xc3\x00\x00\x0e\xc3\
\x01\xc7o\xa8d\x00\x00\x00\x19tEXtSof\
tware\x00www.inksca\
pe.org\x9b\xee<\x1a\x00\x00 \x00ID\
ATx\x9c\xed\xddy\xf4^U}\xef\xf1w\xc8\x00\
\x84)!P\x911\x80\x802#8\x82(\x82\x80\x03\
UQ\xac\xa2\xc5\xa1Vo{W\xab\xad\xb5zo\xaf\
\xbd\xd6\xd6\xd6\xd6\xb6\xd6\xb6\xd6\xb9\xd6Z{-N\x08\
VQ\x10QAQq@T@\x11\xc2<%$!\
\x04B\x86_\xee\x1f\xfb\x17\x12 \xc3\xef<\xcf>\xcf\
\xf7|\xcf\xf3~\xad\xf5Ya\x01\x7f|\xd77\xfb\xec\
\xb3\x9f3\xec\x03\x92$I\x92$I\x92$I\x92$\
I\x92$I\x92$I\x92$I\x92$I\x92$I\
\x92$I\x92$I\x92$I\x92$I\x92$I\x92\
$I\x92$I\x92$I\x92$I\x92$I\x92$\
I\x92$I\x92$I\x92$I\x92$I\x92$I\
\x92$I\x92$I\x92$I\x92$I\x92$I\x92\
$I\x92$I\x92$I\x92$I\x92$I\x92$\
I\x92$I\x92$I\x92$I\x92$I\x92$I\
\x92\xa4n\x99\x16]\x80\xa4\xaaf\x02\xdbo\xf0'\xc0\
v\xc0\xac\xc9\x7f\x9eC9\xee7\xfc\xef\xf7\x02\xab\x80\
\xb5\xc0\x92\xc9\x7f\xb7\x12X\xfe\xb0\xff\xbe\xeeOI=\
\xe0\x02@\xea\xb6\xad\x81}\x80=\x80]\x81y\xc0.\
\x93\x7fn\x98]&\xb3c\xcb\xf5\xdc\x03,\x9c\xcc\xa2\
\xc9<\xfc\x9f\x17\x027\x037\x02\x0f\xb4\x5c\x8f\xa4\x01\
\xb9\x00\x90b\xcd\xa4\x9c\xd8\x1f\x0d\xec\xb7\x91\xec\x03L\
\x0f\xabnx\x8b\x81\xeb6\x92\xdb&\xff\xbc?\xae4\
i\xbc\xb9\x00\x90Fc\x06p\x00p\xf8d\x0e\x03\x0e\
\x05\xf6&\xf7\x09~\x18\xab\x81\x9b\x80\x9f\x02W\x02W\
L\xfe\xf9\xcb\xc9\xff&\xa9E.\x00\xa4\xfa\xe6\x02\x87\
\x00G\x03\x07O\xfe\xf3Q\xc0\xec\xc8\xa2\x12YEY\
\x04\xfc\x0c\xf89\xf0\x03\xe0r\xcaU\x03I\x95\xb8\x00\
\x90\x863\x1dx,p,p\xdc\xe4\x9f\xfb\x85V\xd4\
_\xb7Q\x16\x03\x97\x00\x97\x02\xdf\xa3<\xac(i\x00\
.\x00\xa4f\xb6\x07\x8e\xe4\xa1'\xfc\xb9\xa1\x15\x8d\xaf\
\xe5\xc0\x8fY\xbf \xb8\x84\xf2\xcc\x81\xa4)p\x01 \
m\xdel\xe0\x19\xc0\xa9\xc0\xf1\x94\xfb\xf6\xe3z\xcf\xbe\
\xeb\xd6P\x9e!\xf8&p>p1>d(m\x92\
\x0b\x00\xe9\x91\xf6\x03N\x9a\xcc\xb3Y\xff\xbe\xbcrY\
A\xb9*p\xe1d~\x10[\x8e\xd4-.\x00$\xd8\
\x96r)\xff$\xe0\xd7\x81\xc7\xc5\x96\xa3\x96\x5c\x0f\x5c\
@Y\x0c|\x85\xb2\xa7\x814\xb6\x5c\x00h\x5c\xed\x0c\
\xbc\x108\x83r\x89\x7f\xeb\xd0j4j+(\xb7\x08\
>\x0d|\x1e\x9f\x1d\xd0\x18r\x01\xa0q2\x87\xf2\x0b\
\xff\x0c\xe0d\xd6o\x8f\xab\xf1\xb6\x06\xb8\x8c\xb2\x18\xf8\
$e'CIRr\xb3\x81\xd3\x80\xb3)\xbf\xfa\xd6\
\x1a\xb3\x99\xac\x00\xce\x03\xce\xa2\xfdm\x95%I\x95\xcd\
\xa2\xfc\xca\xff<\xe5)\xf0\xe8\x93\x8a\xc9\x99\xfb\x81\xcf\
\x02/\xc6\xabE\x92\xd4i\x07\x02\xef\x02\xee \xfe\xe4\
a\xfa\x95\xbb\x81\x0fR\xb6p\x96$u\xc0\xd6\x94_\
\xfb\x17\x00\x13\xc4\x9f(L\xffs9\xf0:\xdc\xdaY\
\x92B<\x8e\xf2k\xff.\xe2O\x08f<\xb3\x84r\
U\xe0H$I\xad\x9a\x09\xfc&\xe5\x89\xed\xe8\xc9\xdf\
\x98\x0d\xf3\x1d\xe0\x15\x941*I\xaad\x07\xe0\x0d\xc0\
\x8d\xc4O\xf4\xc6l.\xb7\x01o\xc7\xefCH\xd2P\
\xe6S.\xf3/&~b7\xa6I\x96\x01\xef\x05\xf6\
A\x924eG\x01\xffN\xf9.|\xf4Dn\xcc0\
YC\xd9W\xe0\xc9H\x926\xe9\xb9\x94\xedY\xa3'\
mc\xda\xc8E\xc0s\x90$=\xe8$\xe0\xbb\xc4O\
\xd0\xc6\x8c\x22\x97Qv\xa7\x94\xa4\xb1u\x1c\xe5WQ\
\xf4\x84lLD.\x05ND\x92\xc6\xc8S(\xf7E\
\xa3'`c\xba\x90K\x80\xa7#I=v8\xe5\xa3\
<\xd1\x13\xae1]\xcc\x05\xc0\x13\x90\xa4\x1e9\x088\
\x07\xb7\xea5fK\x99\x00>\x07\x1c\x80$%6\x87\
\xf2\x1e\xbf\x9f\xe15\xa6YVR\xf6\x11\xd8\x09IJ\
d+\xca\xf7\xd4\xfd*\x9f1\xc3e!e\x17\xcc\xe9\
HR\xc7\x9d\x00\xfc\x98\xf8\x89\xd3\x98>\xe5\xe7\xc0)\
HR\x07\xedM\xd9\xbd/z\xa24\xa6\xcf9\x0f\xd8\
\x0f\xa9\x02/+iX\xb3\x81?\x07>\x09<>\xb8\
\x16\xa9\xef\x0e\x04^\x0flK\xf9\x02\xe1\xea\xd8r\x94\
\xd9\xb4\xe8\x02\x94\xda\xf1\xc0\x87(O\xf9K\x1a\xad\xeb\
(\x8b\x81\x0b\xa3\x0bQN[E\x17\xa0\x94\xe6\x00\x1f\
\xa4\xec\xdb\xef\xc9_\x8a\xb1\x1f\xf0U\xca\xad\xb7y\xc1\
\xb5(!o\x01\xa8\xa9\xd3\x80/Q\x1e\xf6\xf3\x0a\x92\
\x14k\x1ap\x04\xe5\xad\x9b\xbb\x80+b\xcbQ&N\
\xe0\x9a\xaaG\x03\xff\x04\xbc(\xba\x10I\x9b\xf4E\xe0\
w\x81\x9b\xa2\x0bQ\xf7y\x05@[2\x8d\xf2\xeb\xe2\
\x5c\xe0\xe8\xe0Z$m\xde\x81\xc0k\x80\xfb\x81\xefS\
\xde\x1c\x906\xca+\x00\xda\x9c=)\xf7\x17O\x88.\
DRc\x17\x02\xaf\x02n\x09\xaeC\x1d\xe5C\x80\xda\
\x94\xd3)\x1b\xfax\xf2\x97r:\x09\xf8)\xf0\xb2\xe8\
B\xd4M.\x00\xf4p\xb3){\x90\x7f\x16\x9f,\x96\
\xb2\x9b\x03\xfc'\xe5J\xde\xf6\xc1\xb5\xa8c\xbc\x05\xa0\
\x0d=\x81\xb2\xa1\x8f_\x22\x93\xfa\xe7z\xe0\x15\xc0\xb7\
\xa3\x0bQ7\xf8\x10\xa0\xa0\x8c\x83?\x06\xfe\x03\xd85\
\xb8\x16I\xed\x98\x0b\xbc\x92r\xbc\x7f\x0b\x1f\x10\x1c{\
^\x01\xd0\xde\xc0'(\xbb\xfaI\x1a\x0f\xdf\xa1\x5c\x0d\
\xb8.\xba\x10\xc5q\x010\xdeN\xa3\xdc\x1b\x9c\x13]\
\x88\x86\xb2\x1aX4\x99\x85\x1b\xfc\xf3\xa2\xc9\xff\xbel\
\xf2\xffY\x0b,\x99\xfcw\x0f\x00\xf7M\xfe\xf3l`\
\xeb\xc9\x7f\x9eC\x99\x17f\x00;L\xfe\xbby\x93\xd9\
e\x83\x7f\x9e7\xf9\xff(\xaf\xc5\xc0\xcb\x81/G\x17\
\xa2\x18.\x00\xc6\xd3V\xc0\xff\x05\xde\x86c\xa0\xeb\x1e\
\x00\x16l$7Pv~\xbb\x0bX\x1aQ\x18\xb0\x13\
\xe5\x96\xd1\xae\xc0>\xc0\xfc\xc9\xec;\xf9\xe7>\xac_\
X\xa8\x9b&\x80?\xa3|\xd0\xcb[\x02c\xc6\xc9\x7f\
\xfc\xcc\xa5<\xe8\xf7\xec\xe8B\xf4\x10\x0b)\xdb\xb8^\
9\x99k(\x0fm\xddF\xde\x89y\x1ae\x07\xc9}\
\x81\xc7\x02\x87M\xe6\x08|\xc3\xa4k\xbe\x08\xfc&\xeb\
\xaf\x10i\x0c\xb8\x00\x18/G\x00\x9f\xc3\xef\x89G\x9a\
\x00~F\xd9c\xe1J\xd6\x9f\xf4o\x8b,*\xc0\xee\
\x94\xc5\xc0\xe1\x939\x128\x18_M\x8et-e\xff\
\x8f+\xa3\x0b\xd1h\xb8\x00\x18\x1fg\x02\x1f\xa6\xdc\xef\
\xd5\xe8,\xa7\x9c\xec/\x01.\x9d\xcc\xdd\xa1\x15u\xd7\
\xf6\x94\x85\xc0\xb1\xc0q\x93\xf1\xf9\x94\xd1Z\x01\xfc\x0e\
\xf0o\xc1uH\xaa`&\xf0\x8f\x94\xcb\xc8\xa6\xfd,\
\x04\xce\x06~\x1f8\x06\x1f\x94\x1b\xc6\x0cJ\x0f\xdf\x00\
|\x9a\xf2Pc\xf4\xdf\xef\xb8\xe4=8v\xa5\xd4v\
a\xfd\xfb\xbe\xa6\x9d\xac\x01\xbeGy\x90\xea\xc9\xb8\xb7\
F\x9b\xa6\x03O\x01\xdeA\xf9\xd0\xcd\x1a\xe2\xff\xfe\xfb\
\x9c\x8b\xf1Y\x0d)\xa5\xfd\x81\xab\x89\x9fD\xfa\x98u\
\xbf\xf2_G\xb9\x97\xad\x18\xbb\x00g\x00\x1f\x04n%\
~\x5c\xf41\xd7\x02\x07M\xf5/DR\xbc\xa7\x00w\
\x12?y\xf4)\x8b({&\x9c\x86\x97F\xbbh+\
\xca3\x03\xefe\xfd\x9b\x13\xa6\xde\xd8\x7f\xda\xd4\xff*\
$Ey1e\x83\x97\xe8I\xa3\x0f\xb9\x9b\xf5'\xfd\
\x99M\xfe\x12\x14j:\xeb\x17\x03w\x10?\x8e\xfa\x90\
\x15\x94\x07\x89%u\xd4\xff\xa2\xbcf\x16=Yd\xce\
2\xe0c\xc0\xa9x\xd2\xef\x83\x99\x94=/\xfe\x0d\xb8\
\x97\xf8\xf1\x959k(\xdf\x0c\x91\xd4!3\x80\xf7\x13\
?Ad\xce\xe5\x94{\xfa\xeb\xb6\xbfU\xff\xec\x00\x9c\
\x05\x5c@\xfcx\xcb\x9c\x8f\xe2\xe2X\xea\x84\xed\x81\xff\
&~R\xc8\x98\xa5\x94\x07\xc8\x1e\xdf\xb8\xeb\xca\xee`\
\xe0]\x94\x07:\xa3\xc7a\xc6|\x95\xb2\x15\xb4\xa4 \
\xbb\x02?$~2\xc8\x96oS>\x8b\xea\xa6H\x9a\
\x0d\xbc\x8a\xf2u\xbc\xe8q\x99-\x97S\xde\xc4\x904\
b\xbb\x01?!~\x12\xc8\x925\xc0y\x94]\xe6\xa4\
\x8d9\x9a\xf2\xd0\xe7*\xe2\xc7k\x96\xfc\x1c\xd8c\x90\
fK\x1a\xcc\xde\xc0/\x89?\xf83\xe4^\xcae~\
\xdfe\xd6T\xedKy\x83\xc0\x87\x06\xa7\x96\xeb\xf0\xfb\
\x22\xd2H\xecK9\xe0\xa2\x0f\xfa\xae\xe7v\xe0\xed\xb8\
\x93\x99\x06\xb7\x13e\x1b\xe2\x9b\x88\x1f\xcf]\xcf\x0d\xc0\
\x01\x83\xb5Y\xd2T\x1c\x8a\x9b\x9cl)7\x01\xff\x03\
\x985`\x8f\xa5\x87\xdb\x1a\xf8]\xe0f\xe2\xc7w\x97\
s+p\xc8\x80=\x96\xb4\x19\x8f\x07\xee\x22\xfe \xef\
j\xee\x04\xde\x02l;h\x83\xa5-\x98EyU\xd4\
m\x877\x9d\xbb\x81'\x0d\xda`I\x8ft,\xb0\x84\
\xf8\x83\xbb\x8bYH9\xf1\xfbD\xbfFe6\xe5\xd6\
\xc0\xed\xc4\x8f\xff.f\x09>l+Uq,>\x8c\
\xb4\xb1\xdc\x0d\xfc\x09e\x1f\x04)\xc2\x0e\xc0\xdb\x80\xc5\
\xc4\x1f\x0f]\xcb2\xe0\xa9\x83\xb7V\xd2\x91\x94\x13]\
\xf4\xc1\xdc\xa5\xac\xa2<\xd5\xbf\xeb\x10}\x95j\xda\x99\
\xf2\xd6\x80\xaf\x0f>4K\x80c\x86\xe8\xab4\xb6\x0e\
\xc5]\xca\x1e\x9e\xaf\x01\x87\x0d\xd3T\xa9E\x8f\x05\xbe\
D\xfcq\xd2\xa5\xdc\x85\x0f\x06J\x8d<\x06\x1f4\xda\
0\xbf\xa0|\xf7]\xca\xe0$\xca\x069\xd1\xc7MW\
r\x07eq$i\x0b\xf6\x02\xae'\xfe\xa0\xedB\x96\
Q\xde\xe5\xdfz\x98\x86J\x01fR\x1e\x14\xf4\xe1\xdd\
\x92\x1b\x81\xf9\xc34T\xea\xbbG\x01W\x13\x7f\xb0v\
!\xe7\xe1\x16\xa3\xcao7\xe0l\xe2\x8f\xa7.\xe4\x97\
\xc0\xa3\x87k\xa7\xd4O\xbb\x00?%\xfe \x8d\xce\xad\
\xc0\x8b\x86\xec\xa5\xd45\xa7\xe1\x8e\x82k\x81+qw\
N\xe9!v\xc4\xaf\xfaM\x00\xef\xc7O\x8c\xaa\xbf\xe6\
\x00\x1f\xa2\x8c\xf5\xe8\xe3-2\x97S^\xa1\x94\xc6\xde\
L\xe0+\xc4\x1f\x94\x91\xb9\x16x\xe6\xb0\x8d\x94\x928\
\x0e\xb8\x8a\xf8\xe3.2_\x06f\x0c\xdbH)\xbb\x0f\
\x13\x7f0Fe5\xf0W\xc06CwQ\xcae[\
\xe0o(\x9f\xa9\x8e>\x0e\xa3\xf2\xfe\xa1\xbb(%\xf6\
\xbf\x89?\x08\xa3r\x03\xf0\xf4\xe1[(\xa5v\x02\xe5\
\x09\xf9\xe8\xe31*o\x1e\xbe\x85R>/a|W\
\xff\x9f\xa6\xec\x9e&\xa9<\xf7\xf2\x1f\xc4\x1f\x97\x11\x99\
\x00\xce\x1c\xbe\x85R\x1e\xc7\x01\xf7\x13\x7f\xf0\x8d:K\
)_S\x93\xf4Hg0\x9e\xdf\x15\xb8\x1f\xbf\x1b\xa0\
1\xb1?\xe5\xd3\xb5\xd1\x07\xdd\xa8s\x19e\x87CI\
\x9b6\x1f\xf8\x16\xf1\xc7\xeb\xa8\xb3\x108`\xf8\xf6I\
\xdd\xb5\x0be3\x8c\xe8\x83m\x94\x99\x00\xde\x09L\xaf\
\xd0?i\x1c\xcc\xa0< 8n\xaf\x0b^\x83{\x04\
\xa8\xa7f2~+\xfb\xa5\xc0\x0bj4O\x1aC/\
\x06\xee!\xfe8\x1ee.\xc6\xd7\x03\xd5C\xffD\xfc\
\xc15\xca\x5c\x0d\x1c\x5c\xa5s\xd2\xf8:\x90\xf1\xdb!\
\xf4\xef\xabtN\xea\x883\x89?\xa8F\x99spG\
?\xa9\x96\x1d(o\xceD\x1f\xd7\xa3\xccYU:'\
\x05;\x1cXN\xfc\x015\x8a\xac\x06\xde\x02L\xab\xd2\
9I\xebL\xa3|]p\x15\xf1\xc7\xf9(r\x1fp\
T\x95\xceIA\xe6\x02\xbf\x22\xfe`\x1aE\x16\x03'\
\xd6i\x9b\xa4M8\x85\xf2lM\xf4\xf1>\x8a\xfc\x82\
\xf2\xfd\x04)\x9d\xad\x80\xff&\xfe \x1aEn\x06\x8e\
\xa8\xd36I[p\x08\xb0\x80\xf8\xe3~\x149\x8f2\
\x97J\xa9\xbc\x83\xf8\x83g\x14\xf9\x1e\xe5\x9b\xe7\x92F\
\xe7\xd1\x94\xaf\xeaE\x1f\xff\xa3\xc8\xdb*\xf5L\x1a\x89\
\xe71\x1e\xdb\xfc\x9e\x03\xcc\xae\xd43I\xcdl\x07\x9c\
K\xfc<\xd0v\xd6\x00\xcf\xa9\xd43\xa9U\xf3\x19\x8f\
\xed<\xdf\x8b\x9b\xfbH\xd1\xa6\x03\xef#~>h;\
\x8b\x80\xbd*\xf5Lj\xc5t\xe0\x12\xe2\x0f\x966\xb3\
\x86\xf24\xb2\xa4\xeex\x13\xfd\xdf9\xf0b|\x1e@\
\x1d\xf6\xa7\xc4\x1f$mf5\xf0\xeaj\xdd\x92T\xd3\
+\xe8\xffk\x82o\xad\xd6-\xa9\xa2c\x80\x95\xc4\x1f\
 me%\xe5ke\x92\xba\xeb7\xe8\xf7<\xb4\x0a\
xR\xb5nI\x15lG\xf9\x90E\xf4\xc1\xd1VV\
\xe0\x9e\xfeR\x16\xcf\xa5\xdf\x9f\x1b\xff%ewD\xa9\
\x13>F\xfcA\xd1V\x96\x03\xcf\xaa\xd7*I#\xf0\
\x0c`\x19\xf1\xf3G[\xf9`\xb5NIC8\x9d\xf8\
\x83\xa1\xad,\x01\x8e\xad\xd7*I#t\x1c\xe5\x18\x8e\
\x9eG\xda\x8a\xb7$\x15jO\xe0n\xe2\x0f\x84\xb6N\
\xfe\xc7\xd4k\x95\xa4\x00O\xa4\xbf[\x07/\x04v\xaf\
\xd7*i\xea\xb6\x02.\x22\xfe h#\xf7\xe2/\x7f\
\xa9/\x8e\xa3\xbf\x1f$\xfb*~|L\x01~\x87\xf8\
\xc1\xdfF\x1e\x00N\xad\xd8'I\xf1N\xa4\xbf\x0f\x06\
\xbe\xb6b\x9f\xa4-\xda\x9d~\xee\xf6\xb7\x128\xadb\
\x9f$u\xc7\xaf\xd3\xcfW\x04\x97\x00{T\xec\x93\xb4\
Y\x9f'~\xd0\xd7\xcej\xe0\xa55\x9b$\xa9s^\
D?7\x0b\xfat\xcd&I\x9b\xf2\x12\xe2\x07{\xed\
L\xe0e4i\x5c\xbc\x92~~\xac\xec\x855\x9b$\
=\xdc\xce\xc0\xed\xc4\x0f\xf4\xdaqo\x7fi\xbc\xbc\x89\
\xf8y\xa7vn\x01v\xaa\xd9$iC\xffJ\xfc \
\xaf\x9d\x0fT\xed\x90\xa4,\xfe\x89\xf8\xf9\xa7v\xde_\
\xb5C\xd2\xa4\x13\xe8\xdf\xd7\xb6\xbe\x88\x9f\xf4\x95\xc6\xd5\
t\xe0\x1c\xe2\xe7\xa1\x9a\x99\x00\x9eY\xb3I\xd2l\xe0\
Z\xe2\x07w\xcd\x5cN\xf9\x86\x81\xa4\xf15\x1b\xf8.\
\xf1\xf3Q\xcd\x5c\x03lS\xb3I\x1ao\xef\x22~P\
\xd7\xcc\xf5\xc0nU;$)\xab\xdd\x81\x1b\x88\x9f\x97\
j\xe6\xcf\xaavHck?\xca\xd7\xf0\xa2\x07t\xad\
,\x05\x0e\xab\xda!I\xd9\x1dL\xbf\xf66\xb9\x0f\x98\
_\xb3A\x1aO}z\xe7\x7f\x15eG0Iz\xb8\
\x93)\xfb\x81D\xcfS\xb5\xf2\xa9\xba\xed\xd1\xb8y&\
\xf1\x83\xb8f\xdeT\xb7=\x92z\xe6\xad\xc4\xcfS5\
s|\xdd\xf6h\x5cL\x07\xae ~\x00\xd7\xca\xe7\xf0\
\xa3\x19\x926o\x1aeW\xbd\xe8\xf9\xaaV~H\xf9\
p\x9b\xd4H\x9f>\xf6s5\xb0c\xdd\xf6H\xea\xa9\
\xed\x81\x9f\x11?o\xd5\xcak\xea\xb6G}7\x07\xb8\
\x8b\xf8\x81[#\xf7\x00\x8f\xab\xdb\x1eI=w\x10\xe5\
\x81\xe1\xe8\xf9\xabF\xee\xc0\x1d\x02\xd5\xc0{\x88\x1f\xb4\
52A\xf9\xf8\x87$5\xf5\x02\xfa\xb3\xf9\xd9_W\
\xee\x8dz\xea \xfa\xf3\xc9\xccwV\xee\x8d\xa4\xf1\xf2\
n\xe2\xe7\xb1\x1aY\x01\xec_\xb97\xea\xa1\xbel\x8d\
y\x09n\xf3+i83\xe9\xcfN\x81~2X\x9b\
u4\xfd\xb8\xe4\xb5\x0cxL\xe5\xdeH\x1aO\xfbS\
\x9e%\x8a\x9e\xd7\x86\xcd\x04pT\xe5\xde\xa8G\xce'\
~\x90\xd6\xc8+j7F\xd2X\xfb-\xe2\xe7\xb5\x1a\
9\xb7vc\xd4\x0fO%~p\xd6\x88\x97\xb9$\xb5\
\xe1S\xc4\xcfo5\xf2\xa4\xda\x8dQ~\x17\x11?0\
\x87\xcdM\xc0\xce\xb5\x1b#I\x94\xd7\xa3\xfb\xf0\xd1\xa0\
\xf3k7F\xb9=\x8d\xf8A9l\xd6\x00'\xd4n\
\x8c$m\xe0x\xfa\xf1\xbd\x00\xb7\x08\xd6\x83\xbeE\xfc\
\x80\x1c6\x7fU\xbd+\x92\xf4H}x5\xf0\xa2\xea\
]QJ\xa7\x10?\x18\x87\xcd5\xc06\xb5\x1b#I\
\x1b\xb15p\x15\xf1\xf3\xde\xb0\xf1\x8a\xa9\xb8\x8c\xf8\x81\
8L\xd6PnaH\xd2\xa8<\x9d\xfc\xafL_Z\
\xbd+J\xe5\xb9\xc4\x0f\xc2a\xf3\xfe\xea]\x91\xa4-\
\xfb\x08\xf1\xf3\xdf\xb09\xb9zW\x94\xc67\x88\x1f\x80\
\xc3\xe4V\xca\x93\xb9\x924j;\x017\x13?\x0f\x0e\
\x93\x0b\xaawE)\x1cC\xfc\xe0\x1b6/\xa8\xde\x15\
I\x9a\xba3\x88\x9f\x07\x87\x8d\xbb\x03\x8e\xa1\xec\x9bZ\
\x9c]\xbf%\x92\xd4\xd8\xe7\x89\x9f\x0f\x87\xc9'\xea\xb7\
D]\xb6\x0f\xb0\x8a\xf8\x817h\x96\x00\xbbU\xef\x8a\
$5\xb7\x07\xe5\xfb#\xd1\xf3\xe2\xa0Y\x09\xecU\xbd\
+\x09l\x15]@\x907\x023\xa2\x8b\x18\xc2;\x80\
\xdb\xa3\x8b\x90$\xe0\x16\xe0/\xa3\x8b\x18\xc2L\xe0\xf7\
\xa3\x8b\xd0h\xec\x08,%~\xd59h\xae\xa5\xbc\x87\
+I]1\x0b\xf8%\xf1\xf3\xe3\xa0\xb9\x87\xf2P\xe3\
X\x19\xc7+\x00\xbfCY\x04d\xf5F\xe0\x81\xe8\x22\
$i\x03+\x81\xb7F\x171\x84\x1d\x80\xd7F\x17\xa1\
v\xcd\x04n$~\xb59h.\xac\xdf\x12I\xaa\xe6\
\xab\xc4\xcf\x93\x83\xe6&\xca9B=\xf5\x9b\xc4\x0f\xb2\
A\xb3\x0a8\xa4~K$\xa9\x9a#\xc8\xfd\xb1\xa0\x97\
\xd7o\x89\xba\xe2\xbb\xc4\x0f\xb0A\xf3\x8f-\xf4C\x92\
j\xfb\x00\xf1\xf3\xe5\xa0\xf9v\x0b\xfdP\x07\x1cN\xfc\
\xe0\x1a4w\x03\xf3\xea\xb7D\x92\xaa\xdb\x95\xf2\xaar\
\xf4\xbc9h\x0e\xad\xdf\x92n\x1a\xa7\x87\x00\x7f;\xba\
\x80!\xfc-\xb0(\xba\x08I\x9a\x82\xbb\x80\x7f\x88.\
b\x08>\x0c\xd83\xdbR~EG\xaf,\x07\xc9]\
\x94'T%)\x8b\x9d(?Z\xa2\xe7\xcfA\xb2\x88\
1\xf9\xbc\xfa\xb8\x5c\x01x107\xba\x88\x01\xfd5\
e\x97-I\xcab)\xf0w\xd1E\x0chg\xe0\x85\
\xd1E\xa8\x9eo\x12\xbf\xaa\x1c$\xb7\x01\xb3[\xe8\x87\
$\xb5m;\xe0\x0e\xe2\xe7\xd1ArQ\x0b\xfdP\x80\
\x83\x80\x09\xe2\x07\xd4 q{JI\x99\xfd\x11\xf1\xf3\
\xe8 \x99\x00\x0eh\xa1\x1f\x1a\xb1\xbf#~0\x0d\x92\
[(\xcf.HRV\xdb\x007\x13?\x9f\x0e\x92w\
\xb5\xd0\x0f\x8d\xd0,\xe0N\xe2\x07\xd2 y}\x0b\xfd\
\x90\xa4Q\xfb=\xe2\xe7\xd3Ar;\xee\x0c\x98\xdaK\
\x88\x1fD\x83\xe4V\xca\xe2E\x92\xb2\xdb\x86\xbc\xcf\x02\
\x9c\xdeB?:\xa3\xefo\x01\x9c\x19]\xc0\x80\xfe\x91\
\xf2q\x0dI\xcan\x05\xf0\xbe\xe8\x22\x06\xf4\xb2\xe8\x02\
4\x98\x1d\x80\xfb\x89_A6\xcd\xbd\xb8\xeb\x9f\xa4~\
\xd9\x992\xb7E\xcf\xafM\xb3\x1c\xd8\xbe\x85~tB\
\x9f\xaf\x00\xbc\x80\x9c\x9b9|\x14w\xfd\x93\xd4/w\
\x03\x1f\x8f.b\x00\xb3\x81\xe7E\x17\xa1\xe6\xce#~\
\xf5\xd84\xab\x81\xfd\xdbh\x86$\x05\xdb\x8f\x9c_\x0a\
\xfc|\x1b\xcdP{\xe6P\xee;E\x0f\x9c\xa69\xbb\
\x8dfHRG|\x8e\xf8y\xb6iVP\xb66V\
\x12\xaf&~\xd0\x0c\x92'\xb7\xd1\x0cI\xea\x88c\x89\
\x9fg\x07\xc9+\xdah\x86\xda\xf1%\xe2\x07L\xd3\xf8\
\x1djI\xe3\xe02\xe2\xe7\xdb\xa69\xaf\x95N\xa8\xba\
\xb9\xc0\x03\xc4\x0f\x98\xa69\xab\x8dfHR\xc7d\xbc\
B\xbb\x92\xf2&\x83:\xee\xb5\xc4\x0f\x96\xa6Y\x82\x1f\
\xfd\x914\x1e\xb6\x05\x16\x13?\xef6\xcd\xabZ\xe8E\
\xa8>\xbe\x06\xf8\xe2\xe8\x02\x06\xf0I\xe0\xbe\xe8\x22$\
i\x04\xee\x07>\x15]\xc4\x00\xce\x88.@\x9b\xb7\x1d\
9\x9f\xfe?\xaa\x8dfHRG\x1dM\xfc\xbc\xdb4\
\xf7\xe3\x95\xdaN;\x8d\xf8A\xd24\xdfk\xa5\x13\x92\
\xd4m? ~\xfem\x9aS[\xe9D\x90\xbe\xdd\x02\
\xc8\xf8\x97\xf3\xe1\xe8\x02$)\xc0G\xa2\x0b\x18\xc0\xb3\
\xa3\x0b\xd0\xa6]K\xfc\x0a\xb1I\x96\x01;\xb6\xd2\x09\
I\xea\xb6\x9d\xc8\xf7}\x80kZ\xe9D\x90>]\x01\
8\x88|\xdb\xe8~\x06\xb8'\xba\x08I\x0a\xb0\x94\xb2\
3`&\x07\x92\xef<\xb3I}Z\x00d\xbc4\x93\
\xf1IXI\xaa\xe5\xbf\xa2\x0b\x18@\xc6[\xcd\xbd\xf7\
\x15\xe2/\x0f5\xc9]\xc0\xccV:!I9\xcc\xa4\
|\xfd4z>n\x92\xde\xec\x0a\xd8\x97+\x00\xdb\x02\
O\x8b.\xa2\xa1\xcf\x01\xab\xa2\x8b\x90\xa4@\xab\x80s\
\xa2\x8bh\xe8\x04r~j\xfe\x11\xfa\xb2\x008\x81\xb2\
\x08\xc8\xc4/\xffIR\xbe\xb9p;\xf2\xfd\xe0\xdc\xa8\
\xbe,\x00\xb2\xdd\x93\xb9\x13\xf8Ft\x11\x92\xd4\x01_\
\x03\x16F\x17\xd1P\xb6s\xceF\xf5e\x01\xf0\xf4\xe8\
\x02\x1a\xfa\x0c\xb0:\xba\x08I\xea\x80\xd5\xe4{\x1b\xe0\
\xf8\xe8\x02T\xecH\x19@\xd1\x0f\x864I\xb6\x05\x8b\
$\xb5\xe9D\xe2\xe7\xe5&Y\x05l\xdfJ'\xd4\xc8\
\xc9\xc4\x0f\x86&\xb9\x13\x98\xdeJ'$)\xa7\xe9\x94\
\xdb\x00\xd1\xf3s\x93<\xb3\x95N\x8cP\x1fn\x01\x1c\
\x17]@C_\x01\xd6D\x17!I\x1d\xb2\x06\xb8 \
\xba\x88\x86\x8e\x8d.`X}X\x00d\xfbK8?\
\xba\x00I\xea\xa0lsc\xb6s\xcf#L\x8b.`\
H\xd3\x81%\xe4\xb9\x173\x01<\x9ar\x1b@\x92\xb4\
\xden\xc0\xad\xe49/\xdd\x03\xecL\xe2+\xba\xd9\xaf\
\x00\x1cA\x9e\x93?\xc0\xe5x\xf2\x97\xa4\x8d\xb9\x1d\xf8\
qt\x11\x0d\xec\x08\x1c\x12]\xc40\xb2/\x00\xb2]\
\x82\xf9rt\x01\x92\xd4a\xd9\xe6\xc8l\xcf\xa0=\x84\
\x0b\x80\xd1\xcav\x8fK\x92F)\xdb\x1c\x99\xed\x1c\xd4\
+7\x12\xff*\xc8T\xb3\x08_\xff\x93\xa4\xcd\x99\x01\
,&~\xbe\x9ej\x16\xb4\xd2\x85\x11\xc9|\x05\xe0Q\
\xc0^\xd1E4\xf05\x12?,\x22I#\xb0\x1a\xf8\
zt\x11\x0d\xec\x03\xec\x1a]\xc4\xa02/\x00\x8e\x88\
.\xa0\xa1oE\x17 I\x09\x5c\x12]@C\x87E\
\x170\xa8\xcc\x0b\x80lM\xbf4\xba\x00IJ \xdb\
\x5cyxt\x01\x83r\x010\x1a\xcb\x81\x9fD\x17!\
I\x09\xfc\x10\xb8/\xba\x88\x062\x9d\x8b\x1e\x22\xf3\x02\
 \xd3\xaa\xeb2\xfc\xfa\x9f$M\xc5*\xe0\xfb\xd1E\
4\x90\xe9\x5c\xf4\x10Y\x17\x003\x80\xc7E\x17\xd1@\
\xb6KZ\x92\x14)\xd3\x9cy\x08I\xdf\xf0\xca\xba\x00\
8\x08\xd8&\xba\x88\x062\x0dfI\x8a\x96i\xce\xdc\
\x16xLt\x11\x83\xc8\xba\x00\xc8t\xcfe\x02\xf8n\
t\x11\x92\x94\xc8\xb7)sg\x16)o\x03\xb8\x00h\
\xdf\xcf\x80\xa5\xd1EHR\x22K\x80\xab\xa2\x8bh \
\xd39\xe9AY\x17\x00\x99V[?\x8a.@\x92\x12\
\xca\xf4a \x17\x00#\x94\xe9\x0bLWF\x17 I\
\x09e\x9a;\x0f\x8d.`\x10\x19\x17\x003\x81\xbd\xa3\
\x8bh\xc0\xf7\xff%\xa9\xb9Ls\xe7>$|\x13 \
\xe3\x02`/r5:\xd3 \x96\xa4\xae\xc8t\x05`\
&\xb0Gt\x11Me\x5c\x00\xec\x1b]@\x03w\x01\
\xb7G\x17!I\x09\xddL\xf9\x8aj\x16\x99\xceM@\
\xce\x05\xc0\xfc\xe8\x02\x1a\xf0\xd7\xbf$\x0d\xee\xa7\xd1\x05\
40?\xba\x80\xa6\x5c\x00\xb4\xcb\x05\x80$\x0d.\xd3\
m\x00\xaf\x00\x8c@\xa6&g\x1a\xbc\x92\xd45\x99\xe6\
\xd0\xf9\xd1\x054\x95q\x010?\xba\x80\x06\xae\x89.\
@\x92\x12\xcb4\x87f\xfaq\x0a\xe4\x5c\x00dj\xf2\
\x82\xe8\x02$)\xb1\xeb\xa3\x0bh`~t\x01MM\
\x8b.\xa0\xa1\xad)\xdf\x89\xce\xb0pY\x01lG\xae\
\xfd\xac%\xa9K\xa6\x03\xf7S^\xb3\xeb\xba5\xc0l\
`et!S\x95\xe1D\xba\xa1}\xc8S\xf3\x0dx\
\xf2\x97\xa4a\xac\x01n\x8a.b\x8a\xa6S\xf6\xa9I\
#\xcb\xc9t\x9d=\xa3\x0bh`At\x01\x92\xd4\x03\
\xd7E\x17\xd0\x80\x0b\x80\x16\xed\x12]@\x03\x99\xee]\
IRW-\x88.\xa0\x81y\xd1\x054\xe1\x02\xa0=\
7D\x17 I=\xb0 \xba\x80\x062\x9d\xa3\xd2-\
\x002\xad\xae\xbc\x02 I\xc3\xcb4\x97f:G\xb9\
\x00h\xd1\x8d\xd1\x05HR\x0fd\xba\x9a\xea\x15\x80\x16\
ej\xee\x1d\xd1\x05HR\x0f\xdc\x19]@\x03\x99~\
\xa4\xa6[\x00djn\xa6\xafXIRWe\x9aK\
3\x9d\xa3\xd2-\x00\xb2\x5c\x01X\x05\xdc\x13]\x84$\
\xf5\xc0b`ut\x11S\x94\xe5\x1c\x05\xe4[\x00d\
Y]-\x02\xd6F\x17!I=\xb0\x96\xb2\x08\xc8 \
\xcb9\x0a\xc8\xb7\x00\xc8\xb2\xba\xcat\xc9J\x92\xba.\
\xcb\x9c\x9a\xe5\x1c\x05\xe4Z\x00\xcc\x02\xb6\x8f.b\x8a\
\x16F\x17 I=\x92eN\xdd\x89\x1c\xdf-\x00r\
-\x00\xb6'\xcf\xc7\x8b\xb2\xacV%)\x83,s\xea\
4\xca\x07\x81R\xc8\xb4\x00\xd8:\xba\x80\x06\xb2\xacV\
%)\x83Lsj\x9asU\xa6\x05\xc0\xac\xe8\x02\x1a\
\xf0\x0d\x00I\xaagit\x01\x0d\xb8\x00hA\x9a\xa6\
\x02+\xa2\x0b\x90\xa4\x1ey \xba\x80\x06\xd2\xfcX\xcd\
\xb4\x00H\xd3T\xca>\x00\x92\xa4:VF\x17\xd0@\
\x9a\x1f\xab.\x00\xda\x91i\xb5*I]\x97iNM\
s\xae\xca\xb4\x00H\xb3\xaa\x22\xd7jU\x92\xba.\xd3\
\x9c\x9a\xe6\x5c\x95i\x01\x90fUE\xae\xc1*I]\
\xe7\x15\x80\x16\xb8\x00hG\xa6\xc1*I]\x97\xe9G\
\x95W\x00Z\x90\xa6\xa9\xe4\x1a\xac\x92\xd4u\x99~T\
\xa5\xf9\xb1\x9ai\x01\x90\xa6\xa9\xb8\x00\x90\xa4\x9a2-\
\x00\xd2\xfcX\xcd\xb4\x00\x90$I\x95dZ\x00d\xfa\
U\x9d\xe9j\x85$u]\x9a_\xd5$\xbaZ\x91i\
\x01\x90\xa6\xa9\xb8\x00\x90\xa4\x9a2-\x00\xd2\xfcX\xcd\
\xb4\x00H\xd3Tr\x0dVI\xea\xbaL?\xaa\xd2\xfc\
Xu\x01\xd0\x8eL\x83U\x92\xba.\xd3\x8f\xaa4\xe7\
\xaaL\x0b\x804\xab*\x5c\x00HRM\x99\x16\x00i\
\xceU\x99\x16\x00iVU\xe4\x1a\xac\x92\xd4u\x99~\
T\xa59WeZ\x00\xa4YU\x91k\xb0JR\xd7\
e\x9aS\xd3\x9c\xab2-\x00\xd2\xac\xaa\xf0\x0a\x80$\
\xd5\x94iNMs\xaer\x01\xd0\x8e\x9d\xa2\x0b\x90\xa4\
\x1e\x99\x13]@\x03^\x01hA\x9a\xa6\x02\xbbD\x17\
 I=\x92iNMs\xae\xca\xb4\x00X\x06\xac\x8d\
.b\x8a\xe6E\x17 I=\x92eN]\x0b,\x8f\
.b\xaa2-\x00VQ\x16\x01\x19dZ\xadJR\
\xd7e\x99S\x97\x00\xab\xa3\x8b\x98\xaaL\x0b\x00\x80\x85\
\xd1\x05LQ\x96\xd5\xaa$e\x90eN\xcdr\x8e\x02\
\xf2-\x00\x16E\x170E\xf3\x80i\xd1EHR\x0f\
l\x05\xcc\x8d.b\x8a\xb2\x9c\xa3\x80|\x0b\x80,\xab\
\xab\x19\xf8&\x80$\xd50\x17\x98\x1e]\xc4\x14e9\
G\x01\xf9\x16\x00\x99VWY.YIR\x97e\x9a\
K3\x9d\xa3\xd2-\x002\xad\xae~-\xba\x00I\xea\
\x81]\xa3\x0bh\xc0\x05@\x8b25w\xef\xe8\x02$\
\xa9\x07\xe6G\x17\xd0@\xa6\x1f\xa9.\x00Z\xb4ot\
\x01\x92\xd4\x03\xf3\xa3\x0bh \xd39*\xdd\x02 \xd3\
\xeaj~t\x01\x92\xd4\x03\x99~Le:G\xb9\x00\
hQ\xa6A+I]5?\xba\x80\x06\xbc\x02\xd0\xa2\
[\xa2\x0bh`~t\x01\x92\xd4\x03\x99~L\xdd\x1c\
]@\x13\xd96\xab\xd9\x1a\xb8\x8f\x1c\x0b\x97\x07\x80\xd9\
\xc0Dt!\x92\x94\xd4t\xe0~`ft!S\xb0\
\x862\xe7\xa7\xf9rm\x86\x13\xe9\x86\x1e\x00n\x8b.\
b\x8a\xb6\x06v\x8b.B\x92\x12\xdb\x93\x1c'\x7f(\
W\xa8\xd3\x9c\xfc!\xdf\x02\x00`At\x01\x0dd\xba\
t%I]3?\xba\x80\x06\xae\x8f.\xa0\xa9\x8c\x0b\
\x80LM~lt\x01\x92\x94X\xa69tAt\x01\
Me\x5c\x00,\x88.\xa0\x81\xc3\xa2\x0b\x90\xa4\xc42\
\xcd\xa1\x0b\xa2\x0bh\xca\x05@\xbb2\x0d^I\xea\x9a\
\xc3\xa3\x0bh \xd3\xd5i \xe7\x02 S\x93\x8f\x88\
.@\x92\x12;4\xba\x80\x062\x9d\x9b\x80\x9c\x0b\x80\
\x05\xd1\x0540\x0f\xd8=\xba\x08IJho\xca\xa7\
\x80\xb3X\x10]@S\x19\x17\x007\x02\xab\xa3\x8bh\
 \xd3%,I\xea\x8aL\xb7PW\x91k\xa3: \
\xe7\x02`5pSt\x11\x0dd\x1a\xc4\x92\xd4\x15\x99\
\xe6\xce\x1b(\x1b\x01\xa5\x92q\x01\x00pet\x01\x0d\
d\x1a\xc4\x92\xd4\x15\x99\xae\x9ef:'=\xc8\x05@\
\xfb\x8e\x8a.@\x92\x12\xca\xf4\x10u\xa6s\xd2\x83\x5c\
\x00\xb4\xef`r=\xc8\x22I\xd1\xe6\x92k\x13\xa0\x9f\
D\x170\x88\xac\x0b\x80L\xcd\xde\x0axRt\x11\x92\
\x94\xc8\xb1\xe4:?e:'=(S\x837\xf4\x0b\
\xca\x17\xa2\xb286\xba\x00IJ$\xd3\x9cy\x1f\xf0\
\xab\xe8\x22\x06\x91u\x01\xb0\x06\xb8*\xba\x88\x062\x0d\
fI\x8a\x96i\xce\xfc)I?\xfb\x9eu\x01\x00\xb9\
.\xb9<\x91<\x9f\xb4\x94\xa4H3\x81\xa3\xa3\x8bh\
 \xd33i\x0f\x91y\x01\x90\xa9\xe9\xdb\x91\xeb\x89V\
I\x8ar\x0c0;\xba\x88\x062\x9d\x8b\x1e\x22\xf3\x02\
 \xd3\x15\x00\xc8uIK\x92\xa2d\x9b+\xb3\x9d\x8b\
\x1e\xe4\x02`t\x8e\x8b.@\x92\x12\xc8\xb6\x00H{\
\x05 \xbb\x1b\x80\xb5Ir70\xbd\x9d6HR/\
\xcc\x00\x16\x13?_O5\xd7\xb5\xd3\x86\xd1\xc8|\x05\
\x00\xe0\xd2\xe8\x02\x1a\x98Ky\x18P\x92\xb4qO\x05\
\xe6D\x17\xd1@\xa6s\xd0#d_\x00|;\xba\x80\
\x86N\x8d.@\x92:,\xdb\x1c\xe9\x02 P\xb6\xe6\
?;\xba\x00I\xea\xb0lsd\xb6s\xd0CL\x8b\
.`H\xd3)\xf7\xd6w\x8c.d\x8a&\x80G\x03\
wF\x17\x22I\x1d\xb3\x1bp+y\xceKK\x81\x9d\
I\xba\x09\x10\xe4\xbf\x02\xb0\x06\xf8^t\x11\x0dl\x05\
\x9c\x1c]\x84$u\xd0\xa9\xe49\xf9C\xb9\x05\x9d\xf6\
\xe4\x0f\xf9\x17\x00\x90\xef\x12L\xb6{\x5c\x924\x0a\xd9\
\xe6\xc6l\xe7\x9eGp\x010z\xa7\xe0\xeb\x80\x92\xb4\
\xa1\x19\xc0\xb3\xa2\x8bh(\xdbC\xe8\xbd\xb4\x03\xb0\x9a\
\xf8\xf7A\x9b\xe4\x84V:!I9=\x8b\xf8y\xb9\
IV\x92k\xbb\xe2\x8d\xea\xc3\x15\x80e\xe4\xdb\x89\xe9\
%\xd1\x05HR\x87d\x9b\x13\x7fD\xf9\x0cpj}\
X\x00\x00|3\xba\x80\x86^D\xb9\xe4%I\xe3n\
&\xf0\xc2\xe8\x22\x1a\xfaVt\x015\xf4e\x01p~\
t\x01\x0d\xed\x8a\xb7\x01$\x09\xe0$`^t\x11\x0d\
}9\xba\x80\x1a\xfa\xb2\x00\xb8\x98|\x97c\xb2]\xf2\
\x92\xa46d\x9b\x0b\x97\x03\x97D\x17\xa1\x87\xfa2\xf1\
\x0f\x864\xc9\xdd\xc0\xacV:!I9\xcc\x02\x16\x11\
?\x1f7\xc9\xb9\xadt\x22@_\xae\x00@\xbe\xdb\x00\
s\x81\x13\xa3\x8b\x90\xa4@\xa7Pv\xd3\xcb$\xdb\xb9\
f\x93\xfa\xb4\x00\xc8xO\xe67\xa2\x0b\x90\xa4@\xd9\
.\xffC\x8f\x16\x00}s-\xf1\x97\x87\x9a\xe4^\xf2\
|\xc7@\x92j\xda\x89r?=z\x1en\x92\xab[\
\xe9D\x90>]\x01\x80|+\xb3\xed\x80\x97F\x17!\
I\x01^N\xbe\xcdt2^i\x1e\x1b\xcf#~\x85\
\xd84\xdfo\xa5\x13\x92\xd4m?$~\xfem\x9aS\
Z\xe9\x84\xaa\xd8\x0e\xb8\x9f\xf8A\xd24G\xb5\xd1\x0c\
I\xea\xa8c\x88\x9fw\x9b\xe6>`\xdb6\x9a\x11\xa5\
o\xb7\x00\x96S\xf6\x04\xc8\xe6\xb7\xa3\x0b\x90\xa4\x11z\
mt\x01\x03\xb8\x88\xf2\x03S\x1d\xf6\x1a\xe2W\x8aM\
\xb3\x84|\xf7\xc2$i\x10\xdb\x01K\x89\x9fw\x9b\xe6\
\xac6\x9a\xa1\xba\xe6\x00\x0f\x10?X\x9a\xe6\x95m4\
C\x92:&\xe3\x8f\xb4\x15\x94\xb7\x16\x94\xc0\x7f\x13?\
`\x9a\xe6;\xadtB\x92\xba\xe5\xbb\xc4\xcf\xb7M\xf3\
\x85V:\xa1V\x9cE\xfc\x80\x19$Oi\xa3\x19\x92\
\xd4\x11O#~\x9e\x1d$g\xb6\xd1\x0c\xb5cGr\
\xbe\x0d\xf0\x996\x9a!I\x1dq\x0e\xf1\xf3l\xd3\xdc\
\x8f\x1b\xb6\xa5\xf3\x05\xe2\x07N\xd3\xac\x01\x1e\xd3F3\
$)\xd8\x81\x949.z\x9em\x9a\xde\xfe0\xeb\xdb\
k\x80\x1b:;\xba\x80\x01l\x05\xbc1\xba\x08Ij\
\xc1\x1f\x92\xf3\x9c\x93\xf1\x5c2\xf6v\xa0l\xdc\x10\xbd\
zl\x9a\xe5\xc0.-\xf4C\x92\xa2\xecJ\xde\xf9x\
\xbb\x16\xfa\xd1\x09\x19WcS\xb5\x8c\x9c\xfb6\xcf\x06\
^\x1f]\x84$U\xf4?\xc9\xb9\x8b\xdey\x94E\x80\
\x12z1\xf1+\xc8Ar\x1b\xb0u\x0b\xfd\x90\xa4Q\
\xdb\x16\xb8\x93\xf8yu\x90\xbc\xa0\x85~hDf\x01\
w\x10?\x88\x06\xc9\xef\xb6\xd0\x0fI\x1a\xb57\x12?\
\x9f\x0e\x92\xdb\x81\x99-\xf4C#\xf4n\xe2\x07\xd2 \
\xb9\x95\x9c\x97\xcc$i\x9dm\x81[\x88\x9fO\x07\xc9\
_\xb5\xd0\x0f\x8d\xd8\x81\xc0\x04\xf1\x83i\x90\xf8F\x80\
\xa4\xcc\xfe\x98\xf8yt\x90L\x00\x07\xb4\xd0\x0f\x05\xf8\
\x06\xf1\x03j\x90\xdc\x09l\xdfB?$\xa9m\xdb\x93\
\xf7\x16\xec\xd7Z\xe8G\xe7\xf4\xf9-\x80\x0d}8\xba\
\x80\x01\xed\x8a\xcf\x02H\xca\xe9\x8d\xc0\xafE\x171\xa0\
\xac\xe7\x0cm\xc46\xc0\x22\xe2W\x95\x83d!nC\
))\x97\x9d\xc8=\xe7nS\xbf%\xdd3.W\x00\
V\x00\x9f\x8c.b@\xf3\x80\xdf\x8f.B\x92\x1ax\
\x13\xb0st\x11\x03\xfaw\xca9C=r\x18\xf1+\
\xcbA\xb3\x18w\x07\x94\x94\xc3\xa3\x80\xa5\xc4\xcf\x9b\x83\
\xe6\x90\xfa-Q\x17\x5cF\xfc\xe0\x1a4\xff\xd2B?\
$\xa9\xb6\x8f\x10?_\x0e\x9aK[\xe8\x87:\xe2\x15\
\xc4\x0f\xb0A\xb3\x9ar\x15C\x92\xba\xea(r~\xf1\
o]\xce\xac\xdf\x12u\xc5L\xe0\x06\xe2\x07\xd9\xa0\x19\
\x8bWS$\xa5u1\xf1\xf3\xe4\xa0\xb9\x09w\xfe\xeb\
\xbd7\x13?\xd0\x86\x89{SK\xea\xa2\x97\x10??\
\x0e\x93?\xa8\xdf\x12u\xcd\x8e\xc0\x12\xe2\x07\xdb\xa0\xf9\
\x15~(HR\xb7l\x0b\x5cO\xfc\xfc8h\x96R\
^]\x1c+\xe3\xf2\x1a\xe0\x86\xee\x01>\x1a]\xc4\x10\
\xf6\x03\xde\x10]\x84$m\xe0\x8f\x80\xf9\xd1E\x0c\xe1\
\xfd\x94E\x80\xc6\xc0\xde\xc0*\xe2W\x9d\xc3\xacVw\
\xaf\xde\x15Ijn/\xe0^\xe2\xe7\xc5A\xb3\x12\xd8\
\xb3zW\xd4i\xffI\xfc\xc0\x1b&\xe7\xd5o\x89$\
5v\x0e\xf1\xf3\xe10\xf9x\xfd\x96\xa8\xeb\x8e&~\
\xe0\x0d\x9b\xd3\xabwE\x92\xa6\xee\xa5\xc4\xcf\x83\xc3\xe6\
\xc8\xea]Q\x0a_'~\xf0\x0d\x93\xdb\x80\xb9\xd5\xbb\
\x22I[\xb63p;\xf1\xf3\xe00\xf9J\xf5\xae(\
\x8dg\x13?\x00\x87\xcd\x87\xaawE\x92\xb6\xecc\xc4\
\xcf\x7f\xc3\xe6\xa4\xea]Q*\xdf!~\x10\x0e\x93\x09\
\xe0\xc4\xea]\x91\xa4M;\x812\xf7D\xcf\x7f\xc3\xe4\
\x92\xea\x84\xb3@M\x00\x00\x0ejIDAT]Q\
:\xcf\x22~ \x0e\x9b_P\xde\xc3\x95\xa4\xb6\xcd\x06\
\xae%~\xde\x1b6\xcf\xa8\xdc\x17%\xf5\x0d\xe2\x07\xe3\
\xb0\xf9\x9b\xea]\x91\xa4G\xfa{\xe2\xe7\xbbasa\
\xf5\xae(\xad\xe3\x88\x1f\x90\xc3f\x0d\xf0\xcc\xda\x8d\x91\
\xa4\x0d<\x8b\xdc\x1f\xfbY\x97\xa7\xd5n\x8cr\xbb\x90\
\xf8A9ln\xa6<\x99+I\xb5\xcd\x05n$~\
\x9e\x1b6_\xaa\xdd\x18\xe5\xf7\x14\xe2\x07f\x8d|\xb6\
vc$\x098\x9b\xf8\xf9\xadF\x9eX\xbb1\xea\x87\
/\x11?8k\xe4U\x95\xfb\x22i\xbc\xbd\x8e\xf8y\
\xadF\xce\xa9\xdd\x18\xf5\xc7\xd1\xe4\x7f\xb5e-e_\
\xee\x03+\xf7F\xd2xz\x0c\xe5#j\xd1\xf3\xda\xb0\
\x99\xc0]\xff\xb4\x05\x9f#~\xa0\xd6\xc8e\xc0\x8c\xca\
\xbd\x914^f\x01\x97\x13?\x9f\xd5\xc8\x7fU\xee\x8d\
z\xe8\x00\xe0\x01\xe2\x07k\x8d\xf8j\xa0\xa4a\xfc\x03\
\xf1\xf3X\x8d\xdcO\xf9\x94\xba\xb4E\x7fK\xfc\x80\xad\
\x91\x09\xe0%\x95{#i<\xf4\xe1C?\xeb\xf2\xce\
\xca\xbdQ\x8f\xed@\xf9\xd0N\xf4\xa0\xad\x91e\xc0!\
u\xdb#\xa9\xe7\x0e\xa3<K\x14=\x7f\xd5\xc8\xed\xc0\
\x8eu\xdb\xa3\xbe\xfbm\xe2\x07n\xad\x5c\x03\xecT\xb7\
=\x92zj\x07\xe0*\xe2\xe7\xadZye\xdd\xf6h\
\x1clE\x7f\x1e~Y\x0b|\x01\x98V\xb5C\x92\xfa\
f\x1ae/\x91\xe8\xf9\xaaV~@\x99\xcb\xa5\xc6\x8e\
\xa5\x1f\xaf\x05\xae\xcb[\xeb\xb6GR\xcf\xbc\x8d\xf8y\
\xaaV&(\xdb\xbcK\x03\xfb\x0c\xf1\x03\xb9VV\x03\
\xa7\xd4m\x8f\xa4\x9ex\x0e\xfd\xd8\xe7\x7f]>Y\xb7\
=\x1aG\xfbR^!\x89\x1e\xcc\xb5r\x0fpD\xd5\
\x0eI\xca\xeeP`\x09\xf1\xf3S\xad\xdc\x07\xec]\xb5\
C\x1a[\x7fA\xfc\x80\xae\x99\x1b\x81\xdd\xabvHR\
V{R>$\x16=/\xd5\xcc\xdb\xaavHcm\
k\xfa\xf5T\xecZ\xe0\x87\xc0\xf65\x9b$)\x9d\x1d\
\x80\x1f\x11?\x1f\xd5\xcc\xd5\xc065\x9b$=\x9d~\
=\x10\xb8\x96\xf2\xf1#\xb7\x0b\x96\xc6\xd3t\xe0\x5c\xe2\
\xe7\xa1\x9aY\x83\x0f\xfe\xa9%\x1f&~\x80\xd7\xce\x87\
\xaavHR\x16\xef#~\xfe\xa9\x9d\x7f\xae\xda!i\
\x03s\x80[\x89\x1f\xe4\xb5\xf3G5\x9b$\xa9\xf3\xde\
J\xfc\xbcS;7\xe1\x8e\x7fj\xd9\x8b\x88\x1f\xe8\xb5\
3A\xf9\xde\xb7\xa4\xfe{5\xfd\xbb\x9d\xb9\x16x~\
\xcd&I\x9b\xd2\x97O\x06o\x985\xc0\xcbj6I\
R\xe7\xbc\x82~\xbd\xeb\xbf.\x9f\xaa\xd9$is\x1e\
\x0d\xdcM\xfc\xa0\xaf\x9d\xd5\xc0\x19\x15\xfb$\xa9;\x9e\
\x0f\xac\x22~\x9e\xa9\x9d%\xf8Z\xb3F\xec\xf5\xc4\x0f\
\xfc6\xf2\x00\xf0\xec\x8a}\x92\x14\xef$\xfa\xb5\xa1\xd9\
\x86yM\xc5>IS2\x0d\xb8\x80\xf8\xc1\xdfF\x96\
\xe3\xab4R_\x1cO9\xa6\xa3\xe7\x956r>~\
\xe4LA\xf6\x00\x16\x12\x7f\x10\xb4\x91\xa5\xc0\x13\xeb\xb5\
JR\x80'Q\x8e\xe5\xe8\xf9\xa4\x8d\xdcI\xb9\x1d+\
\x85y!\xf1\x07B[Y\x06<\xb3^\xab$\x8d\xd0\
\xd3\xe8\xef\xc9\x7f-\xf0\xeb\xf5Z%\x0d\xee#\xc4\x1f\
\x0cme9pr\xbdVI\x1a\x81\x13(\x0b\xf8\xe8\
\xf9\xa3\xad\xfcK\xbdVI\xc3\xd9\x8e\xb2\xfft\xf4A\
\xd1V\x1e\x00N\xaf\xd6-Im:\x8d\xfe>\xf0\xb7\
\x16\xf890\xbbZ\xb7\xa4\x0a\x8e\xa6\x9c(\xa3\x0f\x8e\
\xb6\xb2\x1a8\xabZ\xb7$\xb5\xe1e\xc0J\xe2\xe7\x8b\
\xb6\xb2\x12xB\xb5nI\x15\xfd\x09\xf1\x07H\xdb\x8b\
\x80\xdf\xaa\xd6-I5\xbd\x8e~n\xf2\xb3a\xde\x5c\
\xad[Re\xd3\x81o\x10\x7f\x90\xb4\x99\x09\xe0M\xb5\
\x1a&\xa9\x8a\xb7\xd2\xcf\xed}7\xcc\xd7\x80\xadj5\
Lj\xc3\xde\xf4s\x97\xc0\x87\xe7}\x94\x05\x8f\xa48\
3\x80\x0f\x12?\x1f\xb4\x9d\xbb(\xaf]K\x9d\xf7,\
\xca\xe5\xf2\xe8\x83\xa6\xed|\x05\xbf\xbe%E\xd9\x1e\xf8\
\x22\xf1\xf3@\xdbY\x03\x9cZ\xa9g\xd2H\xfc)\xf1\
\x07\xce(r\x05\xb0W\xa5\x9eI\x9a\x9a\xdd\x81\x1f\x10\
\x7f\xfc\x8f\x22o\xad\xd43id\xa6\x01\x9f%\xfe\xe0\
\x19En\x01\x8e\xaa\xd36I[p\x18p\x03\xf1\xc7\
\xfd(\xf2\x05\xdc\xeaWI\xcd\x01~I\xfcA4\x8a\
,\xc1\x0d\x83\xa4\xb6=\x07\xb8\x87\xf8\xe3}\x14\xb9\x1a\
o1*\xb9\xc3\x80{\x89?\x98F\x91\xd5\xc0\xdb\xf1\
I]\xa9\xb6i\xc0[\x18\x8fg\x8b\xd6Rv1<\
\xa4J\xe7\xa4`/%\xfe\x80\x1ae\xce\xa3\x5c\xfd\x90\
4\xbc\x1d\x19\x9f\xdb\x89k)\xaf3\xbe\xa4J\xe7\xa4\
\x8ex\x0f\xf1\x07\xd6(\xf3\x0b\xe0\xd0*\x9d\x93\xc6\xd7\
c)[\xdfF\x1f\xcf\xa3\xcc\xdfT\xe9\x9c\xd4!3\
\x81\x8b\x89?\xb8F\x99e\xc0\x19\x15z'\x8d\xa3\x97\
1>\xb7\x0f\xd7\xe5k\x94\xbd\x0d\xa4\xde\x99\x07\x5cC\
\xfcA6\xcaL\x00\xef\xa6,\x80$m\xd9,\xe0\x1f\
\x88?vG\x9d\xab\x80\xb9\x15\xfa'u\xd6\xbe\xc0\x1d\
\xc4\x1fl\xa3\xce\xf7\x80\x03+\xf4O\xea\xb3\x83\x80\xcb\
\x89?^G\x9d\xbb\x80\xc7T\xe8\x9f\xd4yO\x00\x96\
\x13\x7f\xd0\x8d:\xf7\x01o\xa8\xd0?\xa9\x8f\xce\xa2\xdc\
6\x8b>N#\xe6\x85\xa7T\xe8\x9f\x94\xc6\x8b\xe9\xff\
\x97\xbb6\x95\xcfRn\x87H*o\xcc\xfc?\xe2\x8f\
\xcb\x88\xac\x01N\x1f\xbe\x85R>o!\xfe\x00\x8c\xca\
m\xb8\xbf\xb7t\x22p3\xf1\xc7cT\xfep\xf8\x16\
Jy}\x80\xf8\x830*k(\x0f\x08n;t\x17\
\xa5\x5cf\x03\x7fO\xff?\xe1\xbb\xb9\xfc\xf3\xd0]\x94\
\x92\x9b\x0e\x9cK\xfc\xc1\x18\x99_\x01'\x0d\xdbH)\
\x89\xe3)\xdb\xdcF\x1fw\x91\xf9\x12\xbe\xee'\x01\xb0\
\x03\xe3\xf9\xe4\xef\x86\x99\x00>\x82\xaf\x01\xa9\xbfv\x06\
>\xc6x\xff\xea_\x0b|\x97\xf2)cI\x93v\x01\
\xae$\xfe\xe0\x8c\xce\xed\x94\xa7\xa1\xa5>9\x8d\xf1\xbe\
\xd7\xbf.?\xc1\x07\x80\xa5\x8d\xda\x8d\xb2\x85n\xf4A\
\xda\x85\x9c\x03\xec1\x5c;\xa5p{Q\xbe\x8d\x11}\
<u!W\x03\x8f\x1a\xae\x9dR\xbf\xed\x09\x5cO\xfc\
\xc1\xda\x85\xdcK\xf9\xba\xe06\xc34T\x0a0\x8b\xb2\
\xe7\xc5\xb8|\xbawK\xb9\x11\xd8g\xa8\x8eJc\xe2\
1\xc0-\xc4\x1f\xb4]\xc9\x8d\x94\xdb\x02\xd3\x86i\xaa\
4\x22\xa7\x01\xd7\x11\x7f\xdct%\xb7Sv8\x944\
E\x07Q\x0e\x9c\xe8\x83\xb7K\xf9:p\xe40M\x95\
Zt\x14\xf0\x0d\xe2\x8f\x93.\xe5.\xe0\x90a\x9a*\
\x8d\xab#\x80\xbb\x89?\x88\xbb\x945\xc0\xbf\xe3\xbdD\
u\xc7<\xe0\xbd\xc0j\xe2\x8f\x8f.e\x09p\xf4\x10\
}\x95\xc6\xdeS\x19\xcf\xfd\xc1\xb7\x94\xa5\x94\xe7\x03v\
\x1a\xb8\xb3\xd2p\xe6\x00\xef\xc0\xfb\xfc\x1b\xcb2\xdc\xdf\
_\xaa\xe2\x09\xc0\x22\xe2\x0f\xea.f\x11.\x044Z\
\xdbQ\xb6\xf1\xf6\xea\xdc\xc6\xb3\x98\xf2\xc3ER%G\
\x01w\x12\x7fpw5\x0b)\x93\xf2\xecA\x1b,m\
\xc1l\xca\x93\xfd>\x9b\xb3\xe9,\x02\x9e8h\x83%\
m\xda!\xc0\xad\xc4\x1f\xe4]\xce\xad\xc0\xef\xe1\xab\x83\
\xaag[<\xf1O%\xb7\x00\x07\x0f\xd8cIS\xb0\
/e\xef\xfc\xe8\x83\xbd\xeb\xb9\x93rk`\x97\x81\xba\
,\xc1\xae\x94\xabJ\xbe\x92\xbb\xe5,\xa0\xbc\xbe,\xa9\
e{\xe3\x8e\x81S\xcd\x0a\xca[\x03\x8f\x1b\xa8\xd3\x1a\
G\xfbS\x9e\xea_N\xfc\xf8\xcd\x90\xab);\x1eJ\
\x1a\x91G\x01W\x10\x7f\xf0g\xc9\x1a\xca\x96\xac~u\
P\x9br4e\xb1\xe8\xeb|S\xcf\xcf\x80\xdd\x07i\
\xb6\xa4\xe1\xcc\xc3\xaf\x08\x0e\x92\xcb\x80WS\x9e\xe6\xd6\
x\xdb\x0ex\x0d\xe5\x0bu\xd1\xe32[\xbeK\xf9\xc2\
\xa1\xa4 \xdb\xe3\xc7F\x06\xcdR\xe0\x83\xc0q\x8d\xbb\
\xae\xec\x0e\x01\xde\x85\xaf\xd7\x0e\x9a\xf3\x81\x1d\x1bw]\
Ru\xd3\x81\x7f&~R\xc8\x9c\x9fQ\x1e\xf8\xf2\x17\
M\x7f\xed\x08\xbc\x0e\xf8\x01\xf1\xe3-s>\x04\xcch\
\xd8{I-{3\xe5^w\xf4\x04\x919\xf7\x02\x1f\
\x07\x9eK\xf9\xa2\x9br\x9b\x05<\x0f\xf8\x04>\xd47\
l\xd6\x00\x7f\xd8\xac\xfd\x92F\xe9t\xe0>\xe2'\x8b\
>d1\xe5\xa1\xb0\xd3\x80\x99M\xfe\x12\x14j:\xe5\
\xb6\xce{q\xf3\xacZ\xb9\x1f\xf8\x8d&\x7f\x09\x92b\
<\x09\xb8\x83\xf8I\xa3O\xb9\x1b\x17\x03]\xb6\x15\xeb\
O\xfan\xd8S7\x0b\xf19\x19)\x95\xfd\x80\xab\x88\
\x9f<\xfa\x98E\xc0\xd9\x94\xfb\xc9{L\xf5/D\xd5\
\xed\x0a\x9cAY\x98\xf90_;\xf9%p\xc0T\xff\
B$u\xc7<\xe0b\xe2'\x91>g\x82\xf2P\xd9\
;)\xbf\x92|8\xaa=3\x80\xe3\x81\xbf\x04~H\
\xe9}\xf4\xdf\x7f\x9f\xf35`\xee\x94\xfef$u\xd2\
\x0c\xe0=\xc4O&\xe3\x92\xc5\xc0\xe7\x80?\xa0\xdc\x8a\
\xf1v\xc1\xe0f\x02O\xa6<x\xf6y\xca\xf7\xe5\xa3\
\xff~\xc7!\x13\xc0\xbbq1\xdb{\xd3\xa2\x0b\xd0\xc8\
\xbc\x14\xf8\x08n~3j\xab\x80\x9f\x00\x97\x02\x97\x00\
\x17Q.W\xeb\x91v\xa0,\x9a\x8e\x03\x8e\x9d\xcc\xb6\
\xa1\x15\x8d\x9f{\x81\xdf\xa2\xdc\xe2R\xcf\xb9\x00\x18/\
\x87R~\x9dzO/\xce\x04\xe5\xd9\x8c+(\x0b\x83\
\x9f\x00W\x027G\x16\x15`/\xe0\xb0\xc9\x1c\x0e\x1c\
\x09<\x96\xf20\x9fb\x5cCy\x8b\xe8\xe7\xd1\x85h\
4\x5c\x00\x8c\x9f\x9d(\xefD\x9f\x16]\x88\x1eb1\
\xeb\x17\x03WR>\xb0\xb2\x80\xf2%\xba5qe\x0d\
e:\xe5!\xc9}\x81\x83('\xfau'}\xef-\
w\xcb9\xc0+\x81{\xa2\x0b\xd1\xe8\xb8\x00\x18O\xd3\
\x80\xffC\xf9\x5c\xae\xbf\xb8\xbam\x15p#p=e\
A\xb0\xee\xcf\x05\x94\xd7\xb3\x16R^Q\x8c0o2\
\xbb\x02\xfbPN\xf4\xf37\xf8so|\x06\xa2\xeb\xd6\
\x00o\xa3l\x8b\xbc6\xb8\x16\x8d\x98\x0b\x80\xf1v*\
\xf0I\xdc\xfe6\xbb5\x94\xe7\x0a6\x96\x09\xca&.\
+&\xff\xdfu\x0f\xd2\xad\xa4\xec\x8c\x07\xe5\xb9\x90Y\
\x94\xf9`\xce\xe4\xbf\xdb\x86r\xff}+\xd6\x9f\xe8\xd7\
e\x97\xc9?]<\xe6\xb6\x108\x13\xb8 \xba\x10\xc5\
p\x01\xa0\xbd(\xefQ?#\xb8\x0eI\xa3s\x11\xe5\
\x92\xff\xb8={\xa2\x0dL\x8f.@\xe1\xee\xa1,\x00\
\x16\x03\xcf\xc41!\xf5\xd9*\xe0/\x80\xd7R\xbe\x86\
\xa91\xe6\x15\x00m\xe8\x18\xe0?(\x0flI\xea\x97\
\xab\x81\x97S6Q\x92\xfc\xb5\xa7\x87\xb8\x15\xf8(\xeb\
\xdf\xc7\x96\xd4\x0f\x9f\x00\x9eOy\xa0T\x02\xbc\x02\xa0\
M{\x01\xf0a\xca\x03_\x92rZH\xd9\xd8\xe7\xdc\
\xe8B\xd4=.\x00\xb49\xbb\x03\x1f\x07N\x8a.D\
Rc_\x01^\x0d\xdc\x16]\x88\xba\xc9\xd7x\xb49\
\xb7\x02'S\x9e\x16v\xfbZ)\x87%\xc0\xeb\x81g\
\xe3\xc9_\x9b\xe13\x00\x9a\x8a+(o\x0a<\x0a8\
\x22\xb8\x16I\x9b\xf6E\xe09\x94\xaf\x80J\x9b\xe5-\
\x005\xf5<\xe0_(\xfb\x07H\xea\x86\xdb\x80\xdf\x03\
>\x1b]\x88\xf2\xf0\x0a\x80\x9a\xfa\x05\xf0\xaf\xc0l\xe0\
\x09\xb8\x88\x94\x22\xad\xa5<\xac\xfb|\xe0\xc7\xc1\xb5(\
\x19'o\x0d\xe3X\xca\xe4\xf3\xb8\xe8B\xa41t-\
\xf0:\xe0\xeb\xd1\x85('\xaf\x00h\x187Q\xf6\x0d\
\x98\x00\x9e\x88\x1f~\x91F\xe1>\xe0\xcf)\x9b\xfa\x5c\
\x1b\x5c\x8b$\xb1'\xe5A\xc1\x09\xcaeIcL\xfd\
\x9cG\xf9\xd2\xa2$u\xce\x13\x81\xef\x10?Q\x1a\xd3\
\xa7\x5c\x0e\x1c\x87$u\xdc4\xe0,\xca\x93\xc9\xd1\x13\
\xa71\x99s+\xe5>\xbf\xb7kU\x9d\x83Jm\xb9\
\x02\xf8\x00\xe5\xebcO\x06f\xc4\x96#\xa5\xb2\x12x\
\x1f\xf0\x22\xe0\xdb\x94\xc5\x80$\xa5\xb3?\xf0i|>\
\xc0\x98-e\x02\xf8/`?$\xa9G\x0e\x05\xce\xc6\
\x85\x801\x1b\xcb\x05\xc0\xe3\x91\xa4\x1e;\x9c\xb2\x10\x88\
\x9ep\x8d\xe9B.\xa0l\xaa%Ic\xe3)\x94\xc9\
/z\x026&\x22\x97\x00\xcf@\x92\xc6\xd8q\x94\xdd\
\xcc\xa2'dcF\x91o\x03'\x22Iz\xd0\xc9\xc0\
\x85\xc4O\xd0\xc6\xb4\x91\xaf\x02'!I\xda\xa4#\x80\
\x0f\x02+\x88\x9f\xb4\x8d\x19&+)\xcf\xbbx\x8f_\
\x92\x1a\xd8\x0dx;p7\xf1\x13\xb91Mr\x0f\xf0\
^\xfcl\xb6$\x0de\x07\xe0\x0d\xc0\x0d\xc4O\xec\xc6\
l.\xb7R\x16\xads\x90$U3\x93\xf2\x05\xb4u\
;\xa3\x19\xd3\x95\x5c\x0a\x9c\x89;^JR\xeb\x1e\x0b\
\xbc\x0b\xb8\x93\xf8\xc9\xdf\x8cg\x16S\x9eU9\x02I\
\xd2\xc8m\x0d\x9cA\xd9O\xc0\x1d\x06\xcd(r9\xe5\
\x03=\xb3\x91\x12\x9b\x16]\x80T\xd1\x01\x94[\x04\xaf\
\xc1\x87\xafT\xd7\xed\xc0\xc7\x81\x8f\x00\xd7\x06\xd7\x22I\
\xda\x84\x99\xc0\x0b)\x1f \xba\x8f\xf8_\x8c&g\x96\
S>\xcc\xf3\x02\xca\x98\x92z\xc5+\x00\xea\xbbm)\
\x9b\xaf\x9c\x01\x9c\x0el\x17[\x8e:n\x05e3\xaa\
O\x03\x9f\x07\x96\xc5\x96#I\xaaa6p\x1aec\
\x167\x192\xeb\xb2\x028\x0f8\x0b\xd8\x11iLx\
\x05@\xe3j\x0e\xe5\xd2\xee\x19\xc0\x09\x94+\x05\x1a\x1f\
\xf7\x03\x17Q~\xe9\x9f\x03,\x8d-G\x1a=\x17\x00\
R9\xf9\x1fK\xb9Up\x12ptl9j\xc9u\
\x94\xcb\xfb\x17\x02\xe7\xe3\xe5}\x8d9\x17\x00\xd2#\xed\
\x0b<\x8b\xb2\x188\x05/\x0bgu\x1fe\xd3\xa8\x0b\
\x81s\x81\xabb\xcb\x91\xba\xc5\x05\x80\xb4y\xdb\x00O\
\x03N\x05\x8e\x07\x8e\xc4\xdd\xde\xbaj5\xf0#\xe0\x9b\
\x94_\xf8\xdf\x02\x1e\x08\xadH\xea0\x17\x00R3\xb3\
\x81\xc7Sn\x19\x1c\x07<\x15\xd89\xb4\xa2\xf1u/\
p\x05p\x09e+\xdeo\xe2\xbd|i\xca\x5c\x00H\
\xc3\xd9\x0ax\x1c\xe5\xb9\x81u\x8b\x82\x83C+\xea\xaf\
\xdbX\x7f\xb2\xbf\x84\xf2k\x7f\x22\xb4\x22)1\x17\x00\
R}s\x80C)\x0b\x81C(\x8b\x83#q\x0f\x82\
\xa9ZI\xd9m\xef\x07\xc0\xcf\x80\x9f\x03\xdf\xa7\xec\xc6\
'\xa9\x12\x17\x00\xd2hL\x07\xf6\xa7|8\xe6\xb0\x0d\
\xb27\xe3\xbb\xcb\xdc*\xca'\x9e\xaf\xdc ?\x01~\
\x05\xac\x09\xacK\x1a\x0b.\x00\xa4xs\x81\xfd6\x91\
}(\x8b\x87\xac\x16S^\xbf\xdbXn\xa4<\xb8'\
)\x80\x0b\x00\xa9\xdbfQ\xae\x12\xec\x01\xcc\x03v\x05\
v\x99\xfc\xe7\x87gW\xca\xed\x876-\x01\xee\x02\x16\
m$\x0b7\xf8o7SN\xf0\xabZ\xaeG\xd2\x80\
\x5c\x00H\xfd2\x03\xd8\x81rl\xaf[\x0cl\xc3\xfa\
\x9d\x0ew\xa2<\xb8\xb8\xee\xff\x83\xb2!\xcej\xcae\
\xf7{&\xff\xdd\xfd\x94-r\xa1\x9c\xf4\xd7N\xfe7\
/\xcdK\x92$I\x92$I\x92$I\x92$I\x92\
$I\x92$I\x92$I\x92$I\x92$I\x92$\
I\x92$I\x92$I\x92$I\x92$I\x92$I\
\x92$I\x92$I\x92$I\x92$I\x92$I\x92\
$I\x92$I\x92$I\x92$I\x92$I\x92$\
I\x92$I\x92$I\x92$I\x92$I\x92$I\
\x92$I\x92$I\x92$I\x92$I\x92$I\x92\
$I\x92$I\x92$I\x92$I\x92$I\x92$\
\xb5\xe2\xff\x03\xbadJ\xac#\x8f\x874\x00\x00\x00\x00\
IEND\xaeB`\x82\
\x00\x00\x1d\x0c\
\x89\
PNG\x0d\x0a\x1a\x0a\x00\x00\x00\x0dIHDR\x00\
\x00\x02\x00\x00\x00\x02\x00\x08\x06\x00\x00\x00\xf4x\xd4\xfa\
\x00\x00\x00\x04sBIT\x08\x08\x08\x08|\x08d\x88\
\x00\x00\x00\x09pHYs\x00\x00\x0e\xc4\x00\x00\x0e\xc4\
\x01\x95+\x0e\x1b\x00\x00\x00\x19tEXtSof\
tware\x00www.inksca\
pe.org\x9b\xee<\x1a\x00\x00\x1c\x89ID\
ATx\x9c\xed\xdd{\xf4}y]\xd7\xf1\xe70\xc3\
\xd0@\xe0\x85\x8b:H\xbfQ\x0c\xa3\xc4\xcbB\xc6K\
xa\x88\xd4\xd4Dm,\xd3\xa5T\xd6Z.h\xa9\
Pj\xabR\xd3L[je\x05\xa5Q\xd3R\xcbK\
\x12\x8a\xa5\x92\x17@\x9c)\x10\xcb\x00/ \x88\xc6\x0c\
\x90\x08*\x0c4\x03s\xe9\x8f=\xb3\xf8\xcdo\xe67\
\xf3=\xdf\xdf\xd9\xe7s\xf6\xde\x8f\xc7Z\xef?`\xd6\
\xfa}\xdfg\x9f\xfd=\xfb\xf5\xfd\xec\xf7\xf9\xec\x02\x00\
\x00\x00\x00\x00\x00\x00\x00\x00\x00\x00\x00\x00\x00\x00\x00\x00\
\x00\x00\x00\x00\x00\x00\x00\x00\x00\x00\x00\x00\x00\x00\x00\x00\
\x00\x00\x00\x00\x00\x00\x00\x00\x00\x00\x00\x00\x00\x00\x00\x00\
\x00\x00\x00\x00\x00\x00\x00\x00\x00\x00\x00\x00\x00\x00\x00\x00\
\x00\x00\x00\x00\x00\x00\x00\x00\x00\x00\x00\x00\x00\x00\x00\x00\
\x00\x00\x00\x00\x00\x00\x00\x00\x00\x00\x00\x00\x00\x00\x00\x00\
\x00\x00\x00\x00\x00\x00\x00\x00\x00\x00\x00\x00\x00\x00\x00\x00\
\x00\x00\x00\x00\x00\x00\x00\x00\x00\x00\x00\x00\x80M\xbah\
t\x03k\xe4\xa0\x02p,\xae\xa8\x9e\x5c}r\xf5\xa7\
\xaa\x0f\xaf>\xa0\xba\xe4\x8e\xff\xfe\xce\xea\x0d\xd5oV\
\xd7U\xbfP\xfdru\xfb\xa1\x1b\x05\x00.\xcc\x83\xaa\
\xa7W/k\xba\x90\xefZo\xa8\xbe\xb5\xba\xfc\xd0\x8d\
\x03\x00\xbb{@\xf5\xf5\xd5[;\xdd\x85\xff\xdc\xba\xb9\
\xfa\xd7\xd5#\x0e\xf9\x22\x00\x80\x93{R\xf5\xda\xf6s\
\xe1?\xb7\xfe\xa0\xfa\x1b\x87{)\x00\xc0}\xb9_\xf5\
\x8d\xd5-\xcds\xf1?\xbb\xfes\xf5\x90\xc3\xbc,\x00\
\xe0|.\xa9\xaei\xfe\x0b\xff\xd9\xf5\xaa\xeaQ\x87x\
q\x00\xc0\xdd]R\xbd\xa0\xc3^\xfc\xef\xac\xd7U\x1f\
<\xffK\x04\x00\xce\xf5o\x1as\xf1\xbf\xb3~%\xb7\
\x03\x00\xe0\xa0\x9e\xd5\xd8\x8b\xff\x9d\xf5\xc3s\xbfP\x00\
`\xf2\xe4\xea\xbd\x8d\xbf\xf8\xdfY\x7fe\xde\x97\x0b\x00\
\x9c\xa9~\xb7\xf1\x17\xfd\xb3\xebm\xd5\xc3\xe6|\xd1K\
r\xf1\xe8\x06\x00X\x9d\x07V\xff\xadz\xf4\xe8F\xce\
qYu\xff\xea\x85\xa3\x1b\x01\x805\xba\xa6\xf1\x7f\xed\
\x9f\xafn\xac\x1e>\xdfK\x07\x80m:\x96\xa1\xbf{\
\xab\xbf=\xdb\xab\x07\x80\x0d:\xb6\xa1\xbf\xf3\xd5+\xe7\
:\x00\x00\xb05g:\xbe\xa1\xbf{\xab\x0f\x9b\xe70\
,\xc7\xfdF7\x00\xc0\xe2=\xb0z~\xcb\xba\xb7~\
\xd5\xe8\x06F\x13\x00\x00\xb8P\xcf\xae>nt\x13;\
z\xfc\xe8\x06\x00`\xc9\x9e\xd9\xf8\xe5\xfc\xd3\xd4\x8bg\
8\x16\x00\xb0\x09W\xb5\x8c\xa1\xbf{\xaa\xdf\x9c\xe1x\
\x00\xc0\xea\x9diYC\x7f\xe7\xd6\xef\xee\xff\x90,\x8b\
\x19\x00\x00vuY\xf5\xbc\x965\xf4w\xae\xcd\xef\x84\
+\x00\x00\xb0\xab\xe7\xb4\xfc!\xba\x9bF7\x00\x00K\
\xb2\x84\x9d\xfeNR\xff{\xdf\x07\x06\x00\xd6j\xc9C\
\x7f\xe7\xd6\x8f\xed\xf9\xd8,\x8e[\x00\x00\x9c\xc4\x15\xd5\
\x0fW\x97\x0c\xeec_~ut\x03\xa3\x09\x00\x00\xdc\
\x97\xcb\xaa\x1f\xad\x1e6\xba\x91=\xbavt\x03\x00p\
\xec~\xa0\xf1K\xf6\xfb\xac\xffW=d\xafG\x08\x00\
Vf-C\x7fg\xd7\xf3\xf6z\x84\x00`e\x96\xf2\
x\xdf]\xebs\xf6y\x90\x00`M\xce\xb4\xec\x9d\xfe\
\xceW\xaf\xc9\xfc\x1b\x00\xdc\xa3\xcb\xaaW4\xfeb=\
G]\xbd\xc7\xe3\x04\x00\xab\xb2\xb6\xa1\xbf;\xeb%\xd5\
E{<N\x00\xb0\x1ak\x1c\xfa\xbb\xbd\xba\xb1z\xcc\
\x1e\x8f\x13\x00\xac\xc6Z\x87\xfen\xaf\xbel\x8f\xc7\x09\
\x00V\xe3L\xeb\x1c\xfa\xbb\xbd\xfa\x97{<N\x00\xb0\
\x1ak\x1e\xfa\xbb\xb6\xbat\x7f\x87\x0a\x00\xd6\xe3\x9a\xc6\
_\xa8\xe7\xa87U\x97\xef\xf18\x01\xc0j\xacu\xe8\
\xef\xa6\xea\xca=\x1e'\x00X\x8d5=\xde\xf7\xdc\xfa\
\x8a=\x1e'\x00X\x8d3\x19\xfa\x03\x80M1\xf4G\
\x97\x8cn\x80j\xda\x97\xfa\xa1g\xd5eM'\xf0\x83\
F6\xc5QyO\xf5\xae\xea-\xd5\xeb\x9a\xeeo\xc2\
i=\xa7z\xfc\xe8&f\xf0\xe6\xa6\xad~\xdf3\xba\
\x91%\x10\x00\x0e\xeb\xfd\xab\x8f\xa9\x1eW}t\xf5\xe8\
\xea\x8a\xeaQ\xd5\xfd\xc7\xb5\xc5\xc2\xdcV\xfdf\xf5\xa2\
\xea\x85\xd5O\xe6\x03\x8f\x93{V\xf5\xb4\xd1M\xcc\xe0\
\xe6\xea\xa9M\x93\xff0\xdc#\xaa/\xad\xbe\xa7zu\
uk\xe3\x97\xc7\xd4\xfa\xeam\xd5?\xa9>4\xb8w\
\x86\xfe`F\x8f\xad\xbe\xa1\xfa\xa5\x5c\xf0\xd5a\xeb\xe6\
\xa6 \xf0\x90\xe0\xee\xced\xe8\x0f\xf6\xee\x11\xd5\xd7V\
\xafl\xfc/\x82R7TO\x09\xde\xc7\xd0\x1f\xec\xd9\
'T?\xd2\xf4\x97\xd7\xe8_\x02\xa5\xce\xae[\xabo\
\xcc\xa3O\x99\x5c\xd3\xf8sr\x8e\xb2\xd3\x1f\x07\xf7\xa4\
\xeag\x1b\x7f\xf2+u_\xf5\xdc\xea\xe2\xd82;\xfd\
\xc1\x1e\xfc\x99\xea\xba\xc6\x9f\xf8J\xedR\xdf\x97\x95\x80\
\xad2\xf4\x07\x17\xe8c\x9b\xee3\x8d>\xe1\x95:m\
}Cl\xcd\x99\x0c\xfd\xc1\xa9=\xa8\xfa\xf6\xd6\x9b\xa0\
\xd5v\xea\xd6\xea\xcf\xc6V\x18\xfa\x83\x0b\xf0\xc5M\x03\
&\xa3Ov\xa5\xf6U\xd7W\x0f\x8e-\xb8\xa6\xf1\xe7\
\xdb\x1ce\xe8\x8fY=\xac\xfa\x89\xc6\x9f\xe8J\xcdQ\
\xdf\x15kg\xe8\x0fN\xe1\xca\xea\xb7\x1a\x7f\xa2+5\
W\xddT=2\xd6\xca\xd0\x1f\xec\xe8\xa2\xea\xeb[\xef\
/\x8eRg\x97U\x80u:\x93\xa1?v\xe0\xabA\
\xf5\x01\xd5\x7f\xac>st#p ok\xba\x8f\xea\
\x01B\xebqY\xf5\xd2\xd6\xf9\x84\xbf\xeb\x9a\xf6^q\
\xbe\xee\xd9\xfdF70\xd8#\x9b~i\x5c\xfc\xd9\x92\
\x87\xe6\x9c_\x1b\x8f\xf7eg[\x0e\x00\x8f\xae^R\
\xfd\xa9\xd1\x8d\xc0\x00\x9f1\xba\x01\xf6\xc6\xe3}a\x07\
WVom\xfc}-\xa5F\xd5\xaf\xc5\x1a\x18\xfa\x83\
\x1d<\xb9zg\xe3On\xa5F\xd6-\xd5\x03b\xc9\
\xced\xe8\x8f\x0b\xb0\xb5!\xc0+\xab\x9f\xab\xfe\xe8\xe8\
F\xe0\x08|T\xf5\xab\xa3\x9b\xe0T\x0c\xfdq\xc1\xb6\
4\x03\xf0\x11M\x1b\xfc\xb8\xf8\xc3\xe4\xe1\xa3\x1b\xe0\xd4\
\x0c\xfdq\xc1\xb6\x12\x00.\xaf~\xa6z\xc4\xe8F\xe0\
\x88<dt\x03\x9c\x8a\xa1?\xf6b\x0b\x01\xe0\xfd\xaa\
\x9f\xac\xae\x18\xdc\x07\xc0\x85\xba\xaa\xe9\x01ek\xf4\x8c\
\xea\xe5\xa3\x9b\xd8\x92\xb5\x07\x80\x8b\xaa\xef\xaf>ft\
#p\x84\xde1\xba\x01vr\xa6\xfa\xa1\xea\x92\xd1\x8d\
\xcc\xe0\xd9\xd5sG7\xb15k\x0f\x00_W}\xee\
\xe8&\xe0H\xbdut\x03\x9c\xd8e\xd5\xf3Z\xe7\xdc\
\xc6u\xd53G7\xb1Ek\xfe\x16\xc0'V\xbfP\
\xdd\x7ft#p\x84nm\x1a\x88\xbdit#\x9c\xc8\
5\xad\xf3\xbe\xff\x9b\xab\x8f\xcf}\xff!\xd6\xba\x02\xf0\
\xd0\xeaGr\xf1\x87\xf3yM.\xfeKa\xe8\x8fY\
\xac5\x00\xfc\xfb\xeaQ\xa3\x9b\x80#\xf6\xe2\xd1\x0dp\
\x22\x86\xfe\x98\xcd\x1a\x03\xc0\x17W\x9f3\xba\x098r\
?=\xba\x01\xee\x93\xa1?f\xb5\xb6\x19\x80\x07W\xbf\
\xde\xf4\x94?\xe0\x9e\xbd\xbd\xfa\x90l\xb6r\xcc\xec\xf4\
\xc7\xec\xd6\xb6\x02\xf0-\xb9\xf8\xc3}\xb9&\x1f\xbe\xc7\
\xceN\x7f\xb0\x83\xc7\xb5\xde\xa7b)\xb5\xaf\xba)!\
\xf9\xd8=\xab\xf1\xe7\xc9\x5c\xe7\xde\x95{<N\x5c\xa0\
\xb5\xac\x00\x5cT\xfd\xeb\xd6y\xaf\x0c\xf6\xe9\x9fW7\
\x8cn\x82\xf32\xf4\x07;\xfa\xec\xc6\xa7[\xa5\x8e\xbd\
\xde\x98\x87a\x1d\xb33y\xbc/\xec\xec\x17\x1b\x7f\x82\
+u\xccuk\xf5\x948V\x97U\xafh\xfcy2\
G][]\xba\xbfC\x05\xef\xf3\xa4\xc6\x9f\xe0J\x1d\
{\xfd\xbd8f\xd74\xfe\x1c\x99\xa3\xde\xd4\xf44V\
\x98\xc5\xcf6\xfe$W\xea\x98\xeb{\xe3\x98\x19\xfa\x83\
S\xf8\xc4\xc6\x9f\xe4J\x1ds}ouq\x1c\xab\xab\
Z\xef\xb7\x97\xbeb\x8f\xc7\x09\xee\xe6G\x1a\x7f\x92+\
u\x8cuK\x96\xfd\x8f\xdd\x99\x0c\xfd1\xd0\x92w\x02\
|D\xd3T\xb3\xe1\x12\xb8\xab\xeb\xab/\xaf~~t\
#\x9c\x97\x9d\xfe\x18n\xc9\xfb\x00<-\x17\x7f8\xdb\
M\xd5wT\x8f\xcd\xc5\xff\xd8\xd9\xe9\x0f.\xc0+\x1b\
\xbf\xcc\xa5\xd41\xd4[\xab\xef\xcc\xb4\xf5R\x18\xfa\xe3\
(,\xf5\x16\xc0c\xab_\x1b\xdd\x04\x0crk\xf5\xda\
\xeaEMO\xf5{a\xfe\xe2Z\x8a\xab\x9a\xde\xaf5\
\xeeZ\xfa\xd7\xf3\x84\xbfEY\xeaIx\xf5\xe8\x06f\
rC\xd3\xfd\xb3\xd76\xcd7\xbc\xb3iB\x18n\xae\
n\xac\xdeR\xbd\xfe\x8e\xff\xcd\xb2\x9c\xc9\xe3}\xe1\x82\
\xbd\xbc\xf1\xcb]\xfb\xaa7V\xdf\xdc\xb4\xaa\x01\xac\x93\
\x9d\xfe`\x0f\x1e\xd1\xb4\x04:\xfa\xa4\xdf\xc7\x85\xff\xaf\
\xe6\x17\x07\xb6\xe0\x9a\xc6\x7f\xe6\xccQv\xfa\xe3\xa0\xbe\
\xb4\xf1'\xfd\x85\xd4mMOd\xf3P\x16\xd8\x06C\
\x7f\xb0'\xdf\xd3\xf8\x13\xff\xb4\xf5\x8e\xea\xcf\xef\xff\x90\
\x00G\xcaN\x7f\xb0G\xafn\xfc\x89\x7f\x9azk\xf5\
\xf13\x1c\x0f\xe08\x9d\xc9N\x7f\xb07\xef\xdf2\xef\
\xff\xbf#\x17\x7f\xd8\x12C\x7f\xb0g\x9f\xd6\xf8\x93\x7f\
\xd7\xba\xad\xfa\xbc9\x0e\x06p\xb4\xaei\xfcg\xcf\x1c\
e\xe8\x8fa\xfef\xe3\x7f\x01v\xad\xef\x9e\xe5H\x00\
\xc7\xca\xd0\x1f\xcc\xe0{\x1b\xffK\xb0K\xbd1\xd3\xfe\
\xb0%\x86\xfe`&?\xd7\xf8_\x82]\xea\xaf\xces\
\x18\x80#t&C\x7f0\x9b\xd77\xfe\x17\xe1\xa4\xe5\
Q\xc5\xb0\x1d\x86\xfe`F\xf7kz\xe0\xc9\xe8_\x86\
\x93\xd6\xb7\xccs\x18\x80#tM\xe3?s\xe6(C\
\x7f\x1c\x85\x875\xfe\x97a\x97\xb2\xb7?l\x83\xa1?\
\x98\xd9c\x1b\xff\x0bq\xd2\xbaa\xa6c\x00\x1c\x17C\
\x7fp\x00\x7f\xba\xf1\xbf\x10'\xad\xff4\xd31\x00\x8e\
\xc7\x99\x0c\xfd\xb1`\xf7\x1b\xdd\xc0\x0e\x1e4\xba\x81\x1d\
\xfc\xc6\xe8\x06\x80Y]V=\xafz\xf8\xe8Ffp\
]\xf5\xcc\xd1M0\xbf%\x05\x80%M\xa1^?\xba\
\x01`V\xcf\xa9\x1e?\xba\x89\x19\xbc\xb9\xba\xbai\xe0\
\x9a\x95\x13\x00\xe6q\xe3\xe8\x06\x80\xd9<\xabz\xda\xe8\
&fps\xf5\xd4\xa6\xc9\x7f6`I\x01\xe0\xe2\xd1\
\x0d\xec@z\x86u\xba\xaa\xfa\xf6\xd1M\xcc\xe4\x19\xd5\
\xcbG7\xc1\xe1,)\x00\x00\x8ct\xa6\xfa\xa1\xea\x92\
\xd1\x8d\xcc\xe0\xd9\xd5sG7\xc1a\x09\x00\x00\xf7\xcd\
\xd0\x1f\xab#\x00\x00\xdc7C\x7f\xac\x8e\x00\x00p\xef\
\x0c\xfd\xb1J\x02\x00\xc0\xf9=9C\x7f\xac\x94\x00\x00\
p\xcf\xceT?\x98\xa1?VJ\x00\x00\xb8;C\x7f\
\xac\x9e\x00\x00pw\x86\xfeX=\x01\x00\xe0\xae\x0c\xfd\
\xb1\x09\x02\x00\xc0\xfb\x18\xfac3\x04\x00\x80\xc9\x9a\x87\
\xfe\x9e\x93\xa1?\xce!\x00\x00\xac\x7f\xe8\xefkF7\
\xc1\xf1\x11\x00\x00\x0c\xfd\xb1A\x02\x00\xb0u\x86\xfe\xd8\
$\x01\x00\xd82C\x7fl\x96\x00\x00l\x95\xa1?6\
M\x00\x00\xb6\xc8\xd0\x1f\x9b'\x00\x00[d\xe8\x8f\xcd\
\x13\x00\x80\xad1\xf4\x07\x09\x00\xc0\xb6\x18\xfa\x83;\x08\
\x00\xc0V\x18\xfa\x83\xb3\x08\x00\xc0\x16\x18\xfa\x83s\x08\
\x00,\xc5\x03G7\xc0\xa2=\xb7u\x0e\xfd\xddP}\
a\x86\xfe8\x855.\x85\xb1l\x8f\xae\xae\xaa\x9eX\
=\xb6\xfa\xb0\xeaag\xfd\xf7wW\xbfS\xbd\xa6\xe9\
~\xe7\x8b\xab\x97U\xb7\x1d\xb4K\x96\xe4\x99\xd5_\x1e\
\xdd\xc4\x0cnn\xba\xf8\xbfet#0\xb7\xab\xab\xdb\
\x17RW\xcft\x0c\xd6\xeaA\xd5\xd3\x9b.\xe8\xa79\
\xde\xd7W\xdf\xd9\x14\x16\xe0lO\xae\xde\xdb\xf8\xcf\x84\
9\xea\xaf\xed\xf18\xc1Q\x13\x00\xd6\xe7\x01\xd5\xd7W\
\xbf\xd7~\x8e\xfb{\xab\xef\xaf>\xf4\x90/\x82\xa3u\
E\xf5\xd6\xc6\x7f\x1e\xccQ\xcf\xd9\xdfa\x82\xe3'\x00\
\xac\xcb\xa7T\xafm\x9e\xe3\x7fc\xd3w\xbd/:\xd8\
\xab\xe1\xd8<\xb0\xfa\x9f\x8d\xff,\x98\xa3^Z\xdd\x7f\
\x7f\x87\x0a\x8e\x9f\x00\xb0\x0e\x17U\x7f\xbf\xba\xa5\xf9\xdf\
\x87\x9f\xee\xae\xf3\x03l\xc7\x7fh\xfc\xe7\xc0\x1cu}\
\xf5\xc1{<N\xb0\x08\x02\xc0\xf2]\xdc4\x8d}\xc8\
\xf7\xe2\xf5\xd5G\x1c\xe2\xc5q4\x9e\xd5\xf8\xcf\x809\
\xea\xa6\xea\xca=\x1e'X\x0c\x01`\xd9.n\xfa\x1e\
\xf6\x88\xf7\xe3\x86\xea#\xe7\x7f\x89\x1c\x01C\x7f\xb0B\
\x02\xc0\xb2}Oc\xdf\x13!`\xfd\xae\xc8\xd0\x1f\xac\
\x92\x00\xb0\x5c_\xd1\xf8\xf7\xe4\xf6\xa6\xefK\xff\xc9\x99\
_+c\x5cV\xbd\xa2\xf1\xe7\xd8\x1cumu\xe9\xfe\
\x0e\x15L\xec\x04\xc8\xdc\x1eS}\xf7\xe8&\xee\xf0A\
\xd5\xcfd%`\x8d\xec\xf4\x07;\x12\x00\x98\xdb?\xeb\
\xb8\xb6\xf1\xbd\xbczIV\x02\xd6\xe4Y\xadw\xa7\xbf\
/\xc8N\x7f\xe0\x16\xc0\x02\xfd\xb9\xc6\xbf\x17\xe7+3\
\x01\xeb`\xe8\x0fN\xc9\x0a\x00s\xfa;\xa3\x1b\xb8\x17\
V\x02\x96\xefL\xeb~\xbc\xef\xbf\x1d\xdd\x04\xeb&\x00\
0\x97\x8fmz\xa0\xcf13\x13\xb0\x5c\x0f\xac\x9e\xdf\
:\x1f\xef\xfb\x8b\xd5W\x8fn\x82\xf5\x13\x00\x98\xcb\x97\
\x8cn\xe0\x84\xac\x04,\xd3\xb3\xab\x8f\x1b\xdd\xc4\x0c\xde\
\x5c\xfd\xc5\xa6\xdb\x1a0+\x01\x80\xb9<ut\x03;\
\xb0\x12\xb0,\xcf\xac\x9e6\xba\x89\x19\xdc\x5c}~\xf5\
\xa6\xd1\x8d\xb0\x0d\x02\x00sxd\xcb\xdb~\xd7J\xc0\
2<\xb9\xfa\xc7\xa3\x9b\x98\xc93\xaa\x97\x8dn\x82\xed\
\x10\x00\x98\xc3R\xf7+\xb7\x12p\xdc\xae\xa8~\xa8u\
\x0e\xfd\xfd\xab\xa6\xbd\x0c\xe0`\x04\x00\xe6\xf0\x98\xd1\x0d\
\x5c\x00+\x01\xc7\xe9\xb2\xeaG[\xe7\xd3\x1d\xaf\xcb\xd0\
\x1f\x03\x08\x00\xcc\xe1Q\xa3\x1b\xb8@V\x02\x8e\x8f\x9d\
\xfe`\xcf\x04\x00\xe6\xf0\xe0\xd1\x0d\xec\x81\x95\x80\xe3a\
\xa7?\x98\x81\x00\xc0\x1c\xee?\xba\x81=\xb1\x120\xde\
\x93\xabo\x1f\xdd\xc4L\x9e^\xbd|t\x13l\x97\x00\
\xc0\x1c\xde5\xba\x81=\xb2\x120\x8e\x9d\xfe`F\x02\
\x00sx\xfb\xe8\x06\xf6\xccJ\xc0\xe1\xd9\xe9\x0ff&\
\x000\x87\xd7\x8fn`\x06V\x02\x0e\xcbN\x7f03\
\x01\x809\xfc\xda\xe8\x06fb%\xe00\xec\xf4\x07\x07\
 \x000\x87_\xaan\x1a\xdd\xc4L\xac\x04\xcc\xcbN\
\x7fp \x02\x00s\xb8\xb9z\xe9\xe8&fd%`\
\x1eWd\xa7?8\x18\x01\x80\xb9\xfc\xf0\xe8\x06ff\
%`\xbf\xec\xf4\x07\x07&\x000\x97\x1f\xad\xde9\xba\
\x89\x99Y\x09\xd8\x1f;\xfd\xc1\x81\x09\x00\xcc\xe5\x0f\xab\
\x7f3\xba\x89\x03\xb0\x12p\xe1\xec\xf4\x07\xdc\xab\xab\xab\
\xdb\x17RW\xcft\x0c\x96\xe6C\xaaw4\xfe\xfd8\
D\xdd\x90\x95\x80\xd3xr\xd3W\xe2F\xbf\x7fs\xd4\
_\xdb\xe3q\x82\xbd\xb3\x02\xc0\x9c\xde\x5c}\xcb\xe8&\
\x0e\xc4J\xc0\xee\xced\xa7?\xe0\x04\xac\x00,\xd3%\
\xd5\xb5\x8d\x7fO\x0eUoI\x088\x89\xcb\xaaW4\
\xfe\xfd\x9a\xa3\xae\xad.\xdd\xdf\xa1\x82yX\x01`n\
\xb7T_R\xfd\xfe\xe8F\x0e\xc4`\xe0\xc9\x18\xfa\x83\
\xc1\x04\x00\x0e\xe1\xb7\xab\xcfj]\x0f\x09\xba7n\x07\
\xdc;C\x7fp\x04\x04\x00\x0e\xe5e\xd5\x17\xb7\x9d\xbf\
\x8c\xac\x04\xdc3\x8f\xf7\x85#!\x00pH?Q=\
\xb5\xe9/\xa5-\xb0\x12pWg2\xf4\x07GC\x00\
\xe0\xd0~\xaa\xe9\x81([\x09\x01\x1fT\xfd|B\xc0\
e\xd5\xf3Z\xe7\xe3}\xaf\xab\xbeft\x13\xb0+\x01\
\x80\x11\x84\x80\xedyN\xeb\x1c\xfa{s\xd3\xb7~\xb6\
rk\x8b\x15\x11\x00\x18E\x08\xd8\x8eg\xb5\xde\xc7\xfb\
>5\x8f\xf7e\xa1\x04\x00F\x12\x02\xd6o\xcdC\x7f\
\xcf\xc8\xd0\x1f\x0b&\x000\x9a\x10\xb0^k\x1f\xfa\xf3\
x_\x16M\x00\xe0\x18\x08\x01\xebc\xe8\x0f\x8e\x9c\x00\
\xc0\xb1\x10\x02\xd6\xc5\xd0\x1f\x1c9\x01\x80c\x22\x04\xac\
\x83\xa1?X\x00\x01\x80c#\x04,\x9b\xa1?X\x08\
\x01\x80c$\x04,\x93\xa1?X\x10\x01\x80c%\x04\
,\x8b\xa1?X\x18\x01\x80c&\x04,\x87\xa1?X\
\x18\x01\x80c'\x04\x1c?C\x7f\xb0@\x02\x00K \
\x04\x1c/C\x7f\xb0P\x02\x00K!\x04\x1c\x1fC\x7f\
\xb0`\x02\x00K\x22\x04\x1c\x0fC\x7f\xb0p\x02\x00K\
#\x04\x1c\x07C\x7f\xb0p\x02\x00K$\x04\x8ce\xe8\
\x0fV@\x00`\xa9\x84\x801\x0c\xfd\xc1J\x08\x00,\
\x99\x10pX\x86\xfe`E\x04\x00\x96N\x088\x0cC\
\x7f\xb02\x02\x00k \x04\xcc\xcf\xd0\x1f\xac\x8c\x00\xc0\
Z\x08\x01\xf31\xf4\x07+$\x00\xb0&B\xc0\xfe\x19\
\xfa\x83\x95\x12\x00X\x1b!`\x7f\x0c\xfd\xc1\x8a\x09\x00\
\xac\x91\x10p\xe1\x0c\xfd\xc1\xca\x09\x00\xac\x95\x10pa\
\x0c\xfd\xc1\xca\x09\x00\xac\x99\x10p:\x86\xfe`\x03\x04\
\x00\xd6N\x08\xd8\x8d\xa1?\xd8\x08\x01\x80-\x10\x02N\
\xc6\xd0\x1fl\x88\x00\xc0V\x08\x01\xf7\xce\xd0\x1fl\x8c\
\x00\xc0\x96\x08\x01\xe7g\xe8\x0f6F\x00`k\x84\x80\
\xbb3\xf4\x07\x1b$\x00\xb0EB\xc0\xfb\x18\xfa\x83\x8d\
\x12\x00\xd8*!\xc0\xd0\x1fl\x9a\x00\xc0\x96m9\x04\
\x18\xfa\x83\x8d[c\xf2\x87]\xfcT\xf5E\xd5\x7f\xaa\
.\x1d\xdc\xcb!|P\xf53\xd5/\xb7\xce\xa1\xbf\x1b\
\xaa/\xcc\xd0\xdf\xf9\xfc\x91\xea\x8f7\x9d\x07\x0f\xba\xe3\
\xff{W\xf5\x96\xeau\xd5M\x83\xfab\x00\x01\x00\xea\
\x05M\xc3b\xcf\xaf\x1e0\xb8\x97C\xb8\xfc\x8eZ\x9b\
\x9b\xab/h\xba\x981y@\xf5\xe7\xaa\xcf\xa8>\xbd\
\xe9\xe2\x7f\xbe\x95\xdf\xdb\xaa\xdf\xac^T\xbd\xb0\xfa\xc9\
\x04)\x8e\xc4\xd5\xd5\xed\x0b\xa9\xabg:\x06\xcc\xeb\xb3\
\x9a\xfe\x02\x1a}\xfe\xa8\xd3\xd5W\xdc\xfd-\xdd\xacG\
U\xff\xb4z[\xa7?\x9eo\xab\xfeI\xf5\xa1\x07\xee\
\x1d\xeeF\x00\xe0\x10\x84\x80e\xd6\xb3\xef\xe9\xcd\xdc\xa0\
\xf7\xab\xbe\xbbi5d_\xc7\xf6\xe6\xa6 \xf0\x90\x03\
\xbe\x0e\xb8\x0b\x01\x80C\x11\x02\x96U\xd7\xb6\x8d\xf9\x8d\
\xfb\xf2\x19M{\x1e\xccu\x9co\xa8\x9er\xb0W\xc3\
\xec|\x0b\x00\xeenk\xdf\x0eX2;\xfd\xd5E\xd5\
77\xdd\xb3\xff\x90\x19\x7f\xce\xe5\xd5OW\xdfx\xc7\
\xcf\x84\x83\xb1\x02\xc0\xa1Y\x098\xee\xba\xa9\xba\xf2\xbc\
\xef\xde6\x5c\x5c\xfd\xbb\x0e\x7f\xec\x9f{\xc7\xcf\x86\x83\
\x10\x00\x18A\x088\xde\xda\xfa\xd0\xdfEM\x17\xe2Q\
\xc7\xff\xfb\xb2\x12\xc0\x81\x08\x00\x8c\x22\x04\x1c_\x19\xfa\
\x9b\x96\xfdG\xbf\x0f\xdf0\xfb\xab\x84\x04\x00\xc6\x12\x02\
\x8e\xa7\x0c\xfd\xd5U\xd5-\x8d\x7f/n\xad\xfe\xec\xcc\
\xaf\x95\x99\x18\x02\x84\x931\x18x\x1c\x0c\xfdM_\xc7\
\xfb\x81\x8e\xe3\x1e\xfc\xfd\x9af\x10\x1e<\xba\x11v'\
\x00\xc0\xc9\x09\x01cy\xbc\xef\xe4\x9b\x9bw\xda\x7fW\
\x8f\xac\xbeit\x13\xecN\x00\x80\xdd\x08\x01\xe3x\xbc\
\xef\xb4+\xdfW\x8en\xe2\x1e<\xbd)\x08\xb0 \x02\
\x00\xecN\x088<\x8f\xf7\x9d\xfc\xad\x8es\xfe\xe1\x01\
\xd53G7\xc1n\x04\x008\x1d!\xe0p<\xdew\
ri\xf5\xa5\xa3\x9b\xb8\x17Ok\x1b\x0f\xd3Z\x0d\x01\
\x00NO\x08\x98\x9f\xa1\xbf\xf7\xf9\xec\xea\xa1\xa3\x9b\xb8\
\x17\x1f\xd8\xb4\x1d1\x0b!\x00\xc0\x85\x11\x02\xe6c\xe8\
\xef\xae>st\x03' \x00,\x88\x00\x00\x17N\x08\
\x98\x87\xa1\xbf\xbb\xfa\xb4\xd1\x0d\x9c\xc0\x93F7\xc0\xc9\
\x09\x00\xb0\x1fB\xc0~\x19\xfa\xbb\xab\xcb\xaa?>\xba\
\x89\x13xL\xf5GF7\xc1\xc9\x08\x00\xb0?B\xc0\
~\x18\xfa\xbb\xbb\x8fh\x19\x9f\xd7\x17W\x8f\x1e\xdd\x04\
'\xb3\x84\x13\x0a\x96D\x08\xb80\x86\xfe\xee\xd9#F\
7\xb0\x83\x87\x8fn\x80\x93\x11\x00`\xff\x84\x80\xd3\xb9\
\xb9\xe9\xb8\x19\xfa\xbb\xbb?:\xba\x81\x1d<dt\x03\
\x9c\x8c\x00\x00\xf3\x10\x02v\xf7\x8c\xeae\xa3\x9b8R\
\xc7\xb8\xf9\xcf\xf9\xd8\x0b`!\x04\x00\x98\x8f\x10pr\
\x86\xfe\xe0\xc0\x04\x00\x98\x97\x10p\xdf\x0c\xfd\xc1\x00\x02\
\x00\xccO\x088?C\x7f0\x88\x00\x00\x87!\x04\xdc\
\x9d\xa1?\x18H\x00\x80\xc3\x11\x02\xee\xca\xd0\x1f\x0c$\
\x00\xc0a\x09\x01\x13C\x7f0\x98\x00\x00\x87\xb7\xf5\x10\
`\xe8\x0f\x8e\x80\x00\x00cl5\x04\x18\xfa\x83#!\
\x00\xc08[\x0b\x01\x86\xfe\xe0\x88\x08\x000\xd6\x96B\
\x80\xa1?8\x22\x02\x00\x8c\xb7\x85\x10`\xe8\x0f\x8e\x8c\
\x00\x00\xc7a\xcd!\xc0\xd0\x1f\x1c!\x01\x00\x8e\xc7\x1a\
C\x80\xa1?8R\x02\x00\x1c\x975\x85\x00C\x7fp\
\xc4\x04\x008>k\x09\x01\x86\xfe\xe0\x88\x09\x00p\x9c\
\x96\x1e\x02\x0c\xfd\xc1\x91\x13\x00\xe0x-5\x04\x18\xfa\
\x83\x05\x10\x00\xe0\xb8--\x04\x18\xfa\x83\x85\x10\x00\xe0\
\xf8-%\x04\x18\xfa\x83\x05\x11\x00`\x19\x96\x10\x02\x0c\
\xfd\xc1\x82\x08\x00\xb0\x1c\xc7\x1c\x02\x0c\xfd\xc1\xc2\x08\x00\
\xb0,\xc7\x18\x02\x0c\xfd\xc1\x02\x09\x00\xb0<?U}\
Q\xc71hwC\xf5\x85\x1dG/\xc0\x0e\x04\x00X\
\xa6\x17TOm\xecJ\xc0;\xaa\xcf\xad\xde2\xb0\x07\
\xe0\x94\x04\x00X\xae;W\x02F\x84\x80w7\x05\x90\
\xff5\xe0g\x03{ \x00\xc0\xb2\xbd\xa0\xfa\xcc\xea\x0f\
\x0f\xf83\x7f\xbf\xfa\x8c\xeaE\x07\xfc\x99\xc0\x9e\x09\x00\
\xb0|/\xae\x9eX\xfd\xea\x01~\xd6\xafT\x9fT\xfd\
\xe2\x01~\x160#\x01\x00\xd6\xe1\xd5\xd5\x13\xaa\xef\xae\
n\x99\xe1\xdf\x7fo\xf5\x1d\xd5'V\xaf\x99\xe1\xdf\x07\
\x0eL\x00\x80\xf5\xf8\x7f\xd5WW\x1fS\xfd\x97\xea\xf6\
=\xfc\x9b\xb7U\xcf\xaf\x1eW}m\xc7\xf5\xf5C\xe0\
\x02\x08\x00\xb0>\xbf\xd64\x9d\xff\xd8\xea\x9f7}U\
oW\xbfS}g\xf5\x98\xea\x0b\xf2W?\xac\xce%\
\xa3\x1b\x00f\xf3\x9a\xea\xab\x9aV\x05\x1e\xdft\xef\xfe\
\xf1\xd5\x87W\x1fT=\xbc\xba\xb1i\xe5\xe0-\xd5\xeb\
\xaa_\xae\xfe{\xa6\xfba\xf5\x04\x00X\xbf\xdb\xabW\
\xdcQ\x00\x95[\x00\x00\xb0I\x02\x00\x00l\x90\x00\x00\
\x00\x1b$\x00\x00\xc0\x06\x09\x00\x00\xb0A\x02\x00\x00l\
\x90\x00\x00\x00\x1b$\x00\x00\xc0\x06\x09\x00\x00\xb0A\x02\
\x00\x00l\x90\x00\x00\x00\x1b$\x00\x00\xc0\x06\x09\x00\x00\
\xb0A\x02\x00\x00l\x90\x00\x00\x00\x1b$\x00\x00\xc0\x06\
\x09\x00\x00\xb0A\x02\x00\x00l\x90\x00\x00\x00\x1b$\x00\
\x00\xc0\x06\x09\x00\x00\xb0A\x02\x00\x00l\x90\x00\x00\x00\
\x1b$\x00\x00\xc0\x06\x09\x00\x00\xb0A\x02\x00\x00l\x90\
\x00\x00\x00\x1b$\x00\x00\xc0\x06\x09\x00\x00\xb0A\x02\x00\
\x00l\x90\x00\x00\x00\x1b$\x00\x00\xc0\x06\x09\x00\x00\xb0\
A\x02\x00\x00l\x90\x00\x00\x00\x1b$\x00\x00\xc0\x06\x09\
\x00\x00\xb0A\x02\x00\x00l\x90\x00\x00\x00\x1b$\x00\x00\
\xc0\x06\x09\x00\x00\xb0A\x02\x00\x00l\x90\x00\x00\x00\x1b\
$\x00\x00\xc0\x06\x09\x00\x00\xb0A\x02\x00\x00l\x90\x00\
\x00\x00\x1b$\x00\x00\xc0\x06\x09\x00\x00\xb0A\x02\x00\x00\
l\x90\x00\x00\x00\x1b$\x00\x00\xc0\x06\x09\x00\x00\xb0A\
\x02\x00\x00l\x90\x00\x00\x00\x1b$\x00\x00\xc0\x06\x09\x00\
\x00\xb0A\x02\x00\x00l\x90\x00\x00\x00\x1b$\x00\x00\xc0\
\x06\x09\x00\x00\xb0A\x02\x00\x00l\x90\x00\x00\x00\x1b$\
\x00\x00\xc0\x06\x09\x00\x00\xb0A\x02\x00\x00l\x90\x00\x00\
\x00\x1b$\x00\x00\xc0\x06\x09\x00\x00\xb0A\x02\x00\x00l\
\x90\x00\x00\x00\x1b$\x00\x00\xc0\x06\x09\x00\x00\xb0A\x02\
\x00\x00l\x90\x00\x00\x00\x1b$\x00\x00\xc0\x06\x09\x00\x00\
\xb0A\x02\x00\x00l\x90\x00\x00\x00\x1b$\x00\x00\xc0\x06\
\x09\x00\x00\xb0A\x02\x00\x00l\x90\x00\x00\x00\x1b$\x00\
\x00\xc0\x06\x09\x00\x00\xb0A\x02\x00\x00l\x90\x00\x00\x00\
\x1b\xb4\xa4\x00p\xeb\xe8\x06vp\xe9\xe8\x06\x80Uy\
\xc0\xe8\x06vp\xcb\xe8\x068\x99%\x05\x80\xf7\x8cn\
`\x07\x0f\x1e\xdd\x00\xb0*K\xfaLY\xd2g\xf5\xa6\
\x09\x00\xf3x\xe4\xe8\x06\x80Uy\xd4\xe8\x06vp\xf3\
\xe8\x068\x99%\x05\x80w\x8dn`\x07\x7fbt\x03\
\xc0\xaa|\xe4\xe8\x06v\xb0\xa4\xcf\xeaM[R\x00\xf8\
\xbd\xd1\x0d\xec\xe0\x93G7\x00\xac\xc6E-\xeb3\xe5\
\xad\xa3\x1b\xe0d\x96\x14\x00\xde6\xba\x81\x1d\x5c^\xfd\
\xc9\xd1M\x00\xab\xf0Q\xd5\x07\x8fnb\x07o\x1f\xdd\
\x00'\xb3\xa4\x00\xf0\xf6\xea\xbd\xa3\x9b\xd8\xc1_\x1e\xdd\
\x00\xb0\x0a_<\xba\x81\x1d\xdc\x5c\xfd\xc1\xe8&X\xa7\
\xd7U\xb7/\xa4\xde\x98\xaf\x03\x02\x17\xe6\x01\xd5\xf5\x8d\
\xff<;i\xbdv\x9e\xc3\xc0\x1c\x96\xb4\x02P\xf5\xdb\
\xa3\x1b\xd8\xc1\x87V_6\xba\x09`\xd1\xbe\xbce}\
\xab\xe8\x0d\xa3\x1b\xe0\xe4\x96\x16\x00^?\xba\x81\x1d\xfd\
\x83\x96\xf5\xfd]\xe0x<\xa4\xfa\xa6\xd1M\xechi\
\x9f\xd1\x9b\xb6\xb4\x00\xf0\xaa\xd1\x0d\xec\xe8\xf2\xea\xdbF\
7\x01,\xd2\xb7W\x1f2\xba\x89\x1d\xbdzt\x03\xac\
\xd7\xa76\xfe\x1e\xd7\xaeu[\xf5\xf9s\x1c\x0c`\xb5\
\xfeB\xe3?\xbbNSO\x9c\xe3`@\xd5\xfb7=\
\x13`\xf4I\xbek\xbd\xb3z\xc2\x0c\xc7\x03X\x9fO\
\xa8nl\xfc\xe7\xd6\xaeuk\xd3m\x0b\x98\xcd\xab\x1a\
\x7f\xa2\x9f\xa6\xde\x9a\x10\x00\xdc\xbbOh\xda\xf4l\xf4\
\xe7\xd5i\xeaWf8\x1e\xcchi3\x00U\xd7\x8d\
n\xe0\x94\x1eV\xfd|n\x07\x00\xf7\xec/T?W\
=tt#\xa7\xf4\x8b\xa3\x1b`\xfd\xbe\xa4\xf1I\xf7\
B\xea\xb6\xea_\xe4\xdb\x01\xc0\xe4\xfd\xaa\xe74\xfe\xb3\
\xe9B\xeb\x8b\xf6}`\xe0\x5c\x0fo\x99s\x00\xe7\xd6\
\x0d\xd5_\xcffA\xb0U\x97V\x7f\xa3zS\xe3?\
\x8f.\xb4n\xa9>p\xbf\x87\x07\xee\xd9\xcb\x1b\x7f\xc2\
\xef\xab\xae\xaf\xfea\xd3~\xdf\xc0\xfa=\xae\xfa\xd6\x96\
\xb5\xc3\xdf}\xd5\xb5{=B\x1c\xc4%\xa3\x1b8\xa5\
\x9fh=\x03u\x8f\xac\xfe\xee\x1d\xf5\xe6\xa6\x19\x87\xd7\
V\xff\xa7\xe9\xdb\x03\xef\x19\xd7\x1ap\x81.m\xba\xdd\
\xf7\xc7\x9a\x1e\xe9\xfb\xc9-\xeb\xc1>'\xf5\x82\xd1\x0d\
\xb0\xbb\x8bF7pJ\x1fY\xfd\xc6\xe8&\x00\xe8\xb6\
\xea\x8a\xa6\xe7\x9f\xb0 K\xfc\x16@\xd5k\xaa\xff=\
\xba\x09\x00zQ.\xfe\x8b\xb4\xd4\x00P\xf5\x03\xa3\x1b\
\x00\xa0\xef\x1f\xdd\x00\xa7\xb3\xd4[\x005}\xaf\xfe\xfa\
\xa6\xc7e\x02px\xefn\x9aix\xe7\xe8F\xd8\xdd\
\x92W\x00~\xaf\xfa\xf1\xd1M\x00l\xd8\xf3s\xf1_\
\xac%\xaf\x00T]Y\xbdlt\x13\x00\x1bue\xf5\
K\xa3\x9b\xe0t\x96\xbc\x02P\xd3~\x00?;\xba\x09\
\x80\x0d\xfa\xe9\x5c\xfc\x17m\xe9\x01\xa0\xa6\x0d5\x008\
\xac\x7f4\xba\x01.\xcc\xd2o\x01\xdc\xe9\xa5y\x0e5\
\xc0\xa1\xbc\xa4\xfa\xf4\xd1Mpa\xd6\xb0\x02P\xf5m\
\xa3\x1b\x00\xd8\x10+\xaf+\xb0\x96\x15\x80\x8b\xaa_\xc8\
*\x00\xc0\xdc\xfc\xf5\xbf\x12k\x09\x005=L\xe7\x7f\
V\xf7\x1f\xdd\x08\xc0J\xddR=\xbez\xe5\xe8F\xb8\
p\x17\x8fn`\x8f~\xb7\xfa\x80\xea\x93F7\x02\xb0\
R\xdf\x95]XWcM+\x005=u\xeb\xd7\x9b\
\x9e\xb0\x07\xc0\xfe\x5c_=\xb6\xbaqt#\xec\xc7Z\
\x86\x00\xef\xf4\xce\xeaY\xa3\x9b\x00X\xa1\xaf\xce\xc5\x7f\
U\xd6\xb6\x02p\xa7\x1f\xaf\xfe\xfc\xe8&\x00V\xe2\xc7\
\xaa\xcf\x1f\xdd\x04\xfb\xb5\xd6\x00\xf0\x01M\x03\x81W\x0c\
\xee\x03`\xe9\xdeX}\x5c\xf5\xb6\xd1\x8d\xb0_k\xbb\
\x05p\xa7\xdf\xaf\xfeR\xf5\x9e\xd1\x8d\x00,\xd8{\x9b\
>K]\xfcWhM\xdf\x028\xd7\x0dM\x01\xe0)\
\xa3\x1b\x01X\xa8\xaf\xad~dt\x13\xccc\xad\xb7\x00\
\xeetQ\xd3\xbd+\xf3\x00\x00\xbb\xf9\xaf\xd5\xe7V\xb7\
\x8fn\x84y\xac=\x00T\xbd_\xf5\xe2\xeac\x07\xf7\
\x01\xb0\x14\xaf\xaa>\xad\xe9v*+\xb5\x85\x00Pu\
yum\x86\x02\x01\xee\xcb\x1b\xaa?]\xbdyt#\
\xcck\xadC\x80\xe7zS\xd3,\xc0\xff\x1d\xdd\x08\xc0\
\x11\xfb\xbd\xea\xb3r\xf1\xdf\x84\xad\x04\x80\xaa\xd7U\x9f\
\xd3\xb4Y\x10\x00w\xf5\xee\xa6{\xfe\xaf\x19\xdd\x08\x87\
\xb1\xa5\x00P\xf5\x8a\xea\xa9\xd9\xcd\x0a\xe0l76]\
\xfc\xff\xc7\xe8F8\x9c\xad\xcc\x00\x9c\xeb\xe3\x9b&\x5c\
\x1f1\xba\x11\x80\xc1\xde\xde\xb4:\xfa\xdfG7\xc2a\
m5\x00T}x\xf5\xc2\xea#F7\x020\xc8o\
W\x9f\x99e\xffM\xda\xda-\x80\xb3\xfdV\xf5)\xd5\
\xaf\x8cn\x04`\x80WWO\xcc\xc5\x7f\xb3\xb6\x1c\x00\
\xaa\xdeR=\xa9\xe9v\x00\xc0V\xfcD\xd3\xc5\xff\x86\
\xd1\x8d0\xce\x9a\xb7\x02>\xa9\x9b\xaa\x1fl\xda\xf0\xe2\
\xaa\x1c\x13`\xbdn\xa9\xbe\xa5\xfa\xca\xa6\xcf>6l\
\xcb3\x00\xf7\xe4\x09\xd5\x0fW\x1f6\xba\x11\x80={\
c\xd3\x83}\xae\x1b\xdd\x08\xc7a\xeb\xb7\x00\xce\xf5K\
M\xdf\x10x\xc1\xe8F\x00\xf6\xe8\xc7\xaa\x8f\xc9\xc5\x9f\
\xb3\x08\x00w\xf7\xf6\xea\xf3\x9a\x1e \xf4\x7f\x06\xf7\x02\
p!\xdeT}y\xf5\xf9\xd9\xd7\x9fs\xb8\xdf}~\
\xaf\xad\xbe\xb7\xe9\x9e\xd9'\xe7X\x01\xcbqK\xf5/\
\xab/hZ\xd9\x84\xbb1\x03p2\x8f\xab\x9e\xdd\xf4\
\xb5A\x80c\xf6\x92\xea\xe9\xd5\xaf\x8en\x84\xe3\xe6\x16\
\xc0\xc9\xbc\xaa\xfa\xd4\xa6\x00\xf0s\x83{\x01\xb8'\xd7\
6\xdd\xba|R.\xfe\x9c\x80\x15\x80\xd3yb\xf5u\
\xd5g\xe7\x18\x02c][}c\xfe8aG.^\
\x17\xe6\x09\xd5W5\x0d\xd8<pp/\xc0v\xbc\xbb\
z~\xf5\xcf\x9a\x1er\x06;\x13\x00\xf6\xe3\xb2\xa6\x87\
i|Y\xd3\xb3\xb4\x0d\x0c\x02\xfbv[\xd3\x03{\xbe\
\xafi\xf32\x8f6\xe7\x82\x08\x00\xfb\xf7\xa8\xeaK\x9a\
\xbeJ\xf8\x84\x84\x01\xe0\xf4n\xad^^\xfdx\xf5\x1f\
\x9b6\xf3\x81\xbd\x10\x00\xe6\xf5\x81\xd5S\x9a\x06\x08\x9f\
X}T\x06/\x81\xf3\xbb\xad\xe9!=/\xad~\xa1\
\xfa\xd9\xa6\xbdI`\xef\x04\x80\xc3zH\xf5\xd1M_\
+\xfc\xe8\xea\xd1\xd5\x15\xd5\x99\xea\xd2qm\x01\x07\xf6\
\x9e\xeaw\xaa74=\x99\xf4\x95M\xdf6ze\xf5\
\x8e\x81}\xb1!\x02\xc0\xf1x\xe8Y\xf5\xa0\xea\x92\xea\
\xc1C;\x02\xf6\xe1\x9dM\x1b\xf3\xbc\xabz\xdbY\x05\
\x00\x00\x00\x00\x00\x00\x00\x00\x00\x00\x00\x00\x00\x00\x00\x00\
\x00\x00\x00\x00\x00\x00\x00\x00\x00\x00\x00\x00\x00\x00\x00\x00\
\x00\x00\x00\x00\x00\x00\x00\x00\x00\x00\x00\x00\x00\x00\x00\x00\
\x00\x00\x00\x00\x00\x00\x00\x00\x00\x00\x00\x00\x00\x00\x00\x00\
\x00\x00\x00\x00\x00\x00\x00\x00\x00\x00\x00\x00\x00\x00\x00\x00\
\x00\x00\x00p\x96\xff\x0f\x5c\x97\xdb\xbd\xdfH\x87\xa5\x00\
\x00\x00\x00IEND\xaeB`\x82\
\x00\x00\x11H\
\x89\
PNG\x0d\x0a\x1a\x0a\x00\x00\x00\x0dIHDR\x00\
\x00\x02\x00\x00\x00\x02\x00\x08\x03\x00\x00\x00\xc3\xa6$\xc8\
\x00\x00\x00\x03sBIT\x08\x08\x08\xdb\xe1O\xe0\x00\
\x00\x00\x09pHYs\x00\x00\x0b\x94\x00\x00\x0b\x94\x01\
w\xed\xb6\xf4\x00\x00\x00\x19tEXtSoft\
ware\x00www.inkscap\
e.org\x9b\xee<\x1a\x00\x00\x012PLT\
E\xff\xff\xff\x00\x00\x00\x00\x00\x00\x00\x00\x00\x00\x00\x00\
\x00\x00\x00\x00\x00\x00\x00\x00\x00\x00\x00\x00\x00\x00\x00\x00\
\x00\x00\x00\x00\x00\x00\x00\x00\x00\x00\x00\x00\x00\x00\x00\x00\
\x00\x00\x00\x00\x00\x00\x00\x00\x00\x00\x00\x00\x00\x00\x00\x00\
\x00\x00\x00\x00\x00\x00\x00\x00\x00\x00\x00\x00\x00\x00\x00\x00\
\x00\x00\x00\x00\x00\x00\x00\x00\x00\x00\x00\x00\x00\x00\x00\x00\
\x00\x00\x00\x00\x00\x00\x00\x00\x00\x00\x00\x00\x00\x00\x00\x00\
\x00\x00\x00\x00\x00\x00\x00\x00\x00\x00\x00\x00\x00\x00\x00\x00\
\x00\x00\x00\x00\x00\x00\x00\x00\x00\x00\x00\x00\x00\x00\x00\x00\
\x00\x00\x00\x00\x00\x00\x00\x00\x00\x00\x00\x00\x00\x00\x00\x00\
\x00\x00\x00\x00\x00\x00\x00\x00\x00\x00\x00\x00\x00\x00\x00\x00\
\x00\x00\x00\x00\x00\x00\x00\x00\x00\x00\x00\x00\x00\x00\x00\x00\
\x00\x00\x00\x00\x00\x00\x00\x00\x00\x00\x00\x00\x00\x00\x00\x00\
\x00\x00\x00\x00\x00\x00\x00\x00\x00\x00\x00\x00\x00\x00\x00\x00\
\x00\x00\x00\x00\x00\x00\x00\x00\x00\x00\x00\x00\x00\x00\x00\x00\
\x00\x00\x00\x00\x00\x00\x00\x00\x00\x00\x00\x00\x00\x00\x00\x00\
\x00\x00\x00\x00\x00\x00\x00\x00\x00\x00\x00\x00\x00\x00\x00\x00\
\x00\x00\x00\x00\x00\x00\x00\x00\x00\x00\x00\x00\x00\x00\x00\x00\
\x00\x00\x00\x00\x00\x00\x00\x00\x00\x00\x00\x00\x00\x00\x00\x00\
\x00\x00\x00\xf2\xade\xdd\x00\x00\x00etRNS\x00\
\x01\x02\x03\x04\x06\x07\x08\x0b\x0c\x0d\x0e\x15\x18\x1a\x1c\x1d\
\x1e\x1f'*-.468:<=?@AB\
CDGIJLO[qsu|\x82\x83\x84\x86\
\x88\x89\x8b\x8e\x8f\x92\x95\x96\x97\x98\x9b\x9d\xa0\xa5\xa7\xab\
\xae\xb1\xb2\xb3\xb5\xb7\xb8\xba\xbf\xc2\xc3\xc5\xc6\xcb\xd0\xd3\
\xd9\xde\xe0\xe3\xe4\xe6\xe9\xeb\xec\xed\xf3\xf4\xf5\xf7\xf8\xf9\
\xfa\xfc\xfd\xfe\xd0\x02\x17 \x00\x00\x0f\x17IDAT\
x\xda\xed\xddk[\x1bU\x17\xc6\xf1\x1d!\xc8!6\
\x02\xd5\x88P\x03\x06$\x04('\x91\x22\x94\x93\x8d\x10\
\x06\x81\x80E V!\xcd\xfe\xfe_\xc1\xb7>\x8f\x94\
\xb5g&\x93Y3\xf3\xbf_s]\xac\xae\xfbG2\
\xa7\xa4\xc6$1#\xa5\xea\xf2^\xdd\xbb\xb8\xba}\xb0\
\x19\xcf\xc3\xed\xd5\x85W\xdf[\xae\x96FL&2X\
Yo\xdcX\xf2Dn\x1a\xeb\x95\xc1T\x97\x9f\x9f^\
9{\xa4\xe8\xe7\xf2x\xb62\x9dOi\xfd\x13[\xf7\
\x14\xec\x92\xfb\xad\x89\xf4\xb5?\xb6\xd4\xa4Y\xf74\x97\
\xc6RU\x7f\xe9\xb0C\xa9\xfe\xd29,\xa5\xa6\xfe\xa9\
c\xfa\x0c\x92\xe3\xa9T\xd4?sJ\x95As:\x93\
\xf8\xfa\x8b\x07\xd4\x18&\x07\xc5D\xd7\xdf_k\xd1a\
\xb8\xb4j\xfd\xc9\xed\x7f\xf2\x92\x02\xc3\xe7r2\xa1\xf5\
\xf7\xadr\xe8\xdf\x9d\x13\x82\xd5\xbeD\xbe\xfb{T\xd7\
\xadx\x09<\x12\x98\xbb\xa3\xb7\xee\xe5n.a\xf5\xe7\
\xd6x\xf9\xef\xee\xdb\xc0Z.Qw}\xf6\xa9\xac\xdb\
\xd9O\xd0=\xa2\xa1\x13\xfa\xea~N\x86\x92\xd2\x7f\xe1\
\x9c\xb6\xa2\xc8y!\x19\xfd\x8fr\xdf/\xa24G\x13\
\xf1\xf7O\xff\xd1\x09H\xc0k\xc0\x10\xaf\xffQ\xbe\x0b\
\xa8?\x0e\xc8s\xfc\x17\xed\x91\xa0\xf2s\x81\x1c\xe7\x7f\
Q\x9f\x0d\xea\xbe\x1e\xb0FCQgM\xf5\xf5_\xae\
\xffE\x7fMP\xf1U\xe1\x22\xd7\xff{\x90;\xb5w\
\x86\xfa\xb8\xff\xd7\x93xZ\xef\x0e\xaf\xd2Mo\xb2\xaa\
\xf4\xf9\x1f\x0e\x00zu\x18\xa0\xf2\x19\xa1~\x9e\xff\xea\
Y.5>'X\xa3\x97\xde\xa5\xa6\xf0\x0c\x80\xe7\x7f\
{\x98\x96\xbe3\x01\xbf\xcf\xff\xb7\x8e6\x17\xab\xe5\xf1\
a\x93\xf1\x0c\x8f\x97\xab\x8b\x9bG~\xff|\x0e\xb4\xfd\
;f|\x8d\xff~{v\xc0\x90\x7fe`v\xfb\xbd\
\xaf\x15j\xfb\xcc\x90\x8f\xcf\x7f}\xd8(\xe5h\xfc\x89\
\xfb(\xa5\x8d\x0f\xee[<\xd55\xfc\x94\xf3\xe0\xed\x9d\
\x17t\xfd\xa9\xbc\xd8i;/R\xd7'G\x9d?\xff\
\xfb\xee%5?\x97\x97\xef\x5c7y\xaci\xec\x92\xe3\
\xd0\xd7\xaf\xa8X\xca\xabk\xc7ej\xfa\xfe\x80C\xc7\
\x8b\xd8\x05\xfa\x95Sp\xbc\xa5r\xa8g\xe41\xb7\x8b\
\xc0\xbby\xdauI~\xd7\xed\x82\xb0\x9eo\x91Yr\
:\xfa[\xa0Z\xd7,8\x1d\x0b.\xa9\x99\xd7\xe59\
\xe0\xf6<\xbd\xbag\xdeE@S\xcb\xb4\x13.\x5c\xf9\
\xfb\xf7\xf7\x1a\xe0\xb2S-\xdf&\xf7\xc6\xe5\xfd\x9fN\
\xfd\xc5\xe58\xe0\x8d\x92c\x16\x87\xef\x7f\xf48\xfe\xf3\
\xbbU\x87s\x81{\x1d[\x9dv8\xff\xe7\xfc\xcf\xff\
\xd9\xa0\xc3\xf5\x80i\x15\x93\xbe\x96\x07\xe5\xfaO\x90+\
B\xf2^_\xab\x18\xf4L\xbe\xfeK\x9bA\x22_\x15\
>\xd30\xe6\xa0\xf8\xfd\xdfm\xae\xff\x07\xcaK\xf1\x5c\
\xf0Q\xc3\xb7\xcbWD\xa7;t\x19,;\xe2j+\
\x0a\xa6\x5c\x17\xef\xffs\xff7`^\x88\xcf\x07\xac+\
\x98\xb2!\x0d\xb9A\x93A\xb3!\xed\xb6\xa1`\xc8\x9b\
$\xdd\xb6LX\xc4\xdb\xec7\xf1\xcf8\x22>\xff\xc7\
\xf3_\x81\x93\x13\x9f\x13\x1c\xd1\x8ft\x9b\x1e\x83g[\
\xff\xcbkU\x1aq\x96\x1a\x83gV\xdan5\xf6\x11\
\x97\xa5\xe7\xffy\xfe;D\x06\xa4\xcf\x0b,\xc7>\xe2\
\x9e0\xe1\x11-\x86\xc9\x91\xb0\xde\xbd\xd8'\xac\x0b\x13\
nRb\x98l\x0a\xeb\xad\xc7>\xa1t\xd7r\x91\x12\
\xc3dQ\xba\xcf\x1e\xfb\x84\x17\xea\x8fR\x12\x1d\xe9\x18\
\xfb\x22\xf6\x09\xaf\x84\x09\xcb\x94\x18&ea\xbdW\xb1\
Ox+L8N\x89a2.\xac\xf76\xf6\x09\xa5\
\xff\xff}\x98\x12\xc3dXX\xefC\xec\x13JW*\
\xe80\xe5\xfb\x05\x00\x00\x00\x00\x00\x00\x00\x00\x00\x00\x00\
\x00\x00\x00\x00\x00\x00\x00\x00\x00\x00\x00\x00\x00\x00\x00\x00\
\x00\x00\x80\x00\x80\x00\x80\x00\x80\x00\x80\x00\x80\x00\x80\x00\
\x80\x00\x80\x00\x80\x00\x80\x00\x80\x00\x80\x00\x80\x00\x80\x00\
\x80\x00\x80\x00\x80\x00\x80\x00\x80\x00\x80\x00\x00\x00\x00\x00\
\x00\x00\x00\x00\x00\x00\x00\x00\x00\x00\x00\x00\x00\x00\x00\x00\
\x00\x00\x00\x00\x00\x00\x00\x00\x00\xc0\x80\x00`@\x000\
 \x00\x18\x10\x00\x0c\x08\x00\x06\x04\x00\x03\x02\x80\x01\x01\
\xc0\x80\x00`@\x000 \x00\x00\x00\x00\x00\x00\x00\x00\
\x00\x00\x00\x00\x00\x00\x00\x00\x00\x00\x00\x00\x00\x00\x00\x00\
\x90e\x00#\xa5\xea\xf2^\xdd\xbb\xb8\xba}\x08\xfb\x0b\
\x00\x900\x00\x83\x95\xf5\xc6\x8du\x0f\x00R\x04 ?\
\xbdr\xf6h\xfd\x05\x00\xa9\x010\xb1uo\xfd\x07\x00\
\xe9\x000\xb6\xd4\xb4\x81\x02\x804\x00(\x1dv\xac\x05\
@V\x01L\x1d\xdb\xe0\x01@\xd2\x01\xcc\x9cZ\x0b\x80\
\xcc\x02(\x1eX\x0b\x80\xcc\x02\xe8\xaf\xb5,\x00\xb2\x0b\
`\xf2\xd2Z\x00d\x16@\xdfj\xc7\x02 \xbb\x00\x8a\
\x9e\xb5\x00\xc8.\x80\xb9;\x0b\x80\xec\x02\xc8\xadu,\
\x00\xb2\x0b \xbfo-\x00\xb2\x0b`\xe8\xc4\x02 \xc3\
\x00\x0a\xe7\x16\x00\x19\x060\xda\xb4\x00\xc80\x80BW\
\xfb\x07@\xd2\x00\x0c\x9d[\x00d\x18@\xfe\xc4\x02 \
\xc3\x00r\xfb\x16\x00Y\x06\xb0f\x01\x90e\x00s\x1d\
\x00d\x19@\xf1\xce\x02 \xc3\x00\xfa<\x0b\x80,\x03\
X\xb5\x00\xc82\x80\xc9\x0e\x00\xb2\x0c\xa0\xff\xd2\x02 \
\xcb\x00j\x16\x00Y\x06Pl\x01 \xd3\x00\xfc>\xff\
\xdf:\xda\x5c\xac\x96\xc7\x87{}\xad\x9aD\xb3\xdf\x19\
_\xed\xbf\xdf\x9e\x1d\x88\xe7R%\x89h\xbf>>\xff\
\xf5a\xa3\x94\x8b\xedZ5\x89f\xbfS\xce\xf5\xb7w\
^\xc4w\xa9\x92D\xb5_\xe7\xcf\xff\xbe{\x19\xe3\x95\
*\x12\xd5~K\x8e\xf5_\xbf\x8a\xf5R%\x89j\xbf\
\x87n\xfd{\x05\x03\x804\x02\x18s\xbb\x08\xbc\x9b7\
\x00H%\x80%\xa7\xa3\xbf\x85\x98/U\x92\xc8\xf6\xeb\
\xf2\x1cp{\xde\x00 \xa5\x00&\x5c^\x00\x16\x0c\x00\
\xd2\x0a`\xcb\xe5\xfd\xdf\x00 \xad\x00\xf2\x0e\xdf\xff\xe8\
\xe5\x01\x90Z\x00\xd3\x0e\xe7\xff\x05\x03\x80\xd4\x02X\x91\
\x01\xbc2\x00H/\x803\xf9\xfa\xaf\x01@z\x01\x0c\
\x8a\xdf\xff\xdd~\x09\x80\x14\x03\xa8\x88/\x00;\x06\x00\
)\x06\xb0.\xde\xff\x7f\x01\x804\x03hH?\xb2a\
\x00\x90f\x00\xe2\xff\xffR\x02@\x9a\x01\x8c\x88\xcf\xff\
\xe5\x00\x90f\x00\xe2\xb3 \xdb\x06\x00i\x06P\x95~\
b\x16\x00\xa9\x06\xb0,=\xff?\x00\x80T\x03\xd8\x13\
~\xe0\xc8\x00 \xd5\x00\xea\xc2\x0fl\x02 \xdd\x00\xa4\
/\x85X\x04@\xba\x01\x5c\x08?P\x05@\xba\x01\x5c\
\x09?P\x06@\xba\x01\xdc\x0a?0\x0e\x80t\x03\x90\
\xfe\xff\xf7a\x00\xa4\x1b@\xdc\x05\x00\x00\x00\x00\x00\x00\
\x00\x00\x00\x00\x00\x00\x00\x00\x00\x00\x00\x00\x00\x00\x00\x00\
\x00\x00\x00\x00\x00\x00\x00\x00@\x00@\x00@\x00@\x00\
@\x00@\x00@\x00@\x00@\x00@\x00@\x00@\x00\
@\x00@\x00@\x00@\x00@\x00@\x00@\x00@\x00\
@\x00\x00\x00\x00\x00\x00\x00\x00\x00\x00\x00\x00\x00\x00\x00\
\x00\x00\x00\x00\x00\x00\x00\x00\x00\x00\x00\x00\x00\x00\x00\x00\
\x00\x00\x00\x00\x00\x00\x00\x00\x00\x00\x00\x00\x00\x00\x00\x00\
\x00\x00\x00\x00\x00\x00\x00\x00\x00\x00\x00\x00\x00\x00\x00\x00\
\x00\x00\x00\x00\x00\x00\x00\x00\x00\x00\x00\x00\x00\x00\x00\x00\
\x00\x00\x00\x00\x00\x00\x00\x00\x00\x00\x00\x00\x00\x00\x00\x00\
\x00\x00\x00\x00\x00\x00\x00\x00\x00\x00\x00\x00\x00\x00\x00\x00\
\x00\x00\x00\x00\x00\x00\x00\x00\x00\x00\x00\x00\x00\x00\x00\x00\
\x00\x00\x00\x00\x00\x00\x00\x00\x00\x00\x00\x00\x00\x00\x00\x00\
\x00\x00\x00\x00\x00\x00\x00\x00\x00\x00\x00\x00\x00\x00\x00\x00\
\x00\x00\x00\x00\x00\x00\x00\x00\x00\x00\x00\x00\x00\x00\x00\x00\
\x00\x00\x00\x00\x02\x00\x02\x00\x02\x00\x02\x00\x02\x00\x02\x00\
\x02\x00\x02\x00\x02\x00\x02\x00\x02\x00\x02\x00\x02\x00\x02\x00\
\x02\x00\x02\x00\x02\x00\x02\x00\x02\x00\x02\x00\x02\x00\x00\x00\
\x00\x00\x00\x00\x00\x00\x00\x00\x00\x00\x00\x00\x00\x00\x00\x00\
\x00\x00\x00\x00\x00\x00\x00\x00\x1a\x00<\x08\xbf\x7f\x98\x0e\
\xc3dXX\xefC\xec\x00n\x85\xdf?N\x89a2\
.\xac\xf76v\x00W\xc2\xef/Sb\x98\x94\x85\xf5\
^\xc5\x0e\xe0B\xf8\xfdUJ\x0c\x93\xaa\xb0\xde\x8b\xd8\
\x01x\xc2\xef_\xa4\xc40Y\x14\xd6\xeb\xc5\x0e\xa0.\
\xfc\xfeMJ\x0c\x93Ma\xbd\xf5\xd8\x01\xec\x09\xbf\xff\
\x88\x12\xc3\xe4HX\xef^\xec\x00\x96\x85\xdf\xdf\x1a\xa0\
\xc5\xe0\x19h\x09\xeb]\x8e\x1d\x80t\x94b\xe7\xa81\
x\xe6\xacx\x8c\x1d7\x80\x924\xc0\xcf\xd4\x18<?\
K\xdb-\xc5\x0e`D\x1a\xe0&G\x8fA\x93\xbb\x91\
\xb6;\x12\xff\xb5xq\xc6o(2h\xbe\x11\xff\xba\
\x14\xdc\x8ciH\x13\xfcH\x91A\xf3\xa3\xb4\xdb\x86\x02\
\x00\xeb\xd2\x04\x7f}I\x93\xc1\xf2\xe5_\xd2n\xd7\x15\
\x00\xa8H\x13\xd8\xb7T\x19,o\xc5\xd5V\x14\x00\x18\
|\x94F\xf8\xf85]\x06\xc9\xd7\x1f\xa5\xcd>\x0ej\
x \xe3Lt\xfa+e\x06\xc9\xaf\xe2b\xcf\x8c\x06\
\x00\xaf\xc59\xed\xf7\xb4\xe9?\xdf\xcb{}\xad\x02\xc0\
\xb4<\xe8\xef_\xd0\xa7\xdf|\xf1\xbb\xbc\xd7i\x15\x00\
\xf2\xf7\xf2\xa4\xbfqG\xc0g\x06~\x93\xb7z\x9fW\
\x01\xc0\xbc\x91G\xe5L\xa0\xfbg\x00\xd6\xbe1:\x00\
L8\xccjkt\xea'5\x97\x9dN(\x01`\x9a\
\x0e\xc3\xb6\xe7i\xd5=\xf3m\x87\x956\x8d\x16\x00K\
.\x5c\xdb\x0b\xf4\xea\x9a\x05\x97\xfe\xed\x92\x1a\x00c\x1d\
\x97y\xedn\x9ej\x9d\x8e\xaaw\x9d\xd6\xd9\x19S\x03\
\xc0\x1c:Ml\xbd\x02\xed\xca)xn\xdb<4z\
\x00\x94\xdcF\xb6\xd7\xdf\xd1\xaf\x94\xef\xae\x1d\x97YR\
\x04\xc0\x1c;\x0em\xeb_Q\xf1s\xf9\xaa\xee\xba\xc9\
c\xa3\x09\xc0\x94\xeb\xd8\xf6\xe3\xdbQj\xfeTF\xdf\
~t^\xe4\x94*\x00\xe6\xd4yp\xfb\xf7O\xdf~\
F\xd7\xff\xcdg\xdf\xfe\xf4\xb7\xfb\x16O\x8d.\x003\
\xd6O\xfe\xd8\xf9\xe1s\x1a\xffw>\xffa\xe7\x0f_\
+\x9cQ\x06\xc0\x1cX\x7f\xf9\xf3\x97\xcd\xc5jy<\
\xf3\x9f\x1e\x1f\x1e/W\x177\x7f\xf9\xd3\xe7\xfa\x0e\x8c\
6\x00\xc5\x96%=K\xab\xa8\x0e\x80\xdb\xd5k\xd2\x9d\
\xfc\xeb\xce\x8a\x1a\x00\xfd\x97\xf4\xd2\xab\x5c\xf6+\x04`\
&;4\xd3\x9bt&\x8dF\x00f\x95jz\x93U\
\xa3\x13@\x9fG7\xbd\x88\xd7\xa7\x14\x80)\xde\xd1N\
\xf4\xb9+\x1a\xad\x00\xcc\x1c\x87\x01\xd1\x1f\x00\xfc\xdf\xe7\
\xedU\x010k\x14\x14u\xd6\x8cf\x00\xb9}\x1a\x8a\
6\xfb9\xd5\x00L\xfe\x84\x8e\xa2\xcc\xc9\x7f\x9e\xaaR\
\x06\xc0\x0c\x9d\xd3Rt9\x1f2\xda\x01\x98B\x93\x9e\
\xa2J\xf3\x89g\xea\xd4\x010\xa3\x08\x88\xaa\xff\xa7\x9e\
\xa5\xd1\x07\xc0\x14x\x17\x88\xe6\xf5\xff\xc9gj\x15\x02\
0C\x1c\x09Fq\xfc7d\x92\x02\xc0\xe49\x1b\xec\
\xfe\xf9\xdf'>U\xa1\x12\x80\xc9\xadqM\xb0\xbb\xd7\
\xff\xd6>\xf5m{:\x01\x183\xc7}\x81.\xe6\xee\
\xd3\xdf\xb7\xaa\x15\x80)ro\xb0k\xf1\x8a&y\x00\
L\xdf*o\x03\xddy\xf9_\xed3I\x04`\xcc$\
O\x89u!\x97\x93\xcf.Y3\x00\xd3_\xe3Y\xe1\
\x90i\xd5\xfaMr\x01\x18S<\xa0\xc309(J\
\x1bV\x0e\xc0\x98\x99Sj\x0c\x9a\xd3\x19y\xbf\xea\x01\
\x183uL\x95Ar<\xe5\xb2\xdd\x04\x000\xa6t\
\xc8\x09\x81\xdfC\xff\xc3\x92\xdbn\x13\x01\xc0\x98\xb1%\
\xee\x11\xfaHsi\xccu\xb3\x09\x01`\x8c\x99\xd8\xba\
\xa7Y\x97\xdcoM\xf8Xkr\x00\x18\x93\x9f^9\
{\xa4\xe0\xe7\xf2x\xb62\xed\xef\xbb\xb4\x92\x04\xc0\x18\
c\x06+\xeb\x8d\x1b\x8a~*7\x8d\xf5\xca\xa0\xef\x85\
&\x0d\x801\xc6\x98\x91Ruy\xaf\xee]\x5c\xdd>\
d\xbd\xf5\x87\xdb\xab\x0b\xaf\xbe\xb7\x5c-\x8d\x04\xdbe\
\x22\x01\x90\xee\x05\x00\x00\x00\x00\x00\x00\x00\x00\x00\x00\x00\
\x00\x00\x00\x00\x00\x00\x00\x00\x00\x00\x00\x00\x00\x00\x00\x00\
\x00\x00\x00\x02\x00\x02\x00\x02\x00\x02\x00\x02\x00\x02\x00\x02\
\x00\x02\x00\x02\x00\x02\x00\x02\x00\x02\x00\x02\x00\x02\x00\x02\
\x00\x02\x00\x02\x00\x02\x00\x02\x00\x02\x00\xa2\x7f\xbf\x00\x00\
\x00\x00\x00\x00\x00\x00\x00\x00\x00\x00\x00\x00\x00\x00\x00\x00\
\x00\x00\x00\x00\x00\x00\x00\x00\x00\x00\x00\x00\x10\x00\x10\x00\
\x10\x00\x10\x00\x10\x00\x10\x00\x10\x00\x10\x00\x10\x00\x10\x00\
\x10\x00\x10\x00\x10\x00\x10\x00\x10\x00\x10\x00\x10\x00\x10\x00\
\x10\x00\x90D\xec\xf7A\x18p\x98\x0e\xc3dXX\xef\
C\xec\x13\xde\x0a\x13\x8eSb\x98\x8c\x0b\xeb\xbd\x8d}\
\xc2+a\xc22%\x86IYX\xefU\xec\x13^\x08\
\x13V)1L\xaa\xc2z/b\x9f\xd0\x13&\x5c\xa4\
\xc40Y\x14\xd6\xeb\xc5>a]\x98p\x93\x12\xc3d\
SXo=\xf6\x09\xf7\x84\x09\x8f(1L\x8e\x84\xf5\
\xee\xc5>\xe1\xb20ak\x80\x16\x83g\xa0%\xacw\
Y\xfdQ\x8a\x9d\xa5\xc6\xe0\x99\xb3\xea\x8f\xb1K\xd2\x88\
\xdb\xd4\x18<?K\xdb-\xc5>\xe2\x884\xe2\xfb\x1c\
=\x06M\xeeF\xda\xeeH\xfcC\xde\xe8G\x9a\xd8|\
#\xed\xf6F\xc1\x90\x0di\xc8\x0d\x8a\x0c\x9a\x1f\xa5\xdd\
6\x14\x0c\xb9.\x0d\xf9\xe1\x05M\x06\xcb\x97\x7fI\xbb\
]W0eE\x1a\xd2\xeePe\xb0\xbc\x15W[Q\
0\xe5\xe0\xa34e\xfb%]\x06\xc9\xd7\x1f\xa5\xcd>\
\x0ej\x98\xf3Lt\xfa\x8e2\x83\xe4Wq\xb1g*\
\xe6\x5c\x11\xe7\xb4\xafh\xd3\x7f\xbe\x97\xf7\xfaZ\xc5\xa0\
\xd3\xf2\xa0\xd7\x05\xfa\xf4\x9b/~\x97\xf7:\xadb\xd2\
\xfc\xbd<\xa9\x97\xa7Q\x7f\x19\xf8M\xde\xea\xbd\x92\xad\
n\xc9\xa3\xda]*\xed\xf6\x19\x80\xb5o\x94\xcc:\xe1\
0\xab]\xa0S?\xa9\xb9\xectB\xcb\xb4M\x87a\
\xdb\xf3\xb4\xea\x9e\xf9\xb6\xc3J\x9bj\xc6]r\xe1\xda\
\xe65\xc09\x0b.\xfd\xdb%5\xf3\x8eu\x5c\xe6\xb5\
\xbb\x1c\x09\xba\x1dU\xef:\xad\xb33\xa6g\xe4C\xa7\
\x89\xad\xc7\xd9\xa0C\x0a\x9e\xdb6\x0f\x15\xcd\x5cr\x1b\
\xd9^sEH\xccw\xd7\x8e\xcbTu\x9b\xfd\xd8q\
h\xfb\x8e\xfb\x02\xcf\xe6\xab\xba\xeb&\x8fU\xcd=\xe5\
:\xb6m\xefpw\xf8\x93\x19}\xfb\xd1y\x91S\xba\
F?u\x1e\xdc~\xd8(\xf1\x94\xd8\x13\xf9\xec\xdb\x9f\
\xfev\xdf\xe2\xa9\xb2\xe9g\xac\x9f\xbc\xdf\x9e\xe5i\xf1\
\xff\xc9\xe7?\xec\xfc\xe1k\x853\xda\xfe\x05\x07\xd6_\
ZG\x9b\x8b\xd5\xf2x\xe6?=><^\xae.n\
\xfe\xf2\xa7\xcf\xf5\x1d\xa8\xfb\x87\x14[\x96\xf4,\xad\xa2\
>\xca5j\xe9]j\x0a_\xcb\xfa/\xe9\xa5W\xb9\
\xec\xd7\xf8n6\xd9\xa1\x99\xde\xa43\xa9\xf3xf\x95\
jz\x93U\xa5\x07\xb4}\x1e\xdd\xf4\x22^\x9f\xd6S\
\x9a\xe2\x1d\xedD\x9f\xbb\xa2Q\x9b9\x0e\x03\xa2?\x00\
\x98\xd3|Yc\x8d\x82\xa2\xce\x9a\xea\xebZ\xb9}\x1a\
\x8a6\xfb\xca\xef\xa3\xe4O\xe8(\xca\x9c\xa8\x7f\xaaj\
\xe8\x9c\x96\xa2\xcb\xf9\x90\xfe\xbb\x1b\x85&=E\x95f\
\x22\x9e\xa9\x1bE@T\xfd\x8f&\xe3\x0eg\x81w\x81\
h^\xff\x13\xf3L\xed\x10G\x82Q\x1c\xff\x0d\x99\xc4\
$\xcf\xd9`\xf7\xcf\xff\x12\xf5\xa9\x8a\xdc\x1a\xd7\x04\xbb\
{\xfdo-i\xcfQ\xceq_\xa0\x8b\xb9\x9b3\x89\
K\x91{\x83]\x8bW4\x09L\xdf*o\x03\xddy\
\xf9_\xed3\xc9\xcc$O\x89u!\x97\x93&\xb1\xe9\
\xaf\xf1\xacp\xc8\xb4j\xfd&\xc9)\x1e\xd0a\x98\x1c\
\x14M\xd23sJ\x8dAs:c\xd2\x90\xa9c\xaa\
\x0c\x92\xe3)\x93\x96\x94\x0e9!\xf0{\xe8\x7f\x98\xae\
\xaf\xd9\x1f[\xe2\x1e\xa1\x8f4\x97\xc6L\xea2\xb1u\
O\xb3.\xb9\xdf\x9a0\xe9L~z\xe5\xec\x91\x82\x9f\
\xcb\xe3\xd9\xcat\xba\xbfKk\xb0\xb2\xde\xb8\xa1\xe8\xa7\
r\xd3X\xaf\x0c\x9aLd\xa4T]\xde\xab{\x17W\
\xb7\x0fYo\xfd\xe1\xf6\xea\xc2\xab\xef-WK#\x89\
\xac\xf2\x1f\xc3b\xf3\xd5]^&\xb3\x00\x00\x00\x00I\
END\xaeB`\x82\
\x00\x00)i\
\x89\
PNG\x0d\x0a\x1a\x0a\x00\x00\x00\x0dIHDR\x00\
\x00\x02\x00\x00\x00\x02\x00\x08\x06\x00\x00\x00\xf4x\xd4\xfa\
\x00\x00\x00\x04sBIT\x08\x08\x08\x08|\x08d\x88\
\x00\x00\x00\x09pHYs\x00\x00\x0e\xc4\x00\x00\x0e\xc4\
\x01\x95+\x0e\x1b\x00\x00\x00\x19tEXtSof\
tware\x00www.inksca\
pe.org\x9b\xee<\x1a\x00\x00 \x00ID\
ATx\x9c\xed\xdd}\x90dW}\xde\xf1\xe7\xdc\xe9\
\xbe=\xdb=\xbb\xdd=\xbb\xf3\x22k\xb5B\x12H\xe8\
\x05\x10\xd8\x14\x12`\x12\xec\x02cH\xe1\x90\x17;\x8a\
]va\x0c\x06\xc9`\xec8\xf1K\xaa\xecT*)\
\xb0\xe3\x80\x0d\x92\x00911\xa6\x0c\xb8\x08\x18*X\
qa\x83\x83\x90\x16\x03\x02\x04\x08$\x81\x10\xfb\x22i\
g\x96\x9d\x99\x9e\xd9\x9e\x99\xee\xe9\xb9'\x7f\xac\x06K\
bg\xbag\xee\xed>\xf7\xdc\xf3\xfdT\xe9\x0fm\xed\
\xde~\xfa\x9e\xdb\xfd{\xfa\xde~\x91\x00\x00\x00\x00\x00\
\x00\x00\x00\x00\x00\x00\x00\x00\x00\x00\x00\x00\x00\x00\x00\x00\
\x00\x00\x00\x00\x00\x00\x00\x00\x00\x00\x00\x00\x00\x00\x00\x00\
\x00\x00\x00\x00\x00\x00\x00\x00\x00\x00\x00\x00\x00\x00\x00\x00\
\x00\x00\x00\x00\x00\x00\x00\x00\x00\x00\x00\x00\x00\x00\x00\x00\
\x00\x00\xc8/\xe3:\xc0\xb0\x9dZY\x99\x8e\xbaz\x91\
\x8dt\xb5\xb1\xc9\xd3\xad\xa2\xcb%\xdb\x94\xd4\x904!\
\xa9\xec8\x22\x80=z\xe4\xe1cw>\xfb\x19\xcfx\
\xa1\xeb\x1c\x80\x8f\x0aY\x00\x1e\xfd^\xeb\xb9\xd1\x98\xb9\
AV/\x91t\xb5\x0az?\x81\xd0=p\xdf\xbd\x9a\
\xd8?A\x09\x00\xf6\xa00\x83\xf1\xcc\x993\x07z*\
\xbf\xce\x18\xfd\xa2\x95\xaet\x9d\x07\xc0\xf0=p\xdf\xbd\
\x92D\x09\x00\xf6\xc0\xfb\x02p\xa2\xd5\x9a\x8c{\xfaU\
\x19\xf3FIM\xd7y\x00\x8c\xceV\x01\x90(\x01\xc0\
nE\xae\x03\xec\x95\xb5\xd6\xcc-\xb6~>\xde4\xf7\
\xc9\x98\xdf\x15\xc3\x1f\x08\xda\xd9\x95\xb3/\xf8\xca\xd7\xee\
=\xea:\x07\xe0\x0b/\x0b\xc0|\xab\xf5\xd4\xf9\xc5\x95\
\xcf\xca\x9a?\x934\xe5:\x0f\x80|XYY\xbe\xee\
\xcb_\xfb\xdag]\xe7\x00|\xe0]\x01\x98[\x5c~\
\x95\xdd4_\x90\xf4|\xd7Y\x00\xe4\x0fg\x02\x80\xc1\
xS\x00\xac\xb5\xd1\xfc\x99\x95\xb7\xcb\xea#:\xf7\x11\
>\x008/\xce\x04\x00\xfdyQ\x00\xee\xb56\x9e_\
<\xfb~k\xec\x9b]g\x01\xe0\x07\xce\x04\x00;\xcb\
}\x01\xb8\xd7\xda\xf8\xe0\xe2\xcaG%{\x83\xeb,\x00\
\xfc\xc2\x99\x00`{\xb9.\x00\xd6Zshq\xe5O\
\x8c\xf4r\xd7Y\x00\xf8\x893\x01\xc0\xf9\xe5\xba\x00\x9c\
^8\xfb6I?\xef:\x07\x00\xbfq&\x00\xf8A\
\xb9-\x00\xf3gV\xfe5\xd7\xfc\x01d\x853\x01\xc0\
\x13\xe5\xb2\x00\xcc--]f\x8d\xfd\x13\xd79\x00\x14\
\xcb\xca\xca\xf2u\x94\x00\xe0\x9c\xdc\x15\x00k\xadQ\x12\
\xbdOR\xddu\x16\x00\xc5\xc3\xe5\x00\xe0\x9c\xdc\x15\x80\
\xb9\x85\x95\xd7\x88/\xf9\x010D\x5c\x0e\x00rV\x00\
N\xb4Z\x93\xc6\xe8-\xaes\x00(>\xce\x04 t\
\xb9*\x00qOo\x96t\xc8u\x0e\x00a\xe0L\x00\
B\x96\x9b\x02p\xe6\xcc\x99\x032\xe6W\x5c\xe7\x00\x10\
\x16\xde\x18\x88P\xe5\xa6\x00\xf4T~\x9d\xf8I_\x00\
\x0ep9\x00!\xcaM\x01\x90\xd1/\xb8\x8e\x00 \x5c\
\x5c\x0e@hrQ\x00\x1e\xfd^\xeb\xb9\x92\xaeq\x9d\
\x03@\xd8\xb8\x1c\x80\x90\xe4\xa2\x00Dc\x86\x1f\xfa\x01\
\x90\x0b\x5c\x0e@(rQ\x00d\xf5R\xd7\x11\x00`\
\x0b\x97\x03\x10\x02\xe7\x05\xe0\xd4\xca\xca\xb4\xa4\xab\x5c\xe7\
\x00\x80\xc7\xe3r\x00\x8a\xcey\x01\x88\xbaz\x91$\xe3\
:\x07\x00<\x19\x97\x03Pd\xce\x0b\x80U\xc2\x9b\xff\
\x00\xe4\x16\x97\x03PT\xce\x0b\x801\xba\xc2u\x06\x00\
\xd8\x09\x97\x03PD\xce\x0b\x80U\xf44\xd7\x19\x00\xa0\
\x1f.\x07\xa0h\x9c\x17\x00\xc9\xf2\xdd\xff\x00\xbc\xc0\xe5\
\x00\x14I\x0e\x0a\x80\xf6\xbb\x0e\x00\x00\x83\xe2r\x00\x8a\
\x22\x0f\x05`\xc2u\x00\x00\xd8\x0dJ\x00\x8a \x0f\x05\
 v\x1d\x00\x00v\x8b\x12\x00\xdf\xe5\xa1\x00\x00\x80\x97\
(\x01\xf0\x19\x05\x00\x00R\xa0\x04\xc0W\x14\x00\x00H\
\x89\x12\x00\x1fQ\x00\x00 \x03\x94\x00\xf8\x86\x02\x00\x00\
\x19\xa1\x04\xc0'\x14\x00\x00\xc8\x10%\x00\xbe\xa0\x00\x00\
@\xc6(\x01\xf0\x01\x05\x00\x00\x86\x80\x12\x80\xbc\xa3\x00\
\x00\xc0\x90P\x02\x90g\x14\x00\x00\x18\x22J\x00\xf2\x8a\
\x02\x00\x00CF\x09@\x1eQ\x00\x00`\x04(\x01\xc8\
\x1b\x0a\x00\x00\x8c\x08%\x00yB\x01\x00\x80\x11\xa2\x04\
 /(\x00\x000b\x94\x00\xe4\x01\x05\x00\x00\x1c\xa0\
\x04\xc05\x0a\x00\x008B\x09\x80K\x14\x00\x00p\x88\
\x12\x00W(\x00\x00\xe0\x18%\x00.P\x00\x00 \x07\
(\x01\x185\x0a\x00\x00\xe4\x04%\x00\xa3D\x01\x00\x80\
\x1c\xa1\x04`T(\x00\x00\x903\x94\x00\x8c\x02\x05\x00\
\x00r\x88\x12\x80a\xa3\x00\x00@NQ\x020L\x14\
\x00\x00\xc81J\x00\x86\x85\x02\x00\x009G\x09\xc00\
P\x00\x00\xc0\x03\x94\x00d\x8d\x02\x00\x00\x9e\xa0\x04 \
K\x14\x00\x00\xf0\x08%\x00Y\xa1\x00\x00\x80g(\x01\
\xc8\x02\x05\x00\x80\xbf\x8cq\x9d\xc0\x19J\x00\xd2\xa2\x00\
\x00\xf0V\x14\x85\xfd\x14F\x09@\x1aa?z\x00x\
-\xf4\x02 Q\x02\xb0w<z\x00x\xab46\xe6\
:B.<V\x02>\xeb:\x07\xfcB\x01\x00\xe0\xad\
r\x5cq\x1d!7VV\x96_\xc0\x99\x00\xec\x06\x05\
\x00\x80\xb7\xe28v\x1d!W\xb8\x1c\x80\xdd\xa0\x00\x00\
\xf0V\x5c\x19w\x1d!w\xb8\x1c\x80AQ\x00\x00x\
\xab\xba\xaf\xea:B.q9\x00\x83\xa0\x00\x00\xf0\xd6\
X\xa9\xc4Y\x80mp9\x00\xfdP\x00\x00x\xadV\
\xad\xb9\x8e\x90[\x5c\x0e\xc0N(\x00\x00\xbc\xb6\xff@\
\xc3u\x84\x5c\xe3r\x00\xb6C\x01\x00\xe0\xb5\xf1}\xe3\
\x5c\x06\xe8\x83\xcb\x018\x1f\x0a\x00\x00\xef\xd5\xeb\x9c\x05\
\xe8\x87\xcb\x01x2\x0a\x00\x00\xef\xd5\x1bM\x8d\xf1\xad\
\x80}q9\x00\x8fG\x01\x00\xe0\xbd(\x8a\xd4h\x1e\
t\x1d\xc3\x0b\x5c\x0e\xc0\x16\x0a\x00\x80Bh4'5\
V*\xb9\x8e\xe1\x05.\x07@\xa2\x00\x00(\x88\xb1\xb1\
1\x1d\x9a\x9av\x1d\xc3\x1b\x5c\x0e\x00\x05\x00@a\xd4\
\xebM\xed\xe3\xdb\x01\x07\xc6\x99\x80\xb0Q\x00\x00\x14\xca\
\xec\x05\x17j,\xe2\xa9mP\x9c\x09\x08\x17\x8f\x12\x00\
\x85R\x8ecM_p\xa1\xeb\x18^\xe1\x8d\x81a\xa2\
\x00\x00(\x9c\xfd\xfb\x0f\xa8\xc9\xa7\x02v\x85\xcb\x01\xe1\
\xa1\x00\x00(\xa4\xa9\x99Y\xbe h\x97\xb8\x1c\x10\x16\
\x0a\x00\x80\xc2\x9a\x9e\xfd!\xd5&&\x5c\xc7\xf0\x0ag\
\x02\xc2A\x01\x00PX\xc6\x18\xfd\xd0\x85GT\xaf7\
]G\xf1\x0ag\x02\xc2`\x5c\x07\x98[X\xb6\xae3\
\xecF\xa7\xb3\xae\xe5\xd6\xa2\xda\xed\xb6z\xdd\xae\x12\xeb\
U\xfc\xc2\x89\x8cQ)\x8eU\xad\xd5\xd4\xa87\xf9Q\
\x18l\xeb\xf4\xfc)-.\x9cq\x1d\xc3+\xfb\xf7\x1f\
\xb8\xf3\xdag\x5c\xfdB\xd790\x1c\x14\x80\x01\xd9$\
\xd1\xe9\xf99---\xb8\x8e\x82m\x18cTo4\
5==+\x19\xe7\x876r\xe8\xec\xca\xb2\xe6N=\
\xa2\xcd\xcdM\xd7Q\xbc\xb1\x7f\xff\x81\xcf]\xfb\x8c\xab\
\xafw\x9d\x03\xd9s\xfe,\xe9C\x01\xb0I\xa2\x93\x0f\
\x1f\xd7Z\xbb\xed:\x0a\x06P\xad\xd5t\xf8\xf0\xc5\x94\
\x00\x9c\xd7FwC\xa7N\x9d\xd4\xda\xea\xaa\xeb(\xde\
\xe0L@1\xf1\x1e\x80\x01\xcc\xcf\xcf1\xfc=\xb2\xda\
nk~\xfe\x94\xeb\x18\xc8\xa9r\x5c\xd6EG.9\
\xf7\x85A\xfcv\xc0@xO@1Q\x00\xfa\xe8t\
\xd6\xd5\xe2\xb4\xbfwZK\x8b\xeav:\xaec \xc7\
\x0e\xd4\x1bz\xca%O\xd5\xc1CS\x8a\xf8)\xe1\xbe\
\xf8t@\xf1P\x00\xfaXn-\xba\x8e\x80=\xb0\xd6\
\xaa\xb5\xc4\xdaagccc:xhZ\x97^v\
\xb9\xa6ff\x15W*\xae#\xe5\xdacg\x02(\x01\
\x05A\x01\xe8\xa3}\x96S\xff\xbej\xaf\xb2v\x18L\
\x14Ej6\x0f\xea)\x97<UG\x9er\xa9\x9a\x93\
\x07U\x19\xe7\x13%\xe7C\x09(\x0e.\x80\xf5\xd1\xeb\
m\xb8\x8e\x80=\xeamt]G\x80\x87\xc6\xc7\xf7i\
||\x9f$issSk\xabmu;\x1du\xba\
\x1dmlt\xb4\xb9\xb9\xa9\xcd\xcdDI\x92H\x81~\
\x0cx\xab\x04\xf0\xc6@\xbfQ\x00\x00`\x1bccc\
\x9a\xd8\x7f@\xda\xef:I.\xbd\xc0u\x00\xa4\xc3%\
\x80>J\xa5\xb2\xeb\x08\xd8\xa3R9v\x1d\x01\x00r\
\x8b\x02\xd0Gu\xa2\xe6:\x02\xf6\xa8Ve\xed\x00`\
;\x14\x80>\x1a\xf5\xa6\x0c_(\xe3\x1dc\x8c\xeaM\
\xbe\xff\x1d\x00\xb6C\x01\xe8#\xae\x8c\xab\xde`\x90\xf8\
\xa6\xd1l*\x8e\xf9H\x17\x00l\x87\x020\x80\xe9\xe9\
YUk\xfc\xa4\xa8/\xaa\xd5\x09\x1d\x9a\x9au\x1d\x03\
\x00r\x8d\x020\x08ct\xf8\xf0\x115\x9a\x93\x5c\x0e\
\xc81c\x8c\x9a\x93\x93\xba\xf0\xa2#\xac\x13\x00\xf4\xc1\
\xc7\x00\x07e\x8c\xa6g.P\xa31\xa9\xd6\xd2\xa2\xda\
\xabm\xf56\xba\xe7>\x0b\x0cg\xa2(R\xa9\x1c\xab\
V\xad\xa9\xcei\x7f\x00\x18\x18\x05`\x97\xe2JES\
3\xb3\x9ar\x1d\x04\x00\x80\x14\xb8\x04\x00\x00@\x80(\
\x00\x00\x00\x04\x88\x02\x00\x00@\x80(\x00\x00\x00\x04\x88\
\x02\x00\x00@\x80(\x00\x00\x00\x04\x88\x02\x00\x00@\x80\
(\x00\x00\x00\x04\x88\x02\x00\x00@\x80(\x00\x00\x00\x04\
\x88\x02\x00\x00@\x80(\x00\x00\x00\x04\x88\x02\x00\x00@\
\x80(\x00\x00\x00\x04\x88\x02\x00\x00@\x80(\x00\x00\x00\
\x04\x88\x02\x00\x00@\x80(\x00\x00\x00\x04\x88\x02\x00\x00\
@\x80(\x00\x00\x00\x04\x88\x02\x00\x00@\x80(\x00\x00\
\x00\x04\x88\x02\x00\x00@\x80(\x00\x00\x00\x04\x88\x02\x00\
\x00@\x80(\x00\x00\x00\x04\x88\x02\x00\x00@\x80(\x00\
\x00\x00\x04\x88\x02\x00\x00@\x80(\x00\x00\x00\x04\x88\x02\
\x00\x00@\x80J\xae\x03\xf8\xa6\xd3Y\xd7rkQ\xed\
v[\xbdnW\x89\xb5\xae#\xa5\x12\x19\xa3R\x1c\xab\
Z\xab\xa9Qo*\xae\x8c\x0f\xf5\xf6\x8a\xb6\xff\x804\
F\xfd\xf8\x03\x1e\xcf\xb8\x0e0\xb7\xb0\xec\xc5\x04\xb0I\
\xa2\xd3\xf3sZZZp\x1deh\x8c1\xaa7\x9a\
\x9a\x9e\x9e\x95L\xb6\x87F\x08\xfb\x0fHc\x98\x8f\xbf\
a\x99\x99<\xe0GP\x9c\x17\x97\x00\x06`\x93D'\
\x1f>^\xf8\xe1e\xad\xd5\xd2\xe2\x82N\x9e<&e\
\xf8\xca<\x94\xfd\x07\xa41\xac\xc7\x1f\xb0\x1d\x0a\xc0\x00\
\xe6\xe7\xe7\xb4\xd6n\xbb\x8e12\xab\xed\xb6\xe6\xe7O\
e\xb6\xbd\xd0\xf6\x1f\x90F\xd6\x8f?`;\x14\x80>\
:\x9du\xb5\x02|\xe5\xdaZZT\xb7\xd3I\xbd\x9d\
P\xf7\x1f\x90FV\x8f?`'\x14\x80>\x96[\x8b\
\xae#8a\xadUk)\xfd}\x0fu\xff\x01id\
\xf5\xf8\x03vB\x01\xe8\xa3}6\xdcS\xd7\xed\xd5\xf4\
\xf7=\xe4\xfd\x07\xa4\x91\xc5\xe3\x0f\xd8\x09\x05\xa0\x8f^\
o\xc3u\x04gz\x1b\xdd\xf4\xdb\x08x\xff\x01id\
\xf1\xf8\x03vB\x01\x00\x00 @\x14\x80>J\xa5\xb2\
\xeb\x08\xce\x94\xcaq\xfam\x04\xbc\xff\x804\xb2x\xfc\
\x01;\xa1\x00\xf4Q\x9d\xa8\xb9\x8e\xe0L\xad\x9a\xfe\xbe\
\x87\xbc\xff\x804\xb2x\xfc\x01;\xa1\x00\xf4\xd1\xa87\
e<\xf9V\xae,\x19cTo6So'\xd4\xfd\
\x07\xa4\x91\xd5\xe3\x0f\xd8\x09\x05\xa0\x8f\xb82\xaez#\
\xbc\x07b\xa3\xd9T\x1cWRo'\xd4\xfd\x07\xa4\x91\
\xd5\xe3\x0f\xd8\x09\x05`\x00\xd3\xd3\xb3\xaa\xd6&\x5c\xc7\
\x18\x99juB\x87\xa6f3\xdb^h\xfb\x0fH#\
\xeb\xc7\x1f\xb0\x1d\x0a\xc0 \x8c\xd1\xe1\xc3G\xd4hN\
\x16\xfat\xb61F\xcd\xc9I]x\xd1\x91l\xefg\
 \xfb\x0fHch\x8f?`\x1b\xce\x8f2_~\x0d\
pK\xb7\xd3QkiQ\xed\xd5\xb6z\x1b]%I\
\xe2:R*Q\x14\xa9T\x8eU\xab\xd6T\x1f\xc1i\
\xc7\xa2\xed? \x8dQ?\xfe\xb2\xc6\xaf\x01\xfa\xcd\xf9\
\xe2\xf9V\x00\x00\x00\xe7P\x00\xfc\xc6%\x00\x00\x00\x02\
D\x01\x00\x00 @\x14\x00\x00\x00\x02D\x01\x00\x00 \
@\x14\x00\x00\x00\x02D\x01\x00\x00 @\x14\x00\x00\x00\
\x02D\x01\x00\x00 @\x14\x00\x00\x00\x02D\x01\x00\x00\
 @\x14\x00\x00\x00\x02D\x01\x00\x00 @\x14\x00\x00\
\x00\x02D\x01\x00\x00 @\x14\x00\x00\x00\x02D\x01\x00\
\x00 @\x14\x00\x00\x00\x02D\x01\x00\x00 @\x14\x00\
\x00\x00\x02D\x01\x00\x00 @\x14\x00\x00\x00\x02D\x01\
\x00\x00 @\x14\x00\x00\x00\x02D\x01\x00\x00 @\x14\
\x00\x00\x00\x02D\x01\x00\x00 @\x14\x00\x00\x00\x02D\
\x01\x00\x00 @\x14\x00\x00\x00\x02D\x01\x00\x00 @\
\x14\x00\x00\x00\x02Tr\x1d\xc07\x9d\xce\xba\x96[\x8b\
j\xb7\xdb\xeau\xbbJ\xacu\x1d\x09\x01\x8b\x8cQ)\
\x8eU\xad\xd5\xd4\xa87\x15W\xc6\x87z{\x1c\xff\xd9\
\x1a\xf5\xfa\x01\x8fg\x5c\x07\x98[X\xf6\xe2\x19\xc4&\
\x89N\xcf\xcfiii\xc1u\x14\xe0\xbc\x8c1\xaa7\
\x9a\x9a\x9e\x9e\x95L\xb6\x0fm\x8e\xff\xe1\x1b\xe6\xfa\x0d\
\xcb\xcc\xe4\x01?\x82\xe2\xbc\xb8\x040\x00\x9b$:\xf9\
\xf0q\x9e\xfc\x90k\xd6Z--.\xe8\xe4\xc9cR\
\x86\xaf\xcc9\xfeGcX\xeb\x07l\x87\x020\x80\xf9\
\xf99\xad\xb5\xdb\xaec\x00\x03Ym\xb75?\x7f*\
\xb3\xedq\xfc\x8fV\xd6\xeb\x07l\x87\x02\xd0G\xa7\xb3\
\xae\x16\xaf|\xe0\x99\xd6\xd2\xa2\xba\x9dN\xea\xedp\xfc\
\xbb\x91\xd5\xfa\x01;\xa1\x00\xf4\xb1\xdcZt\x1d\x01\xd8\
5k\xadZK\xe9\x8f]\x8e\x7f7\xb2Z?`'\
\x14\x80>\xdag9\xf5\x09?\xb5W\xd3\x1f\xbb\x1c\xff\
\xeed\xb1~\xc0N(\x00}\xf4z\x1b\xae#\x00{\
\xd2\xdb\xe8\xa6\xdf\x06\xc7\xbf3Y\xac\x1f\xb0\x13\x0a\x00\
\x00\x00\x01\xa2\x00\xf4Q*\x95]G\x00\xf6\xa4T\x8e\
\xd3o\x83\xe3\xdf\x99,\xd6\x0f\xd8\x09\x05\xa0\x8f\xeaD\
\xcdu\x04`Oj\xd5\xf4\xc7.\xc7\xbf;Y\xac\x1f\
\xb0\x13\x0a@\x1f\x8dzS\xc6\x93o\xe5\x02\xb6\x18c\
To6So\x87\xe3\xdf\x8d\xac\xd6\x0f\xd8\x09\x05\xa0\
\x8f\xb82\xaez\x83\x07\x22\xfc\xd2h6\x15\xc7\x95\xd4\
\xdb\xe1\xf8w#\xab\xf5\x03vB\x01\x18\xc0\xf4\xf4\xac\
\xaa\xb5\x09\xd71\x80\x81T\xab\x13:45\x9b\xd9\xf6\
8\xfeG+\xeb\xf5\x03\xb6C\x01\x18\x841:|\xf8\
\x88\x1a\xcdIN\x87\x22\xb7\x8c1jNN\xea\xc2\x8b\
\x8ed{\x9cr\xfc\x8f\xc4\xd0\xd6\x0f\xd8\x86\xf3\xa3\xcc\
\x97_\x03\xdc\xd2\xedt\xd4ZZT{\xb5\xad\xdeF\
WI\x92\xb8\x8e\x84\x80EQ\xa4R9V\xadZS\
}\x04\xa7\x8d9\xfe\xb35\xea\xf5\xcb\x1a\xbf\x06\xe87\
\xe7\x8b\xe7[\x01\x00\x00\x9cC\x01\xf0\x1b\x97\x00\x00\x00\
\x08\x10\x05\x00\x00\x80\x00Q\x00\x00\x00\x08\x10\x05\x00\x00\
\x80\x00Q\x00\x00\x00\x08\x10\x05\x00\x00\x80\x00Q\x00\x00\
\x00\x08\x10\x05\x00\x00\x80\x00Q\x00\x00\x00\x08\x10\x05\x00\
\x00\x80\x00Q\x00\x00\x00\x08\x10\x05\x00\x00\x80\x00Q\x00\
\x00\x00\x08\x10\x05\x00\x00\x80\x00Q\x00\x00\x00\x08\x10\x05\
\x00\x00\x80\x00Q\x00\x00\x00\x08\x10\x05\x00\x00\x80\x00Q\
\x00\x00\x00\x08\x10\x05\x00\x00\x80\x00Q\x00\x00\x00\x08\x10\
\x05\x00\x00\x80\x00Q\x00\x00\x00\x08\x10\x05\x00\x00\x80\x00\
Q\x00\x00\x00\x08\x10\x05\x00\x00\x80\x00Q\x00\x00\x00\x08\
\x10\x05\x00\x00\x80\x00Q\x00\x00\x00\x08\x10\x05\x00\x00\x80\
\x00Q\x00\x00\x00\x08P\xc9u\x00\xdft:\xebZn\
-\xaa\xddn\xab\xd7\xed*\xb1\xd6u\xa4\xa0E\xc6\xa8\
\x14\xc7\xaa\xd6jj\xd4\x9b\x8a+\xe3C\xbd=\xd6?\
[\xa3^?\x00\xff\xc8\xb8\x0e0\xb7\xb0\xec\xc53\xa8\
M\x12\x9d\x9e\x9f\xd3\xd2\xd2\x82\xeb(\xd8\x861F\xf5\
FS\xd3\xd3\xb3\x92\xc9\xf6\xd0f\xfd\x87o\x98\xeb\x87\
\xe1\x98\x99<\xc0By\x8cK\x00\x03\xb0I\xa2\x93\x0f\
\x1f\xe7\xc9?\xe7\xac\xb5ZZ\x5c\xd0\xc9\x93\xc7\xa4\x0c\
_\x99\xb3\xfe\xa31\xac\xf5\x03p~\x14\x80\x01\xcc\xcf\
\xcfi\xad\xddv\x1d\x03\x03Zm\xb75?\x7f*\xb3\
\xed\xb1\xfe\xa3\x95\xf5\xfa\x018?\x0a@\x1f\x9d\xce\xba\
Z\xbc\xf2\xf3NkiQ\xddN'\xf5vX\x7f7\
\xb2Z?\x00\xdb\xa3\x00\xf4\xb1\xdcZt\x1d\x01{`\
\xadUk)\xfd\xda\xb1\xfend\xb5~\x00\xb6G\x01\
\xe8\xa3}\x96S\xbf\xbej\xaf\xa6_;\xd6\xdf\x9d,\
\xd6\x0f\xc0\xf6(\x00}\xf4z\x1b\xae#`\x8fz\x1b\
\xdd\xf4\xdb`\xfd\x9d\xc9b\xfd\x00l\x8f\x02\x00\x00@\
\x80(\x00}\x94Je\xd7\x11\xb0G\xa5r\x9c~\x1b\
\xac\xbf3Y\xac\x1f\x80\xedQ\x00\xfa\xa8N\xd4\x5cG\
\xc0\x1e\xd5\xaa\xe9\xd7\x8e\xf5w'\x8b\xf5\x03\xb0=\x0a\
@\x1f\x8dzS\x86o%\xf3\x8e1F\xf5f3\xf5\
vX\x7f7\xb2Z?\x00\xdb\xa3\x00\xf4\x11W\xc6U\
o\xf0D\xe4\x9bF\xb3\xa98\xae\xa4\xde\x0e\xeb\xefF\
V\xeb\x07`{\x14\x80\x01LO\xcf\xaaZ\x9bp\x1d\
\x03\x03\xaaV'thj6\xb3\xed\xb1\xfe\xa3\x95\xf5\
\xfa\x018?\x0a\xc0 \x8c\xd1\xe1\xc3G\xd4hNr\
:8\xc7\x8c1jNN\xea\xc2\x8b\x8ed\xbbN\xac\
\xffH\x0cm\xfd\x00\x9c\x97\xf3G\x99/\xbf\x06\xb8\xa5\
\xdb\xe9\xa8\xb5\xb4\xa8\xf6j[\xbd\x8d\xae\x92$q\x1d\
)hQ\x14\xa9T\x8eU\xab\xd6T\x1f\xc1ic\xd6\
?[\xa3^?d\x8b_\x03\xf4\x9b\xf3\xc5\xf3\xad\x00\
\x00\x00\xce\xa1\x00\xf8\x8dK\x00\x00\x00\x04\x88\x02\x00\x00\
@\x80(\x00\x00\x00\x04\x88\x02\x00\x00@\x80(\x00\x00\
\x00\x04\x88\x02\x00\x00@\x80(\x00\x00\x00\x04\xa8\xe4:\
\x00\x00\x84\xea\xc0\x07~\xc2u\x04\x04\x8c3\x00\x00\x00\
\x04\x88\x02\x00\x00@\x80(\x00\x00\x00\x04\x88\x02\x00\x00\
@\x80(\x00\x00\x00\x04\x88\x02\x00\x00@\x80(\x00\x00\
\x00\x04\x88\x02\x00\x00@\x80(\x00\x00\x00\x04\x88\x02\x00\
\x00@\x80(\x00\x00\x00\x04\x88\x02\x00\x00@\x80(\x00\
\x00\x02dU\x9a\xfb\x8a\xeb\x10Hi\xed]\xcf\xff1\
ke\x5c\xe7\xf0\x15\x05\x00@`\xac\xc6\xef~\x97\xaa\
\x9f\xfaM\xc5\xdf\xf8\x90\xeb0\xd8\xa3\xd5\x9b\xaf\x7f\xb3\
\x12\xfbw\xeb\xb7^\xf7\x1eJ\xc0\xdeP\x00\x00\x04\xe4\
\xdc\xf0\x8f\x1f\xf8\x98$i\xfc\x9e?\xa5\x04xh\xf5\
\xe6\xeb\xdfl\x8c\xde~\xee\xff\xcck)\x01{C\x01\
\x00\x10\x88'\x0e\xff-\x94\x00\xbf<q\xf8o\xa1\x04\
\xec\x05\x05\x00@\x00\xce?\xfc\xb7P\x02\xfcp\xfe\xe1\
\xbf\x85\x12\xb0[\x14\x00\x00\x05\xb7\xf3\xf0\xdfB\x09\xc8\
\xb7\x9d\x87\xff\x16J\xc0nP\x00\x00\x14\xd8`\xc3\x7f\
\x0b% \x9f\x06\x1b\xfe[(\x01\x83\xa2\x00\x00(\xa8\
\xdd\x0d\xff-\x94\x80|\xd9\xdd\xf0\xdfB\x09\x18\x04\x05\
\x00@\x01\xedm\xf8o\xa1\x04\xe4\xc3\xde\x86\xff\x16J\
@?\x14\x00\x00\x05\x93n\xf8o\xa1\x04\xb8\x95n\xf8\
o\xa1\x04\xec\x84\x02\x00\xa0@\xb2\x19\xfe[\xce\x95\x80\
\x0ff\xb2-\x0c.\x9b\xe1\xbf\x85\x12\xb0\x9d\x92\xeb\x00\
\xbe\xe9t\xd6\xb5\xdcZT\xbb\xddV\xaf\xdbUb\xad\
\xebH\x18\xa2\xc8\x18\x95\xe2X\xd5ZM\x8dzSq\
e|\xa8\xb7\x97\xf5\xf15\xea\xfcne;\xfc\xb7\x8c\
\xdf\xf3^IR\xf7\xaa\x7f\x93\xe9vq~\xd9\x0e\xff\
-\xe6\xb5\xeb\xb7^'k?\xf7\xcb\xc6\x88'\xed\xc7\
P\x00\x06d\x93D\xa7\xe7\xe7\xb4\xb4\xb4\xe0:\x0aF\
(\xb1V\xddNG\xddNG\xad\xc5E\xd5\x1bMM\
O\xcfJ&\xdb\x17\x13\xc3:\xbeF\x95\xdf\xbd\xe1\x0c\
\xff-\x94\x80\xd1\x18\xce\xf0\xdfB\x09x2.\x01\x0c\
\xc0&\x89N>|\x9c\xe1\x1f8k\xad\x96\x16\x17t\
\xf2\xe41)\xc33?\xa3:\xbe\x86\x95\xdf\xbd\xe1\x0e\
\xff-\xe3\xf7\xbc\x97\xcb\x01C4\xdc\xe1\xbf\x85\xcb\x01\
\x8fG\x01\x18\xc0\xfc\xfc\x9c\xd6\xdam\xd71\x90\x13\xab\
\xed\xb6\xe6\xe7Oe\xb6\xbdQ\x1f_Y\xe7w\xcbj\
\xfc\x8b\xb7\x0e}\xf8o\x19\xbf\xe7\xbd\x8a\xef\xff\xdf\x99\
lkl\xf9x&\xdbq\xa9\xf3\xce\xeb\x9f\x9e\xc5v\
Vo\xb9\xee\xd7\x86?\xfc\xb7\x98\xd7\xae\xddr\xfd;\
)\x01r\xbf\x03\xe6\x16\x96s\xfdR\xa4\xd3Y\xd7\xb1\
\x87\x1et\x1d\x039c\x8c\xd1\xc5O\xb9Lq\xa5\x92\
j;\xae\x8e\xaf\xac\xf2\xbb\xf5\xd8\xf0\xff\xd6\xc7G~\
\xcb\xeb\xcfy\x9d\xbaW\xfc\xcb]\xff\xbbh\xe5Q\x95\
\x8f}Z\xa5\x13\x9f\xd1\xd8\xd2CCH6zV\xfa\
\xaa\x91\xfdKcJ\x1f\x18\xbf\xf1\xb3\xdf\xd9\xed\xbf_\
\xbd\xe5\xba_32o\x1bF\xb6\x9dX\xab[\xf6\xdd\
t\xf4\x8d!_\x0e\xa0\x00\xf4qz\xfeQ-.p\
\xea\x1f?\xa8\xd9<\xa8\xa9\x99\xd9T\xdbpy|e\
\x91\xdf\x9d\xd1\x9c\xf6\xdf\xc9\xfa\xb3^=\xd0{\x02\xcc\
\xe6\x86\xc6\x1e9\xaa\xf8[\xb7\xab4\xf7e\xa9\xc0\xf3\
\xc6\xc8\xdc-\xa3\xdb*c\x9d\xf7\x9b_\xbe{\xb5\xdf\
\xdf\x1f\xcdi\xff\x9d\xd8?\x19\xbf1\xdc\xf7\x04P\x00\
\xfa\xf8\xeew\xbe\xadn\xb7\xe3:\x06r(\xae\x8c\xeb\
)\x97\x5c\x96j\x1b.\x8f\xaf,\xf2\xbb\xe1\xee\x95\xff\
\x93\xedt&\xc0\xac\x9eV\xe5\x81\x8f\xab\xfc\xe0\xed2\
\xdd\x95\x11's\xccjAF\xb7\xd9H7W\xdfp\
\xf4\xe1\xf3\xfd\x15W\xaf\xfc\x9f,\xe43\x01\x14\x80>\
\xbe\xfd\xc07\x95$\x89\xeb\x18\xc8\xa1(\x8a\xf4\xd4\xcb\
\xafL\xb5\x0d\x97\xc7W\x16\xf9G/?\xc3\x7f\xcb\x93\
K\xc0\xd8\xd2w\x14\x7f\xe3C*\x9f\xf8\xac\x94\xf4\x1c\
&\xcb\x85\x0d\xc9\xfce\x14\xe9\xad\x957\xdc\xf5\xf5\xad\
?\xcc\xcb\xf0\xdf\x12j\x09\xe0c\x80\x00<\xf1\xd8i\
\xff\x1c\x0d\x7fI\x1a\xff\xd2m\xd2\xe6\x866/\xbcN\
\xf17\xffR\xe5\xef~Z\xb2\xbchxLY\xb2?\
\x9b$\xfa\xb7\xab\xb7^\xff\x09\x9b\xd8\xdf32/2\
Rn\x86\xbf$\x19\xa3\x9b\xd6o\xbd.\x0e\xed#\x82\
\x9c\x01\xe8\x83K\x00\xd8\x0e\x97\x00F)\x7f\xaf\xfc\x7f\
\x90Q\x91\xaf\xefg\xc4*\x07sg;\xa1\x9d\x09\xe0\
c\x80}T'j\xae# \xa7j\xd5\xf4\xc7\x86\xcb\
\xe3+\x8b\xfc\xa3\x91\xcfW\xfe?(\x88\x99\x91Vn\
\x87\xbf\xf4\xfd3\x01\xc1|O\x00\x05\xa0\x8fF\xbd)\
S\xb8oMCZ\xc6\x18\xd5\x9b\xcd\xd4\xdbqu|\
e\x95\x7f\xf8\xdc\xbf\xdb\x1f\xa1\x09\xe7\xcb\x82(\x00}\
\xc4\x95q\xd5\x1b><Qb\x94\x1a\xcd\xa6\xe28\xfd\
g\xe8]\x1d_Y\xe5\x1f.\x86?\x5c\x09\xa3\x04P\
\x00\x060==\xabjm\xc2u\x0c\xe4D\xb5:\xa1\
CS\xd9}~~\xd4\xc7W\xd6\xf9\x87\x83\xe1\x0f\xd7\
\x8a_\x02\x9c\xdf\xb1\xbc\xbf\x09\xf0\xfb\xac\xd5\xfc\xfc)\
\xb5\x96\x16e\x0b\xf5=\xea\x18\x941F\x8dfS\x87\
\xa6f\xb3?m?\x82\xe3k\xa8\xf93\xc5\xf0G\x9e\
\x14\xf7\xcb\x82\x9c?\x0bxS\x00\x1e\xd3\xedt\xd4Z\
ZT{\xb5\xad\xdeF\x97\xef\x08(\xb8(\x8aT*\
\xc7\xaaUk\xaa\x8f\xe0\xb4y\xd6\xc7\xd7\xa8\xf3\xa7\xc7\
\xf0G\x1e\x15\xb3\x04P\x00\x00\xe4\x04\xc3\x1fyV\xbc\
\x12\xc0{\x00\x00\xe4\x00\xc3\x1fyW\xbc\xf7\x04P\x00\
\x008\xc6\xf0\x87/\x8aU\x02(\x00\x00\x1cb\xf8\xc3\
7\xc5)\x01\x14\x00\x00\x8e0\xfc\xe1\xabb\x94\x00\x0a\
\x00\x00\x07\x18\xfe\xf0\x9d\xff%\x80\x02\x00`\xc4\x18\xfe\
(\x0a\xbfK\x00\x05\x00\xc0H\x95\xe6\xeea\xf8\xa3@\
\xcck\xd7\xdf\xfd\xfc\x17\xbbN\xb1\x17\x14\x00\x00#\xd5\
\x9b\xb9V\xeb\xcf~\xbd\xeb\x18@V~{\xdf\x1b\xee\
\xfa\x94\xeb\x10{A\x01\x000r\xdd\xa7\xbf\x8a\x12\x80\
\x22\xf8\xed}7\x1d}\xab\xeb\x10{E\x01\x00\xe0\x04\
%\x00\x9e\xf3z\xf8K\x14\x00\x00\x0eQ\x02\xe0)\xef\
\x87\xbfD\x01\x00\xe0\x18%\x00\x9e)\xc4\xf0\x97(\x00\
\x00r\x80\x12\x00O\x14f\xf8K\x14\x00\x009A\x09\
@\xce\x15j\xf8K\x14\x00\x009B\x09@N\x15n\
\xf8K\x14\x00\x009C\x09@\xce\x14r\xf8K\x14\x00\
\x009D\x09@N\x14v\xf8K\x14\x00\x009E\x09\
\x80c\x85\x1e\xfe\x12\x05\x00@\x8eQ\x02\xe0H\xe1\x87\
\xbfD\x01\x00\x90s\x94\x00\x8cX\x10\xc3_\xa2\x00\x00\
\xf0\x00%\x00#\x12\xcc\xf0\x97(\x00\x00<A\x09\xc0\
\x90\x055\xfc%\x0a\x00\x00\x8fP\x020$\xc1\x0d\x7f\
\x89\x02\x00\xc03\x94\x00d,\xc8\xe1/Q\x00\x00x\
\x88\x12\x80\x8c\x04;\xfc%\x0a\x00\x00OQ\x02\x90R\
\xd0\xc3_\xa2\x00\x00\xf0\xd8\xe6\x05\xcf\x91\x0cOc\xd8\
5;\xb69v\xbb\xeb\x10\xae\xf1\xc8\x01\xe0\xad\xcaW\
\xdf'\xd9\xc4u\x0c\xf8\xc7$c\x9b\xff\xd1u\x08\xd7\
(\x00\x00\xbc4\xd6:\xa6\xd2\xc3w\xb9\x8e\x01OY\
\xe9_u\xdey\xfd3\x5c\xe7p\x89\x02\x00\xc0K\xf1\
\xbd\x7f\xc1\xab\x7f\xa4a\x92\xc8\xfc\xa6\xeb\x10.Q\x00\
\x00x\xc7\xac}O\xe5\x13\x9fu\x1d\x03\xde\xb3?\xbd\
\xfa\x8e\xe7\x1dv\x9d\xc2\x95\x92\xeb\x00\xbe\xe9t\xd6\xb5\
\xdcZT\xbb\xddV\xaf\xdbUb\xad\xebH\xa9D\xc6\
\xa8\x14\xc7\xaa\xd6jj\xd4\x9b\x8a+\xe3C\xbd\xbd\xa2\
\xed\xbf\xb4F\xbd\xff\x8b\xa2r\xff\xc7\xa4\xa4\xe7:\x06\
\xfcW6Qt\xa3\xa4\xdfq\x1d\xc4\x05\xe3:\xc0\xdc\
\xc2\xb2\x17\x13\xc0&\x89N\xcf\xcfiii\xc1u\x94\
\xa11\xc6\xa8\xdehjzzV2\xd9\x1e\x1a!\xec\
\xbf\xb4\x86\xb9\xff\x8b\xc4lv4\xf1W?+\xd3]\
q\x1d\x05E`\xb50^\xab\x5ch^\xfd\xf7\xeb\xae\
\xa3\x8c\x1a\x97\x00\x06`\x93D'\x1f>^\xf8\xe1e\
\xad\xd5\xd2\xe2\x82N\x9e<&e\xf8\xca<\x94\xfd\x97\
\xd6\xb0\xf6\x7f\xd1\x94N\xdc\xc9\xf0Gv\x8c&\xd7\xd7\
:\xff\xc2u\x0c\x17(\x00\x03\x98\x9f\x9f\xd3Z\xbb\xed\
:\xc6\xc8\xac\xb6\xdb\x9a\x9f?\x95\xd9\xf6B\xdb\x7fi\
e\xbd\xff\x8b\xa6\xfc\x9d\xff\xeb:\x02\x8a&\xd1k\x5c\
Gp\x81\x02\xd0G\xa7\xb3\xaeV\x80\xaf\x5c[K\x8b\
\xeav:\xa9\xb7\x13\xea\xfeK+\xab\xfd_4\xd1\xca\
\xa3*\xcd}\xd5u\x0c\x14\x8d\xd1\x8b\xd7o}\xe1\xa5\
\xaec\x8c\x1a\x05\xa0\x8f\xe5\xd6\xa2\xeb\x08NXk\xd5\
ZJ\x7f\xdfC\xdd\x7fie\xb5\xff\x8b\xa6|\xec\xd3\
\x92\xb8<\x82\xcc\x19k{7\xb8\x0e1j\x14\x80>\
\xdag\xc3=u\xdd^M\x7f\xdfC\xde\x7fie\xb1\
\xff\x8b\xa6t\xe23\xae#\xa0\xb0\xcc\xcf\xb8N0j\
\x14\x80>z\xbd\x0d\xd7\x11\x9c\xe9mt\xd3o#\xe0\
\xfd\x97V\x16\xfb\xbfH\xa2\xe5\x13\x1a[z\xc8u\x0c\
\x14\xd73:\xef~\xdeU\xaeC\x8c\x12\xdf\x03\x00`\
\xcf\x0e|\xe0'\x5cG\x08\x9e-\xd7\xb49\xfbl\xf5\
\xa6\xae\x96\x9d\xb8@ImFI\xed\xdcGIm\xb2\
)I\x8a:\xcb\x8aZ\xdf\xd5X\xeb\x98\xa2\xa5\xef\xaa\
4\xf7%\x99\xce\xb2\xe3\xe4\xf9\x93lF\xf7\xae\xddr\
\xfd\xc8no\xdfMG\x9d~\xde\x97\x02\xd0G\xa9T\
V\xb7\x1b\xe6\x9b\xb1J\xe58\xfd6\x02\xde\x7fie\
\xb1\xffQL\xb64\xae\x8dK^\xaa\x8d\xa7\xbcX\x9b\
\x93WH\xd1\xd8\x8e\x7f?\x89'\x94\xec\xff!\xf5\x0e\
?\xff\xb1?\xd8Ti\xfe\x1e\x95\x8e\x7fF\xf1\x89;\
\xa4\xee\xd9\x11\xa4F\xdeP\x00\xfa\xa8N\xd4\xd4]\x08\
s\x80\xd5\xaa\xb5\xd4\xdb\x08y\xff\xa5\x95\xc5\xfeG\xb1\
\xd8}\x07\xd5\xb9\xe2\x9f\xab{\xd9+\xa48\xc5\xf1\x11\
\x8d\xa97\xfb\x1c\xf5f\x9f\xa3\xce\xb3_\xa7\xf8\xfe\x8f\
(\xbe\xff#2]\xdew\x12\x12\xde\x03\xd0G\xa3\xde\
\x94\x09\xf0[\xd9\x8c1\xaa7\x9b\xa9\xb7\x13\xea\xfeK\
+\xab\xfd\x8f\x820\x91\xba\x97\xbfRg_\xf1?\xd4\
\xbd\xf2\xa7\xd3\x0d\xff'\xb1\xe5\xaa:\xd7\xfc\x9c\xce\xbe\
\xf2\xcf\xcfm\xdb0\x16B\xc1J\xf7\x11W\xc6Uo\
\x84\xf7D\xdch6\x15\xc7\x95\xd4\xdb\x09u\xff\xa5\x95\
\xd5\xfe\x87\xff\x92\x03\x17\xa9\xfd\x92\xb7k\xfd\x87o\x92\
-W\x87v;\xb6\x5c\xd3\xfa\xb5\xafQ\xfb\xc7\xff\x9b\
\x92\xda\xf4\xd0n\x07\xf9A\x01\x18\xc0\xf4\xf4\xac\xaa\xb5\
\x09\xd71F\xa6Z\x9d\xd0\xa1\xa9\xd9\xcc\xb6\x17\xda\xfe\
K+\xeb\xfd\x0f\x7f\xf5f\xae\xd5\xd9\x97\xfc\xb16\x0f\
>}d\xb7\xb99u\x8d\xda?\xf9nm\x1c\x1e\xdd\
\x9b\xe1\xe0\x06\x05`\x10\xc6\xe8\xf0\xe1#j4'\x0b\
}:\xdb\x18\xa3\xe6\xe4\xa4.\xbc\xe8H\xb6\xf73\x90\
\xfd\x97\xd6\xd0\xf6?\xbc\xb4q\xe9K\xb5\xf6O\xffK\
\xa6\xa7\xfb\x07e\xcb5\xad\xbd\xf0w\xb5q\xc9KF\
~\xdb\x18\x1d\xde\x048(c4=s\x81\x1a\x8dI\
\xb5\x96\x16\xd5^m\xab\xb7\xd1U\x92$\xae\x93\xa5\x12\
E\x91J\xe5X\xb5jM\xf5a\x9ev.\xe8\xfeK\
kd\xfb\x1f^\xd9\xb8\xf4\xa5Z{\xde\xaf\xcb\xe9\x0f\
\xb6\x9aHk\xcf\xfbu\xd9\xa8\xa4\xf8\xc1\xdb\xdd\xe5\xc0\
\xd0P\x00v)\xaeT453\xab)\xd7A<\xc5\
\xfe\x03v\xb69\xfdL\xad\xff\xc8\x9b\x94\x83_k\x97\
L\xa4\xf5\xe7\xbeI\xd1\xea\xf7Tz\xf4\x0b\xae\xd3 \
c\x5c\x02\x00\x80\x9cH\x0e\x5c\xa4\xf6\x8f\xfe'\xd9\xb1\
\xb2\xeb(\xff\xc8DZ\xbb\xfe?\xf0\xc6\xc0\x02\xa2\x00\
\x00@\x1e\x98Hk\xd7\xfd\x86\x93k\xfe\xfd\xd8\xca\x01\
\xad\xbe\xe0w\xa5\x88\x93\xc6EB\x01\x00\x80\x1c\xe8>\
\xed\x9f\x8d\xf4\xdd\xfe\xbb\x95\x1c|\x9a\xbaO}\x85\xeb\
\x18\xc8\x10\x05\x00\x00\x1c\xb3\xfb\x0e\xaa\xf3\xccW\xbb\x8e\
\xd1W\xe7\x9a\x9f\x93\x8d\xf7\xbb\x8e\x81\x8cP\x00\x00\xc0\
\xb1\xce\x15\xaf\x1a\xea\x97\xfcd\xc5V\x0e\xa8s\xcd\x0d\
\xaec #\x14\x00\x00p\xc8\x96\xc6\xb5q\xd9\xcb\x5c\
\xc7\x18\xd8\xc6\xa5?)[\x1aw\x1d\x03\x19\xa0\x00\x00\
\x80C\x1b\x97\xbe\xd4\xab\xd3\xea\xb6\x5cU\xef\xc8\x8b\x5c\
\xc7@\x06(\x00\x00\xe0\xd0\xc6\xc5/v\x1da\xd7\xba\
\x97\xfe\x84\xeb\x08\xc8\x00\x05\x00\x00\x1c\xb1qM\x9b\x93\
W\xb8\x8e\xb1k\x9bSW{u\xd6\x02\xe7G\x01\x00\
\x00G6g\x9e-Ec\xaec\xec\x81\xd1\xe6\xa1+\
]\x87@J\x14\x00\x00p\xa4w\xe8\x1a\xd7\x11\xf6l\
\xf3\xd0U\xae# %\x0a\x00\x008b'\xfc\xfd\xd9\
\xe7\xcd\xc9\xcb]G@J\x14\x00\x00p$\x99\x98q\
\x1da\xcf\x92\xf1\x86\xeb\x08H\x89\x02\x00\x00\x8elV\
\xfd-\x00\xb6\xc2\x9b\x00}G\x01\x00\x00G\xcc\x98\xc7\
?\xaeS\xa9\xbbN\x80\x94(\x00\x00\xe0J\xd2s\x9d\
 \x05\xc6\x87\xefXA\x00pe\xd3\xe3\x02\xd0[u\
\x9d\x00)Q\x00\x00\xc0\x11\xb3q\xd6u\x84=3\xdd\
\xb6\xeb\x08H\x89\x02\x00\x00\x8e\x8c\xb5\x8e\xbb\x8e\xb0g\
\xd1\xd9\x87]G@J\x14\x00\x00p$j=\xe4:\
\xc2\x9eE\xad\x93\xae# %\x0a\x00\x008\x12-\x1d\
s\x1da\xcfJg\xbe\xe9:\x02R\xa2\x00\x00\x80#\
\xa5\xb9/y\xfaI\x00\xab\xb1\xf9\xaf\xba\x0e\x81\x94(\
\x00\x00\xe0\x88\xe9,\xab\xe4\xe1 \x1d;s\xbf\xcc\xfa\
\xa2\xeb\x18H\x89\x02\x00\x00\x0e\x95\x8e\xdf\xe1:\xc2\xae\
\x95\x1f\xfa[\xd7\x11\x90\x01\x0a\x00\x008\x14\x9f\xf8\x8c\
\xcc\x86?\x9f\xa97\xbdu\x95\x8f\xff?\xd71\x90\x01\
\x0a\x00\x00\xb8\xd4=\xab\xf8\xfe\x8f\xbaN1\xb0\xf2\xb7\
?!\xd3Yv\x1d\x03\x19\xa0\x00\x00\x80c\x95\xfb?\
\x22y\xf0\xc5:\xa6\xb7\xa6\xca7?\xec:\x062B\
\x01\x00\x00\xd7\xbag5\xfe\x8d\x0f\xbaN\xd1W\xe5k\
\x7f.\xb3\xbe\xe0:\x062B\x01\x00\x80\x1c\x88\xef\xfb\
\xb0\xc6N\x7f\xddu\x8cmE\x0b\xdfV\xfc\xc0\xc7\x5c\
\xc7@\x86(\x00\x00\x90\x076Q\xf5\xae\xb7J\xdd\xfc\
\xfd>\x80\xe9\xad\xabz\xd7[<\xfd\xce\x02l\x87\x02\
\x00\x009aVOk\xdf?\xfc\xa1\x94l\xba\x8e\xf2\
\x8fl\xa2\xf1\xbb\xde\xaah\x85\xaf\xfe-\x9a\x92\xeb\x00\
\xbe\xe9t\xd6\xb5\xdcZT\xbb\xddV\xaf\xdbUb\xad\
\xebH^\x8b\x8cQ)\x8eU\xad\xd5\xd4\xa87\x15W\
\xc6\x87z{y[\xbfQ\xdf\x7f\xe4_\xf9\xe4Q\x99\
\xbb\xde\xa2\xd5\x17\xfc\x8ed\x5c\xbfF\xb3\x1a\xff\xc2;\
T~\xf8\xa8\xe3\x1c\x18\x06\x0a\xc0\x80l\x92\xe8\xf4\xfc\
\x9c\x96\x96x\x03L\x96\x12k\xd5\xedt\xd4\xedt\xd4\
Z\x5cT\xbd\xd1\xd4\xf4\xf4\xacdL\xa6\xb7\x93\xd7\xf5\
\x1b\xd5\xfd\x87_J'\xee\xd0\xf8\x17\xde\xa1\xf5\xe7\xbe\
\xc9]\x09\xb0\x89\xc6\xbf\xf0\x0e\xc5\x0f\xde\xee\xe6\xf61\
t\x14\x80\x01\xd8$\xd1\xc9\x87\x8fk\xad\x9d\xff\x8f\xe9\
\xf8\xccZ\xab\xa5\xc5\x05u\xbb\x1d\x1d>|qfC\
\xd0\x97\xf5\x1b\xd6\xfd\x87\x9f\xe2\x07oW\xb4:\xaf\xb5\
\xeb\x7fK\xb6r`\xa4\xb7m6V5~\xf4\x0fx\
\xe5_p\xae\xcf/ya~~.\xf7\xc3\xa3HV\
\xdbm\xcd\xcf\x9f\xcal{\xbe\xad_\xd6\xf7\x1f\xfe*\
=z\xb7j\x7fs\x93\xa23\xdf\x1a\xd9mF\x0b\xdf\
V\xedonb\xf8\x07\x80\x02\xd0G\xa7\xb3\xaeV\xce\
N\x1b\x87\xa0\xb5\xb4\xa8n\xa7\x93z;\xbe\xae_V\
\xf7\x1f\xfe\x8b\xda\xf3\x9a\xf8\xdb_\xd5\xf8\xe7\xffXf\
}ih\xb7c6;\xaa|\xfd\xfd\xaa}\xf2\xcd\x8a\
V\x1e\x19\xda\xed ?\xb8\x04\xd0\xc7r\x8b_\xbcr\
\xc1Z\xab\xd6\xd2\xa2\xa6ffSm\xc7\xd7\xf5\xcb\xea\
\xfe\xa3 \x92M\xc5\x0f\xfe\xb5\xca'\xeeP\xe7\x9a\x1b\
\xb4q\xe9O\xca\x96\xab\x99l\xda\xf4\xd6U~\xf0\x13\
\xaa|\xe3\xc3|\xc9O`(\x00}\xb4\xcf\xfas\xea\
\xb8h\xda\xabmM\xa5\xdd\x86\xc7\xeb\x97\xc5\xfdG\xb1\
\x98\xee\x8a\xc6\xbft\x9b*_}\x9fz\x17\xfd\xa8\xba\
\x97\xbdL\x9bSWK\xda\xed\xfbE\xac\xc6\xce\xdc\xaf\
\xf2C\x7f\xa7\xf2\xb1O\xcbtW\x86\x11\x179G\x01\
\xe8\xa3\xd7\xdbp\x1d!X\xbd\x8dn\xfamx\xbc~\
Y\xdc\x7f\x14\x93\xe9\xad\xab\xfc\xd0'U~\xe8\x93\xb2\
\xf1~\x94\xb9\xa8\x02\x00\x00\x08\xdaIDATm\x1e\
\xba\xf2\xdc\x7f\x93\x97+\x19o\xcaV\xf6K\x95\xfa\xb9\
O\x10\xf4\xd6e:-EgO)j\x9d\xd0\xd8\x99\
\xfbT\x9a\xff\xcaP/'\xc0\x0f\x14\x00\x00{\xb6|\
\xc3\xdf\x8c\xec\xb6\xa2\xe5\x13\x9a\xf8\xc4/\x8d\xec\xf6|\
a\xba+*=\xf2y\x95\x1e\xf9\xbc\xeb(\xde\x8bd\
\xaf\xaa\xdc\xf4\xb9o\xba\xce1*\xbc\x09\xb0\x8fR\xa9\
\xec:B\xb0J\xe58\xfd6<^\xbf,\xee\x7f\x91\
$\x07.\xd2f\xe3\x12\xd71PPF\xfaJH\xc3\
_\xa2\x00\xf4U\x9d\xa8\xb9\x8e\x10\xacZ5\xfd\xbe\xf7\
y\xfd\xb2\xb8\xffE\xd3;\xf2\x22\xd7\x11PPV\xfa\
\x90\xeb\x0c\xa3F\x01\xe8\xa3Qo\xca\xf0\x85,#g\
\x8cQ\xbd\xd9L\xbd\x1d_\xd7/\xab\xfb_4\x1b\x17\
\xff\x98v\xff\x867\xa0\xafD\xc9&\x05\x00O\x14W\
\xc6Uo\xf0D<j\x8dfSq\x5cI\xbd\x1d_\
\xd7/\xab\xfb_4\xc9\xc4\xacz3\xcft\x1d\x03\xc5\
\xf3\xa9}o\xfc\xfcC\xaeC\x8c\x1a\x05`\x00\xd3\xd3\
\xb3\xaa\xd6&\x5c\xc7\x08F\xb5:\xa1CS\xd9}\xfe\
\xdd\xb7\xf5\xcb\xfa\xfe\x17\xcd\xc6\xa5/s\x1d\x01\x05c\
\xad\xf9\x9f\xae3\xb8@\x01\x18\x841:|\xf8\x88\x1a\
\xcdI/O'\xfb\xc2\x18\xa3\xe6\xe4\xa4.\xbc\xe8H\
\xb6\xfb\xd9\x93\xf5\x1b\xda\xfd/\x98\xde\x91\x17\xca\xc6\xfb\
]\xc7@q\x9c\xd9W\x8b\xff\xcau\x08\x17\xf8\x18\xe0\
\xa0\x8c\xd1\xf4\xcc\x05j4&\xd5ZZT{\xb5\xad\
\xdeFWI\x92\xb8N\xe6\xb5(\x8aT*\xc7\xaaU\
k\xaa\x0f\xf3\xb4wN\xd7od\xf7\xbf@l\x14k\
\xe3\xa9/W\xfc\x8d\xe0.\xd9b(\xcc\xbb\xcd\xab\xff\
~\xddu\x0a\x17\x9c\xbf\xcc\x98[Xv\xfb\x83\xec\x00\
\xbcc\xd6\xceh\xe2\xe3\xbf \x93\xf8\xfbEO\xc8\x85\
\x0d\xbb\x99\x5cZ}\xd3?\x9ct\x1d\xc4\x05.\x01\x00\
\xf0\x8e\xddwP\xbd\x8b^\xe8:\x06|g\xf4\xc1P\
\x87\xbfD\x01\x00\xe0\xa9\xee\xd57\x9c\xfb\xaa[`o\
\x92\xc8\x98?p\x1d\xc2%\x1e=\x00\xbc\xb4Y\xbfX\
\xbd\x0b\x9f\xef:\x06\xfc\xf5\xe1\xca\x1b\xee\xfa\xba\xeb\x10\
.Q\x00\x00x\xab\xf3\xcc\x9f\xe7,\x00\xf6\xc2F&\
\xf9\xaf\xaeC\xb8\xc6#\x07\x80\xb7\xc6N\xdd-Y>\
\x89\x83]3\x89\x8d^\xee:\x84k\x14\x00\x00^\x8a\
\xef\xff\x88\xc6\xbf\xf4\x1e\xd71\xe0\xaf\xb7\xac\xddr\xfd\
o\xb9\x0e\xe1\x12\x05\x00\x80w\x18\xfe\xc8H\xd0%\x80\
\x02\x00\xc0+\x0c\x7fd,\xd8\x12@\x01\x00\xe0\x0d\x86\
?\x86$\xc8\x12@\x01\x00\xe0\x05\x86?\x86,\xb8\x12\
@\x01\x00\x90{\x0c\x7f\x8cHP%\x80\x02\x00 \xd7\
\x18\xfe\x18\xb1`J\x00\x05\x00@n1\xfc\xe1H\x10\
%\x80\x02\x00 \x97\xe2\xfb>\xca\xf0\x87K\x85/\x01\
\x14\x00\x00\xb9\x13\xdf\xf7Q\x8d\x7f\xf9\xdd\xaec\x00\x85\
.\x01\x14\x00\x00\xb9\xc2\xf0G\xce\x14\xb6\x04P\x00\x00\
\xe4\x06\xc3\x1f9U\xc8\x12@\x01\x00\x90\x0b\x0c\x7f\xe4\
\x5c\xe1J\x00\x05\x00\x80s\x0c\x7fx\xa2P%\x80\x02\
\x00\xc0)\x86?<S\x98\x12@\x01\x00\xe0\x0c\xc3\x1f\
\x9e*D\x09\xa0\x00\x00p\x82\xe1\x0f\xcfy_\x02(\
\x00\x00F\x8e\xe1\x8f\x82\xf0\xba\x04P\x00\x00\x8cTi\
\xee+\x0c\x7f\x14\xc9[\xd6ny\xc1\x8b]\x87\xd8\x0b\
\x0a\x00\x80\x91\xea\xcd<K\xdd\xcb\x7f\xcau\x0c \x1b\
V\xb7\x8d\xdfx\xe7\xdf\xbb\x8e\xb1\x17\x14\x00\x00#f\
\xb4\xfe\xc3o\xa0\x04\xc0\x7fV\xb7\x8d\xdft\xf4\xf5\xc6\
\xc8\xba\x8e\xb2\x17\x14\x00\x00\x0eP\x02\xe09\xcf\x87\xbf\
D\x01\x00\xe0\x0c%\x00\x9e*\xc0\xf0\x97(\x00\x00\x9c\
\xa2\x04\xc03\x05\x19\xfe\x12\x05\x00\x80s\x94\x00x\xa2\
@\xc3_\xa2\x00\x00\xc8\x05J\x00r\xae`\xc3_\xa2\
\x00\x00\xc8\x0dJ\x00r\xaa\x80\xc3_\xa2\x00\x00\xc8\x15\
J\x00r\xa6\xa0\xc3_\xa2\x00\x00\xc8\x1dJ\x00r\xa2\
\xc0\xc3_\xa2\x00\x00\xc8%J\x00\x1c+\xf8\xf0\x97(\
\x00\x00r\x8b\x12\x00G\x02\x18\xfe\x12\x05\x00@\xaeQ\
\x020b\x81\x0c\x7f\x89\x02\x00 \xf7\x1e+\x01O{\
\xa5\xeb }\x18\xd7\x01|\x90\xeb\xa1j\xa5\x9bC\x19\
\xfe\x12\x05\x00\x80\x17\x8c\xd6\x7f\xe4\xc6\xdc\x9e\x09X\xbf\
\xf65j\xbf\xfc=\xda\xb8\xe4\xc7%\xc3\xd3\xeayX\
k\xf4\x7f\x12\x93<\xd7Z\xfd\x9a\xeb0\xe7eu\xdb\
\xbe\x1b\x8f\xbe)\x94\xe1/\xe5\xa0\xb2\xce-,w$\
\xc5\xaes\x00\xf0\x81\xd5\xf8\x17oU\xfc\xad\x8f\xbb\x0e\
\xf2}\xeb\xcf~\xbd\xbaO\x7f\xd5\xf7\xff\x7f\xacuL\
\xf17>\xa8\xd2\xf1;d\x92\x0d\x87\xc9r\xc0\xaa\xab\
H\x1f\x8a\x92\xe8\xf7+\xbfr\xe7\xbd[\x7f\xbcz\xeb\
u\xbfn\xac\xf9\xef.\xa3=\x9e\x95n\x0em\xf8K\
\xf9(\x00g$M\xba\xce\x01\xc0\x17\xf9)\x01O\x1e\
\xfe\x8fg\xd6\xce\xa8\xf2\xc0\xc7U~\xf0\xafe:\xcb\
#N\xe6\xdc\x19Y\xdd\x96\xd8\xe8\xe6\xda\x1b\xef|\xe4\
|\x7f!/% \xd4\xe1/\xe5\xa3\x00|W\xd2\xc5\
\xaes\x00\xf0\x89\xd5\xf8\xdd\xefR\xfc\xc0\xc7\x9c%X\
\xbf\xf65\xea^\xf9\xd3}\xff\x9e\xd9\xdc\xd0\xd8#G\
\x15\x7f\xebv\x95\xe6\xbe\xac\x9c_\x06O\xc3\xca\xe8.\
#\xf3\xbe\xcaX\xe7\xfd\xe6\x97\xef^\xed\xf7\x0fVo\
\xbe\xfe\xcd\xc6\xe8\xed\xa3\x08w^\x01\xbd\xe1\xef|r\
P\x00V\xbe(\xd9\x1fv\x9d\x03\x80o\xdc\x9d\x09\xd8\
\xe9\x95\xffN\xa2\xb3\xa7T>\xf6i\x95\x8e\x7fFc\
K\xdf\x19B\xb2\xd1\xb3\xd2W\x8d\xb5\x1f\x92M>\xb0\
\xef\x8d\x9f\x7fh\xb7\xff\xde\xd5\x99\x80\x90_\xf9o\xc9\
C\x01\xf8\x0b\xc9\xde\xe0:\x07\x00\x1f\x8d\xbe\x04\xecu\
\xf8?\xd9\xd8\xf2q\xd5>\xf1\xda\x0c\x12\xb9b\x14)\
\xb9\xaar\xd3\xe7\xbe\x99vK\xa3.\x01\x0c\xffs\xdc\
\xbf]\xd5\xe8~\xd7\x11\x00\xf8j\xb4\x9f\x0eX\xbf\xf6\
5\x99\x0c\x7fI\xda<pQ&\xdbq\xc7\xda,\x86\
\xbf$Uo\xfc\xdc\xdbF\xf6\xe9\x80\x00\xdf\xed\xbf\x1d\
\xf7\x05 \xd1\xd7]G\x00\xe0\xb3\xd1|Y\xd0\xa0\xd7\
\xfc\xb17\xd5_9\xfaGC/\x01\x81_\xf3\x7f2\
\xe7\x05\xc0\xc6\xbaC\x05~W\x0c\x80Q\x18n\x09`\
\xf8\x8f\xc6PK\x00\xc3\xff\x078/\x00\xb3\xfb\xf7\xcf\
K\xba\xb7\xef_\x04\x80\x1d\x0d\xa7\x040\xfcGk(\
%\x80\xe1\x7f^\xce\x0b\x80$\xc9\xe8\x93\xae#\x00(\
\x82lK\xc0\xfa\xb3~\x91\xe1\xef@\xa6%\x80\xe1\xbf\
\xad\x5c\x14\x80\xc8$\x7f\xe1:\x03\x80\xa2\xc8\xa6\x04\xac\
?\xeb\x17\xd5\xbd\xeag2\xca\x84\xdd\xca\xa4\x040\xfc\
w\x94\x8b\x020\xd5h|Q\xe2\xcd\x80\x00\xb2\x92\xae\
\x040\xfc\xf3!U\x09`\xf8\xf7\x95\x8b\x02 I\xb2\
\xfa3\xd7\x11\x00\x14\xc9\xdeJ\x00\xc3?_\xf6T\x02\
\x18\xfe\x03\xc9M\x01\x88\x92\xce{$-\xba\xce\x01\xa0\
HvW\x02\x18\xfe\xf9\xb4\xab\x12\xc0\xf0\x1fXn\x0a\
\xc0\xd4\xd4\xd4\x8a\xac}\xa7\xeb\x1c\x00\x8af\xb0\x12\xc0\
\xf0\xcf\xb7\x81J\x00\xc3\x7fWrS\x00$\xa92f\
\xffH\xd2i\xd79\x00\x14\xcd\xce%\x80\xe1\xef\x87\x1d\
K\x00\xc3\x7f\xd7rU\x00\x1a\x8d\xc6\xa2\xb1\xfa-\xd7\
9\x00\x14\xd1\xf9K\x00\xc3\xdf/\xe7-\x01\x0c\xff=\
\xc9U\x01\x90\xa4\xa9\xc9\xfd\xef\x95t\xa7\xeb\x1c\x00\x8a\
\xe8\x89%\x80\xe1\xef\xa7'\x94\x00\x86\xff\x9e9\xff5\
\xc0\xf3\x99[Z\xbaLIt\xb7\xa4\xba\xeb,\x00\x8a\
\xc8\xaa4w\x8fz3\xd7:\xcdp\xe0\x03/sx\
\xfb\xa9\xd9}7\x1du\xfa\x22r\xed]\xcf\xff\xb1\xf1\
\xd7\xdf\xf5i\x86\xff\xde\xe4\xee\x0c\x80$\xcd4\x1a\x0f\
\x1ak~\xc9u\x0e\x00Ee\x1c\x0f\x7fda\xdf\x1b\
\xee\xfa\x14\xc3\x7f\xefrY\x00$i\xfa\xe0\xfe\x0f\xcb\
\xe8m\xaes\x00\x00PD\xb9-\x00\x924\xdd\xd8\xff\
\x1b\xb2\xfa_\xaes\x00\x00P4\xb9.\x00\xc6\x18;\
=\xb9\xffuV\xfak\xd7Y\x00\x00(\x92\x5c\x17\x00\
I2\xc6l\xcc4\xf7\xff\x945\xfaS\xd7Y\x00\x00\
(\x8a\xdc\x17\x00I2\xc6\xf4f\x1a\xfb\x7fI\xd2\x1f\
\xba\xce\x02\x00@\x11xQ\x00\xa4s\x97\x03f&\x0f\
\xfc{\x19\xbdJ\xfcf\x00\x00\x00\xa9xS\x00\xb6\xcc\
4\x0f\xfc\x95\xa2\xe4G$\xdd\xe1:\x0b\x00\x00\xbe\xf2\
\xae\x00H\xd2L\xa3\xf1\x9d\xe9\xe6\xfe\x7f\x22c\x7fA\
V\xf3\xae\xf3\x00\x00\xe0\x1b/\x0b\x80\xf4\xd8%\x81f\
\xfd}q\xb4y\x85\x8c\xf9=I\x0b\xae3\x01\x00\xe0\
\x0bo\x0b\xc0\x96f\xb3\xb94\xd3\xdc\xff\x9fMo\xfd\
bY\xfd;I\xf7\xba\xce\x04\x00@\xdey_\x00\xb6\
LOO\x9f\x9d9x\xe0m3\x93\x07\xae1f\xf3\
9:\xf7\x89\x81{$%\x8e\xa3\x01\x00\x90;%\xd7\
\x01\x86a\xba\xd9\xfc\xb2\xa4/K\xd2#\xcb\xcb\x87\xc6\
6\xcd\x8b\xact\x95\xb1\xba\xd2Z{\xb91\x9a\x94\xd4\
\x904!)v\x99\x15\x00\x00\x00\x00\x00\x00\x00\x00\x00\
\x00\x00\x00\x00\x00\x00\x00\x00\x00\x00\x00\x00\x00\x00\x00\x00\
\x00\x00\x00\x00\x00\x00\x00\x00\x00\x00\x00\x00\x00\x00\x00\x00\
\x00\x00\x00\x00\x00\x00\x00\x00\x00\x00\x00\x00\x00\x00\x00\x00\
\x00\x00\x00\x00\x00\x00\x00\x00\x00\x00\x00\x00\x00\x00\x00\x00\
\xf0D\xff\x1ff\x12\xd9\x80ok^\xe4\x00\x00\x00\x00\
IEND\xaeB`\x82\
\x00\x00\x1a+\
\x89\
PNG\x0d\x0a\x1a\x0a\x00\x00\x00\x0dIHDR\x00\
\x00\x02\x00\x00\x00\x02\x00\x08\x03\x00\x00\x00\xc3\xa6$\xc8\
\x00\x00\x00\x03sBIT\x08\x08\x08\xdb\xe1O\xe0\x00\
\x00\x00\x09pHYs\x00\x00\x0b\x94\x00\x00\x0b\x94\x01\
w\xed\xb6\xf4\x00\x00\x00\x19tEXtSoft\
ware\x00www.inkscap\
e.org\x9b\xee<\x1a\x00\x00\x01\xe3PLT\
E\xff\xff\xff\x00\x00\x00\x00\x00\x00\x00\x00\x00\x00\x00\x00\
\x00\x00\x00\x00\x00\x00\x00\x00\x00\x00\x00\x00\x00\x00\x00\x00\
\x00\x00\x00\x00\x00\x00\x00\x00\x00\x00\x00\x00\x00\x00\x00\x00\
\x00\x00\x00\x00\x00\x00\x00\x00\x00\x00\x00\x00\x00\x00\x00\x00\
\x00\x00\x00\x00\x00\x00\x00\x00\x00\x00\x00\x00\x00\x00\x00\x00\
\x00\x00\x00\x00\x00\x00\x00\x00\x00\x00\x00\x00\x00\x00\x00\x00\
\x00\x00\x00\x00\x00\x00\x00\x00\x00\x00\x00\x00\x00\x00\x00\x00\
\x00\x00\x00\x00\x00\x00\x00\x00\x00\x00\x00\x00\x00\x00\x00\x00\
\x00\x00\x00\x00\x00\x00\x00\x00\x00\x00\x00\x00\x00\x00\x00\x00\
\x00\x00\x00\x00\x00\x00\x00\x00\x00\x00\x00\x00\x00\x00\x00\x00\
\x00\x00\x00\x00\x00\x00\x00\x00\x00\x00\x00\x00\x00\x00\x00\x00\
\x00\x00\x00\x00\x00\x00\x00\x00\x00\x00\x00\x00\x00\x00\x00\x00\
\x00\x00\x00\x00\x00\x00\x00\x00\x00\x00\x00\x00\x00\x00\x00\x00\
\x00\x00\x00\x00\x00\x00\x00\x00\x00\x00\x00\x00\x00\x00\x00\x00\
\x00\x00\x00\x00\x00\x00\x00\x00\x00\x00\x00\x00\x00\x00\x00\x00\
\x00\x00\x00\x00\x00\x00\x00\x00\x00\x00\x00\x00\x00\x00\x00\x00\
\x00\x00\x00\x00\x00\x00\x00\x00\x00\x00\x00\x00\x00\x00\x00\x00\
\x00\x00\x00\x00\x00\x00\x00\x00\x00\x00\x00\x00\x00\x00\x00\x00\
\x00\x00\x00\x00\x00\x00\x00\x00\x00\x00\x00\x00\x00\x00\x00\x00\
\x00\x00\x00\x00\x00\x00\x00\x00\x00\x00\x00\x00\x00\x00\x00\x00\
\x00\x00\x00\x00\x00\x00\x00\x00\x00\x00\x00\x00\x00\x00\x00\x00\
\x00\x00\x00\x00\x00\x00\x00\x00\x00\x00\x00\x00\x00\x00\x00\x00\
\x00\x00\x00\x00\x00\x00\x00\x00\x00\x00\x00\x00\x00\x00\x00\x00\
\x00\x00\x00\x00\x00\x00\x00\x00\x00\x00\x00\x00\x00\x00\x00\x00\
\x00\x00\x00\x00\x00\x00\x00\x00\x00\x00\x00\x00\x00\x00\x00\x00\
\x00\x00\x00\x00\x00\x00\x00\x00\x00\x00\x00\x00\x00\x00\x00\x00\
\x00\x00\x00\x00\x00\x00\x00\x00\x00\x00\x00\x00\x00\x00\x00\x00\
\x00\x00\x00\x00\x00\x00\x00\x00\x00\x00\x00\x00\x00\x00\x00\x00\
\x00\x00\x00\x00\x00\x00\x00\x00\x00\x00\x00\x00\x00\x00\x00\x00\
\x00\x00\x00\x00\x00\x00\x00\x00\x00\x00\x00\x00\x00\x00\x00\x00\
\x00\x00\x00\x00\x95\xd7*G\x00\x00\x00\xa0tRNS\
\x00\x01\x02\x03\x04\x05\x06\x07\x08\x0b\x0c\x0d\x0f\x10\x13\x14\
\x15\x16\x17\x19\x1a\x1c\x1e\x1f!\x22#$%(+,\
./02348:;<=>?@AD\
IKMNOQSUVWY`bdeg\
klmnouxyz{|}~\x7f\x80\x81\
\x82\x83\x84\x85\x86\x87\x88\x89\x8a\x8b\x8e\x8f\x90\x91\x92\x9a\
\x9e\x9f\xa2\xa3\xa4\xa7\xaa\xab\xb0\xb2\xb5\xb8\xb9\xbb\xbc\xbd\
\xbe\xc0\xc2\xc4\xc7\xc8\xc9\xcc\xcd\xce\xcf\xd0\xd1\xd2\xd4\xd5\
\xd6\xd7\xd8\xd9\xdb\xde\xdf\xe0\xe1\xe4\xe5\xe6\xe7\xe8\xea\xeb\
\xed\xee\xef\xf0\xf1\xf2\xf3\xf4\xf7\xf8\xf9\xfa\xfb\xfc\xfd\xfe\
4R\x81p\x00\x00\x17\x0eIDATx\xda\xed\x9d\
i_\xd4J\x16\x87\x0f \xe0:\x82\xc8\xb8\xa1\xd7]\
6W\x06\x5cQ\x14\x05AQ\x04\xd1\xc1\x0b\x08\x0a\x82\
\xa2\xe0\xc8\x80\x0b^pAE\xb9\xe3\xa0\x8e\x80}\xa5\
\xbb>\xea\xbc\xc0\x8d\xa5\xe1T%\x9dN\xe5\xfc\xcf\xeb\
T\xd5I=\xcf/\xa9T\x92*\x22W\x22#\xefX\
\xdd\xcd\x8e\xae\xde\xc1\xe1\xd1Phtx\xb0\xaf\xab\xa3\
\xf5Jq\xfejB8\x8e\xd5\xf9\xc5WZ;\xba\xfa\
\xbe\xf7moW\xc7\xcd\xbacy\x19>Io\xf9\xfe\
\x9a[O\xc6T\x94\x18\xefo\xaf=\xb0\x02\x10\xcdb\
\xc5\x81\xda\xf6\xfe\xf1h};\xf6\xe4V\xcd\xfe\xe5q\
Mpea\xc3\xe3\xb0Z0\xc2\xfd\x8dEi\xc0\xa9\
\x17iE\x8d\xfd\x9c\xbe}\xfc{\xe1\xca\xf8d\xb8\xb3\
a \xa2\xf8\xf1\xac);\x01Xy\x91\x90\xdd\xf4L\
\xa3k#\x03\x0d;\xbdNqS\xed+\xa5\x1do\xea\
6\x03\xee\xc2\xb1\xb9\xee\x8d~\xdf\xbe\xaa\xdd\xe4]\x86\
k\xca\xfeP\x861P\xb1\x0e\x84\xe7\x8bu\x15\x03\xa6\
}\xfb\xb4l\x8d')f\xdf\x8e('q'\x1f\x98\
\xa3E\xfe\x1dG]\x1b\xb9\x9d\x1d\xf3\xbbSA\x8fr\
\x1c\xbd\x85\x89`=;\x12\x0b{\x9d\xf7mOA,\
GZ\xc9G\x07\x95+\xf1\xb28\x15\xc0\xa7Gj\xf1\
Kw\xfav\xf0hr\xac\x0c=\xf1V\xb9\x16#%\
I\x80\xfe3\x92JF\xdc\xeb\xdb\xb7'br\x85\xdd\
\xf5H\xb9\x1aO\xf3\xc0\xfd{\xe4=u\xb7o\x1f\xed\
r=\xc5\x8c\x1b\x11\xe5v\xb4e\x02=\x11Qf\x9b\
\xeb]\x1b\xb9\xe1\xeeLq\xf2\x99\xcf*\x061^\x8e\
\xa1\x00\xa5\x96\x8f\xc7\xa2o?\x9fqq(\x90\xf3B\
\xc5(\x86\xf6H\xe7\xbfg(V}\xfb\x22\xc7\xad\xc1\
_\xc5\xa4\x8aY\x84/\x8a\x1e\x0c&U\x87c\xd7\xb7\
\x93\x95\xae\x0c\x06W\xddS1\x8d\x7f\x09~g\x9c\xf9\
 \xb6}{\xdf\x85\x91\xc0\xde\xff\xa8\x18\xc7\x7f\xf7I\
\xe5_0\x1a\xeb\xbe}\xef\xb4o\x93j\xc2*\xe6\x11\
\xf9g\xb2D\xfc)\x8d\xca\x83\xbe\xadw\xd4\xb7\x7f{\
\xa0<\x89\x7f\xa7\xcb\xe3\x9f\xf1\xd0\x9b\xbe\xedu\xd0\xb7\
\x7f\x7f\xae<\x8a!q/\x09\xb3^{\xd6\xb7kM\
s\xfc\xed\xad\xf2,\xfe\xdc*\x8b\xff\xf6\xf7\xde\xf5\xed\
\xc8\x16\xc3\xa7\xff\x8f\xca\xc3\xf8\x9f\xa8\x19\x81\xbdc^\
\xf6\xed'\xa3Y\xf7\x7fL(O#tP\x0e\xff\xc3\
!o\xfbv\xa2P?\xc7\xe3\x93\xca\xe3\x08\x97H\xe1\
\x7f2\xecu\xdfN\x1e\xd7\xe6\xaf\xe2\x10e2\xf8\x97\
\xc5\xa3o5\x0d(\x9cT0 H\xfc\xd5\xa4\xd6]\
 oB)\x18\x10$\xfeJMh\x8c\x04\xb7|R\
\x0a\x06\x04\x8b\xbfR\x9f\xd8O\x83kG\x94\x82\x01A\
\xe3\xaf\xd4\x9f\xcc\x19\xa1\xf4!\xa5`@\xf0\xf8+5\
\xc4\x9a\x15N\xeeU\x0a\x06\x04\x91\xbfR\xbd\x9c7C\
\xf5J\xc1\x80`\xf2W\xaa~\xe1$\xf7E\x14\x0c\x08\
*\x7f\x15\xd9\xb7\xe0K\xca\xf7J\xc1\x80\xa0\xf2W\xea\
\xfd\x02\xdf\x08%\xdeW\x0a\x06\x04\x97\xbfR\xf7\xe7\xff\
N\xb0R)\x18\x10d\xfeJU\xce\xfb\x06xR\xc1\
\x80`\xf3W\x93\xf3|-\x9e\xfcB\xf9'\xca\x83\xc4\
\xbf\xdcG\x1d\xfb\x22\xfa\xb3\xe0\x19\xa5`@\xd0\xf9+\
u&\xea\x13\xc0g\x05\x03\x82\xcf_}\x8e\xf6$p\
C)\x18\x10|\xfeJ\xdd\x98;\xcf]\xce\xa6\x80>\
\xdem\xa9+=\x94\x9b\xb5l\xc9\x86\x9c\x83\xa7.7\
w~\x80\x01n\xf1\xff\xd0\xd9r\xb9\xf4`\xee\x86\xa5\
K7\xe4\x1e*\xadk\xb9\xeb\xecs\xcd\xc8\x9c\x7f\x8f\
':\xf9\xff\xffy\xfd\xeeE3+L\xca\xbd:\x08\
\x03\x9c\xf3\x1f\xbc\x9a;\xeb\xff\xc9E\xbb\xeb\x9d|\xb2\
\xffh\xae\xc9\x80\x13\xa6\xb5\x85\xee\x9d^\x1f\xf5\xcd\xf2\
\xa9\xce/\xb2\x0dp\xc6\xffK\xe7\xa9\xa8\xefp\xd7\x9f\
\xbeg\xfcm\xe9\x899\x1e\x01\x0d\x7f\x02\x085\xad\x9a\
\xbf\x07\xd2\xaeM\x086\xc0\x11\xff\x89ki\xf3\xd7\xbe\
\xaa\xc9P\x81\xb7\xb3\x1f\x05\x8f\x9a\xcd*\xb40\xd6\xa6\
\xcb\xbc\xfeU\xaa\x01N\xf8\x7f\xbd\xceXAeM\x8b\
\xd9\xdc\xdd\xd1\x99\x15%\x98\xdc\xae#\xed\x1by\xfd\x90\
\xd5\x16\x11i\x80\x03\xfe\x91\xb6,^\x1b\x1b\xdbM\xfa\
vp\xe6jr\x05\x06\x95to\xe3w\xc5\x96N\x81\
\x068\xe0\xdf\xa9\xf1;\xd7\xb6n\x83\x06\x0afTb\
\xb0\xfec\xad\xd6\x92\x84\x09U\x11i\x06\x98\xf3\x8fT\
\xe9\xf5m\xad~\x13=\xd3\xab\xc8\xd6\x1f\xa0\x1c\xd1\xed\
\x8f\xa2qY\x06\x98\xf3\x1f/\xd2m\xeb\x88\xfe@{\
\xfa\xaa\xb2\xb7u\x8b\xbf\xdb\xa1\xdf#[\x87%\x19`\
\xce\x7f\xd8\xe0O\xe9\x1d\xeft[\xb9=m,\xa9{\
y\xee3Z|&\xbdG\x8e\x01\xe6\xfc{\x8cVt\
\xc8\xe8\xd3\xbd\xcd\xacq\xf0\xb6\xbau\xb1Y\xaf\xa44\
\x1bw\xcbY\xbb\xf8\x9f5>\xd1\xe6\x14\xb3\x16\x17\xb7\
:\xf8\xe2Bs\xfd\xffV\xf3\x8e\xa9\x93a\x809\xff\
:\xf3F5\x0d\xf8\xe3g\xc9M\x9a\xd7\xff\xc5\x04\x03\
\xfc\xc7\x9f\x16k\xde\x05~\xee1\xa2\xf7\x14\xf1\xce\xd9\
\xe2s\x02\x0c\x88\x0f\x7f\xa2\x0c\xbd\x91`\xed\x8f\x82Z\
\xfb\xffL\xecp\xd8=\x817 ^\xfc\x89vh=\
\x0d\xbe\xfa^l\xa7V\x92G\x1cwP\xc0\x0d\x88\x1f\
\x7f\xa2#Z\xed}\xdfk\xac\xc1\xec\xba\x01\x03|\xc7\
_\xf3n\xde\xf0\xad\x90\xce>U\xdd\xaelI\x13`\
\x03\xe2\xcb\x9f\x12t\xde\x0b\x0cL\x95Y\xa91\x0b\x14\
\xd9\xe6N7\x05\xd6\x808\xf3'\xda\xa6Csj\xcf\
\xd1B\x8d,\xdb\xdd\xea\xa8\x80\x1a\x10w\xfeD\xed\x1a\
\x8dN\xad\x1b\xf4\xbb\xc6\xf7\x1f\x1b\x09\x06\xf8\x9b?m\
\x9c\xd4\x1d\x04<\xe6\x17hq\xb1\xb3\x02h\x80\x1f\xf8\
\x13\xb5\xf0\x9b}LD\xb4\x9c\xbfja\xc8\xd5\xbdI\
\x03g\x80?\xf8\xd3\x1a\xfew\x82\xe1\xe5D\xb4\x9f\x9f\
g\x93\xbb\x1d\x160\x03|\xc2\x9f\xa8\x89\xdf\xf2~\x22\
\xaa\xe1_\x00V\x11\x0c\xf0?\x7fZ\xc5\xbf\x04\xd4\x10\
\xd1-\xf6\xd1\xf7\x5c\xef4s\x03*\xfc\xc6\xbf\xc27\
\xfc\x89\xf8\xbb<\xdd\x22\xa2'\xec\xa3O\x13\x0c\xb0\x81\
?\x9df7\xfe\x84\x88\xf8+\xd7\xaf\x8fA\xc7]\x0e\
\x86\x01\xe6\xfc/\xc7 \x9b\xf5\xec\xd6\xc7\x882\xd8\x07\
?\x8fI\xd7\x05\xc2\x00\x7f\xf1'\xe2\xff7\x98Ay\
\xecc\xeb\x09\x06\xd8\xc1_c\xad\xc7<:\xc6>v\
7\xc1\x00;\xf8\xd3nv\x06\xc7\xf8\xc3\xb0\x8f\x8b\x08\
\x06\xd8\xc1\x9f\x16}\xe4\x0fAor\x0f\xbd\x1b\xbb.\
\xb4\xda\x00\x1f\xf2'\xba\xcb\xcd\xe1&u\xc4\xe3=@\
\x80\x0c\xf0%\x7f\xfe\xfb\x80\x0e\xea\x8a\xe3\xf3j\x00\x0c\
\xf0'\x7f\xfe\x8d\xbd\x8b\xd8\x8b\xc3\x97\x12\x0c\xb0\x85?\
\x95r\xd3\xe8\xe5\x7f\x0fv\x88`\x80-\xfc\xe9\x107\
\x8fAb\xff\xb0\x99K0\xc0\x16\xfe\x94\xcbMd\x98\
F\xb9\x87n \x18`\x0b\x7f\xca\xe2f2J\xecW\
\x87K\x09\x06\xd8\xc2\x9f\x96\xb1_\xf1\xd3_\xfe\x11\xc0\
\x81\x01\x95\xde\xf3\xaf\xf41\x7fZ\xc2\x17\xe0\x83on\
\x01v\x19\xe0k\xfe\xb4\x81\x7f\x0b\xf0\xcd \xd0.\x03\
\xfc\xcd\x9fr\xf8\x83@\xf6\xf2p\xde\xec\xeen\x89\x01\
>\xe7O\x07\xf9\x8f\x81\xec\x7f\xcaK\x09\x06\xd8\xc2\x9f\
Nq\xf3\xe9\xa3n\x9f\xa5n\x83\x01\xbe\xe7\xcf\xef\xc4\
.\x7f\xbc\x0c\x9a\x16\xb5~7\xc0\x9c\x7f\xadW}\xd8\
\xcc\x7f\x19\xc4^X\xa6\x93`\x80-\xfc\x89\xbd.k\
+]\xe1\x1e\xfa!\x09\x06\xd8\xc2?\x89\xfdp\x7f\x85\
\x8a\xd9\xf9\xe7\x12\x0c\xb0\x83?\xffU\x80*\xa6|\xf6\
\xb1W\x09\x06\xd8\xc1\x9f\xae\xb2\xb3\xca\xa7\xd5\xecc\x07\
\x09\x06\xd8\xc1\x9f?\xb9\xa3V\x13\xf1\x97p^+\xde\
\x00K\xf8\xafe\xa75ND\xfd\xec\xa3O\x91p\x03\
,\xe1\xcf\x9f\x06R\xfd\xa4\xb3\xa4H'Yb\xc0\xb9\
\xd8$t\xce\x12\xfe\xfc\x87@\xd5\xae\xd5\xcf_\xd2D\
\x1b`\x0d\xff\xb4/Z\x99\x1d\xe0\x9f\xc85\x12l\x80\
5\xfc\xe9\x1a?\xb5\x03D\xb4\x82\xbfD\xccD\xa6\x5c\
\x03\xec\xe1\x9f\xc9_/6\xbc\x82\xb4F\x81\xea:I\
5\xc0\x1e\xfet]i\x8d\x01\x89\x1a\xf9\x05\xbef\x09\
5\xc0\x22\xfeY\x1a\x9b46\x12\x11Q\x91\xc6\xe9\xb4\
\x91H\x03,\xe2Om\x1a\xd9MmN\x95\xa6Q\x22\
\xb2E\xa2\x016\xf1\xdf\xa2\xb3\xfd\xd3\xb7\xc7\xbag\x1a\
E:\x13\xe4\x19`\x13\xff\x04\x9d\x0d:\x9f}+\xd4\
\xa4sNU$\xcd\x00\x9b\xf8S\x95N~\xdf\xd7}\
\xd4\xda52R$\xcc\x00\xab\xf8\x17i\xed\xff\xf7}\
\xef\xc8\x847:\xa5\xc6\xb7z\x7f^5\xf13\xc0\x9c\
\x7f\x8d\xf7\xfd\xb4Uks\xd67?n\xe7W\xb4N\
l8]\x90\x01V\xf1O\xd7\xdb\x9a\xf5\xca\x8f\x82\x9b\
\xf5N\xad'E\x8c\x01V\xf1O\xd1\xdc\x98u\xf3\xcf\
\xa2\x03z%\x9bI\x88\x01V\xf1\xe7\x7f\x0a<\x15\x03\
\xbf\x14\xd5\xfd\xd1\xb5\xce*\x03\xce\x9b6y\xde*\xfe\
\xba\xcb\xee\xfe\xfaK\xf5:\x05\x03\xa4\xf1W\xeb~-\
}\x07\x06H\xe3\x7fgZ\xf1|\x05\x03d\xf1W\xf9\
\xd3+\xe8\x85\x01\xb2\xf8\xf7\xce\xa8\xa1P\xc1\x00I\xfc\
\xbf\xed\x18\xf73\x12_\xc2\x00I\xfc_&\xce\xac\xa4\
X\xc1\x009\xfcU\xf1\xacZRG`\x80\x1c\xfe#\
\xa9\xb3\xeb)Q0@\x0a\x7fU2GEIOa\
\x80\x14\xfeO\xe7\xfc\xd5?O\xc1\x00\x19\xfcU\xde\xdc\
\x95\xb5\xc1\x00\x19\xfc\xa3}\xda\x9b9\x0e\x03$\xf0\x1f\
\x8f\xfa\x7fO\xb9\xb2\xc6\x80K\xc6\xa0\xaab\xc3\xff\x92\
5\xfcUy\xd4\x0aS\x87\x84\x1bP%\x81\xffPj\
\xf4*\xf7\x84\xcd\xea\xbc\x1c\x0c\x03\xec\xe2o\xb8\xa0b\
x\xcf|\x95V+\xc1\x06\x88\xe0\xaf\xaa\xe7\xad5\xe9\
\x81\x5c\x03d\xf0\x7f\xb0\xc0j\x7f\x99\xa3R\x0d\x90\xc1\
\x7ft\xc1?\xfc\x0b\x94L\x03d\xf0W\x05\x0b\xd7\xdd\
(\xd2\x00!\xfc\x1b\x19\x95\xa7<\x14h\x80\x10\xfe\x0f\
Y\x7ftd\xbc\x16g\x80\x10\xfe\xaf3x\x0dd\xbd\
\x17f\x80\x10\xfe\xef\xd9\xeb\xbbl\x1f\x13e\x80\x10\xfe\
c\xdb\xf9\x8d\xec\x0d\x092@\x08\xff\xd0^\x9df\x0e\
\x87\xc5\x18 \x84\x7f\xf8\xb0^C'\x95\x10\x03\x84\xf0\
W'u\x9b*\x13b\x80\x10\xfee\xfa\x8d\xc1\x00\xd9\
\xfca\x80t\xfe\xb6\x19P\xed%\xffj\x09\xfca\x80\
t\xfe0@:\x7f'\x06\xd4\x06\xd7\x80x\xf0\xaf\x8d\
\x0f\x7f\x18 \x9d?\x0c\x90\xce\x1f\x06H\xe7\x0f\x03\xa4\
\xf3\x87\x01\xd2\xf9\xc3\x00\xe9\xfc\x8d\x7f\x1a\x0c\x9a\x01v\
\xf1/w3\x0d\x18 \x9b?\x0c\x90\xce\x1f\x06H\xe7\
/\xde\x00\xf1\xfc\x85\x1b\x00\xfe\xb2\x0d\x00\x7f\xd9\x06\x80\
\xbfl\x03\xc0\xdfR\x03.\xba\xc3\xff\x22\xf8\x8b6\x00\
\xfc]2\xa0\xc6N\x03\xc0_\xb6\x01\xf1\xe0_\xe3g\
\xfe\xc2\x0c\x00\x7f\xd9\x06\x80\xff\x9cqV\x8a\x01v\xf1\
?\xeb]\x92B\x0c\x00\x7f\xd9\x06\x80\xbfl\x03\xc0_\
\xb6\x01\xe0/\xdb\x00\xf0\x97m\x00\xf8\xcb6\x00\xfce\
\x1b\x00\xfe\xb2\x0d\x00\x7f\xd9\x06\x80\xbfl\x03\xc0?\xc0\
\x06\x5cX8\xad\x0b\xe0/\xda\x00\xf0\x97m\x00\xf8\x1b\
D\x85\xf1\x09\x5c\xf2\x9b\x01\xf1\xe0o\xbe\xc4e\x05\x11\
\x0cp\xd5\x00\xf0\x97m\x00\xf8\xcb6\x00\xfce\x1b\x00\
\xfe\xb2\x0d\x00\x7f\xd9\x06\x80\xbfl\x03\xc0_\xb6\x01\xe0\
/\xdb\x00\xf0\x97m\x00\xf8\xcb6\x00\xfce\x1b\x00\xfe\
\xb2\x0d\x00\x7f\xd9\x06\x80\xbf\xebQi\x95\x01V\xf1\xaf\
\xb4\xe3\x04a\x80l\xfe0@:\x7f'\x06T\x07\x9d\
\x7f\xb5\x04\xfe0@:\x7f\x18 \x9d?\x0c\x90\xce\x1f\
\x06H\xe7\x0f\x03\xa4\xf3\x87\x01\xd2\xf9\xc3\x00\xe9\xfca\
\x80t\xfe0@:\x7f\x18 \x9d?\xd19\x18\xe0\x84\
\xff9\xfbO\x1e\x06\xc8\xe6\x0f\x03\xa4\xf3\x17o\x80x\
\xfe\xc2\x0d\x00\x7f\xd9\x06\x80\xbfl\x03\xc0_\xb6\x01\xe0\
\xef\x82\x01\x17\xed=\xe9\x8b\xe0/\xda\x00\xf0\x97m\x00\
\xf8\xcb6\x00\xfce\x1b\x00\xfe\xb2\x0d\x00\x7f\xd9\x06\x80\
\x7f\x948/\xc3\x00s\xfe\xe7\x89`\x80\xf5\x06\x80\xbf\
l\x03\xc0_\xb6\x01\xe0/\xdb\x00\xf0\x97m\x00\xf8\xcb\
6\x00\xfce\x1b\x00\xfe\xb2\x0d\x00\x7f\xd9\x06\x80\xbfl\
\x03\xc0\xdf#\x03.\xf8\xf3\x84.\x80\xbfh\x03\xc0_\
\xb6\x01\xe0o\x10U\xc11\x00\xfce\x1b`\xce\xbf\x8a\
\x08\x06Xo\x00\xf8\xcb6\x00\xfce\x1b\x00\xfe\xb2\x0d\
\x00\x7f\xd9\x06\x80\xbfl\x03\xc0_\xb6\x01\xe0/\xdb\x00\
\xf0\x97m\x00\xf8\xcb6\x00\xfce\x1b\x00\xfe\xb2\x0d\x00\
\x7f\xd9\x06\x80?\x04\x80\x00\xb8\x05\xc0\x00\x0c\x02a\x00\
\x1e\x03a\x00&\x82`\x80@\xfe0@:\x7f\x18 \
\x9d?\x0c\x90\xce\x1f\x06H\xe7\x0f\x03\xa4\xf3\x87\x01\xd2\
\xf9\xc3\x00\xe9\xfca\x80t\xfe0@:\x7f\xfc\x1cj\
\x14\xf8=\x1c\xcb\x03`\x81\x08,\x10\x82%b\xb0D\
\x10\x16\x89\x02\xff\x00\xf0\x87\x01\xd2\xf9\xc3\x00\xe9\xfca\
\x80t\xfe0@:\x7f\x18 \x9d?\x0c\x90\xce\x1f\x06\
H\xe7\x0f\x03\xa4\xf3\x87\x01\xd2\xf9\xc3\x80\xa8\x81\xadc\
\x17\x0cl\x1d\x1c\x04\xfe0@:\x7f\x18 \x9d?\x0c\
\x90\xce\x1f\x06H\xe7\x0f\x03\xa4\xf3\x87\x01\xae\xf0\xaf\xb6\
\xf9\xb4\xaba\x80h\xfe0@:\x7f\x18 \x9d?\x0c\
\x90\xce\x1f\x06H\xe7/\xde\x00\xf1\xfc\x85\x1b\x00\xfe\xb2\
\x0d\xa8\x04\x7fg\x06T\x82?\x0c\x00\x7f\x18\x00\xfe0\
\x00\xfca\x00\xf8\xc3\x00\xf0\x87\x01\xe0\x0f\x03\xc0\x1f\x06\
\x80?\x0c\x00\x7f\x18\x104\xfe\x97(\xf0q)\xf8\x06\
\x80\xbfl\x03\xc0_\xb6\x01\x15V\xf1\xbfp\xc1*\x03\
*\xc0\xdfe\xfe\xf1Yv4\xc0\x06X\xc7\x1f\x06H\
\xe7\x0f\x03\xa4\xf3\x87\x01\xd2\xf9\xc3\x00\xe9\xfca\x80t\
\xfe0@:\x7f\x18 \x9d?\x0c\x90\xce\x1f\x06H\xe7\
\x0f\x03\xa4\xf3\x87\x01\xd2\xf9\xc3\x00\xe9\xfca\x80Q\x9c\
5>\x81\x1a\xbf\xf1\x8f\x8f\x015\xc6\x1dx\x16\xfc]\
\xe6\x0f\x03\xa4\xf3\x87\x01\x81\xe6\xcfZ\xb8\xf1\x22\x0c\x10\
\xcd\x1f\x06H\xe7\x0f\x03\xa4\xf3\x87\x01\xd2\xf9\xc3\x00\xe9\
\xfca\x80t\xfe0@:\x7f\x18 \x9d?\x0c\x90\xce\
\x1f\x06H\xe7\x0f\x03\xa4\xf3\x87\x01Q\xa2\x5c\x0a\x7f\xdb\
\x0c(\x07\x7f\x97\xf9\xc3\x00\xe9\xfca\x80t\xfe\xf11\
\xa0\xd6\xbf\x06\x98\xf3\xaf\xb5\x93?\x0c\x90\xce\x1f\x06X\
\xcb\xbfZ\xb9\x14\xd50@4\x7f\x18 \x9d?\x0c\x90\
\xce\x1f\x06H\xe7\x0f\x03\xa4\xf3\x17o\x80x\xfe\xc2\x0d\
\x00\x7f\xd9\x06\x80\xbfl\x03\xca\xc0\xdfF\x03\xca\xc0\x1f\
\x06\x80?\x0c\x00\x7f\x18\x00\xfe0\x00\xfca\x00\xf8\xc3\
\x00\xef\xf8_\x0e.\xff\xf8\x18p9\x1e\x06\x80\xbfl\
\x03\xc0_\xb6\x01v\xf1\xbf\xa4<\x8dK\xc17\x00\xfc\
e\x1b\x00\xfe\xb2\x0d(\x11\xc2\xbf\xaaJ\x88\x01'\xf5\
\x1a:\x18\x16\xc2\x9fH\x88\x01\xe1\xc3:\xcd\xec\x09\x89\
\xe1/\xc6\x80\xd0^~#[\xff'\x88\xbf\x18\x03\xc6\
\xb6s\x9bX\xf7\xa7(\xfeb\x0cx\x9f\xc5k }\
H\x18\x7f1\x06\xbc\xce\xe0T\x9f\xfcoq\xfc\xc5\x18\
\xf00\x85Q\xfb?\x05\xf2\x17c@\xe3\xc2u\xef\x8b\
H\xe4/\xc6\x80\x82\x85j^\xfd_\x99\xfc\xa5\x180\
\x9a9\x7f\xbdI\xff\x92\xca_\x8a\x01\x0f\x92\xe6\xad\xf6\
\xa2\x5c\xfeR\x0c\xa8\x9ew\x060,\x98\xbf\x10\x03\xc2\
{\xa2W\x99j8\x03P\x17\x0c\xfe\xb6\x19Pg\x96\
\xeaPj\xd4\x1a\xcb\x85\xf3':/\xc1\x80\xa8?\x0d\
f\x8e[\xc3\xdf|)\xc5\xf3\xf3Wln@\x8d5\
\x06\x8cG{\x12h\x03\x7f\x19\x06\xb4\xcd]Y\x1e\xf8\
K1 o\xce)\x80\xa7\xe0/\xc5\x80\xa7sM\x06\
\x94\x80\xbf\x1c\x03J\xe6x\x04\x1c\x01\x7f9\x06\x8c\xcc\
~\x14,\x06\x7fI\x06\x14\xcf\xac$\xf1%\xf8K2\
\xe0e\xe2\x8c:\x0a\xc1_\x96\x01\x853\xaa\xe8\x05\x7f\
Y\x06\xf4N\xaf \x1f\xfc\xa5\x19\x90?\xad\xfc\x1d\xf0\
\x97f\xc0\x9d_K\xaf\x03\x7fy\x06\xac\xfb\xa5p\x05\
\xf8\xcb3\xa0\xe2\x97\xb2\x03zE\x9b\xad\xe2\x7f\xce\xbc\
\xd1sV\x19\xd0\xac\x97\xe2\xc0\xcf\x92\x9b\xf5J\xf6\xa4\
\x08\xe1o\x99\x01)=z)n\xfeQ\xf2\x8aV\xb9\
\xe1t1\xfc-3 }X+\xc3+\xdf\xcb%\xbc\
\xd1\xfa\x9c`\xab \xfe\x96\x19\xb0U\xeb\x93\x9e7\x09\
\xdf\x8ae\xeb\x94\x8a\x14y\x7f^\xb5\xf1\xe3\xef\xc4\x80\
8,\x95X\xa4\xf5[O\xf6\xb7RM\xae}R\x17\
@\xfe\x96\x19\xa0\xf5Yk\xd3\xb7B\xcf4\xcat&\
H\xe3o\x97\x01\x09\x9d\x1a\xe9=\x9b*\x93\xa6s\x03\
\xd8\x22\x8f\xbf]\x06l\xd1\xb9\x09\xa4M\xdd7\x9c\x7f\
N\x18l\xfev\x19\xa0\xf3i\xef\xd4x\xae\x91_\xe0\
k\x96H\xfeV\x19\x90\xf5\x95\x9f\xdc\xd4\xdf\xe2\xfd\xfc\
\x02\xd7\x85\xf2\xb7\xca\x80\xeb\xfc\xdc\xfa\x89\x88V\xf0\xff\
\x07\x9c\xc8\x94\xca\xdf&\x032'\xd8\xa9\x85W\x10\xd1\
\x01\xfe\xa9\x5c\x93\xcb\xdf&\x03\xae\xf1S;\xa0\xd5\xcb\
_\xd2\x04\xf3\xb7\xc8\x80\xb4/Z\x99\xb5\xf3\xe7\x00D\
\xf3\xb7\xc8\x00\xfe\x5c@\xbb\xd6\x18\xf0\x94%\xfc+c\
\x95R\xa5%\x06\x9c\xd2\x1a\x05\xf2\xdf\x1f\xac\x15\xce\xdf\
\x1a\x03\xd6\xf2\xdf\xec\x11\xadf\x1f<(\x9e\xbf5\x06\
\x0c\xb2\xd3Z\xad\xf1=\xf0U\xf0\xb7\xc5\x80\xab\xec\xac\
\xf25~\x09\xcb\x05\x7f[\x0c\xc8e'U\xcc\xff\x1a\
\xe8C\x12\xf8\xdbb@\xd2\x07\xfeWA\xad\xfe{\x08\
\xf45\x7f;\x0c`?\x08\xb6R\x07\xf7\xd0f\xf0\xb7\
\xc7\x80fnF\x1d\xd4\xcd=\xd4\xab\xb5\x00/\xfb\x9d\
\xbf\x13\x03|\xd7\x89]\xd4\xe7\xb3i \x0b\xf8[`\
\x00{*\xa8\x8f\xff\xc8x\x10\xfc\xed1\xe0 \x7fr\
\x87\xfd)y\x0e\xf8\xdbc@\x0e7\x9bab?0\
l\x00\x7f{\x0c\xd8\xc0Mf\x94\xfe\xe2\x1e\xba\x04\xfc\
\xed1`\x097\x97\x10\xb1w\x08\x5c\xe6c\xfe\x15\x14\
\x87\xa8\xf0\xb1\x01\xcb\xf8\x02\x8cr\x0f\xcd\x02\x7f{\x0c\
\xc8\xe2\xdf\x02\xd8\x83\xc0\x5c\xf0\xb7\xc7\x80\x5c\xfe \x90\
\xbd4\xc0!\xf0\xb7\xc7\x80C\xfc\xc7@\xf6\xf2`\xa5\
\xe0o\x8f\x01\xa5\xdc4z\xa9\x8b{h\x1d\xf8\xdbc\
\x00{\xb9\x98.\xfe\xcb\xa0\x16\xf0\xb7\xc7\x80\x16\xfe\xcb\
\xa0\x9b\xdcC\xef\x82\xbf=\x06\xdc\xe5\xe6p\x93\x7f\xb1\
\xf8\xb8\x08\xfcm1`\xd1G\xfe\x8d\xfd\x18;\xdd\xdd\
\xe0o\x8b\x01\xbb\xd9\x19\x1c\xd3\xd8(\xa6\x1e\xfcm1\
\xa0\x9e\x9d@\x1ee\xb0\x8f}\x0e\xfe\xb6\x18\xf0\x9c\xdd\
~\x06\xd1\x18\xfb\xe0\xf5\xe0o\x87\x01\xeb\xd9\xad\x8f\x11\
\xd1\x13\xf6\xd1\xa7\xe3\xf8\xbc\xeao\xfeN\x0c\x88\xc1\xfc\
\xcaiv\xe3O\x88\xe8\x16\xfb\xe8{\xe0o\x87\x01\xf7\
\xd8m\xdf\x22\x9dE\x18C\xab|\xc3\xff,\xf9.\xce\
\xfa\xc6\x80U\xecW\xfc\xaa\x86\x88\xf6\xf33m\x02\x7f\
\x1b\x0c\xd0X\xf7q?\x11-\xe7/\x11\x13Z\x03\xfe\
\xfe7`\x0d\xff\x02\x10^ND\xf4\x98\x9fh\x0b\xf8\
\xfb\xdf\x80\x16~\xb3\x8f\x89\x88\xe8w~\x81\xc9\x8d\xe0\
\xefw\x036N\xf2[m \x22\xbd\x1d\xe3\xda\xc1\xdf\
\xef\x06\xb4k4:\xb5w\xdcJ\x8d\xc5E#\xdb\xc0\
\xdf\xdf\x06l\xd3\xa1\xb9r\xaa\x8c\xce\x861\xdd\x09\xe0\
\xefg\x03\x12\xba5Z\xfc\xbeiL\x83N\x9a\xb5\xe0\
\xefg\x03\xb4~\xadn\xf8Vh\xa7V\x9aG\xc0\xdf\
\xbf\x06\x1c\xd1jo\xe7\xf7b\xaftJM\xec\x00\x7f\
\xbf\x1a\xb0cB\xa7\xb5Wf\xd7\x0d\xf5.\x03\xfc\xfd\
i@\xc6;ev7\xdf\xa4\x97e\xdfb\xf0\xf7\xa3\
\x01\x8b\xfb\xf4\xda\xda\xf4\xb3\xe8\x1fz%[\xc1\xdf\x8f\
\x06\xb4\xea\xb5\xf4\xc7/E\xcb4\xb3l5\xbc\x06\xa4\
4\xcb\xe0\xef\xc4\x80f\xc3m9\x17k\xf2We\xbf\
\xbe?\x88h\x16\xee3\x1a\x07\xa4\xf7\x18wK9Y\
\x16\xe5\xc6\xa7\xdac\xb41g\x86\xe6\xf5_E\xa6\xbd\
\xd9\xbb\xad\x9b\xe5;\x83g\x81\xad\xc3r\xf8;1`\
\xd8`k\xce\x1d\xeft[\xb9=\xad|\xb6v\x96\x13\
\xda\xf3\x01E\xe3\x92\xf8;1`\x5c{s\xce#\x13\
\xda\x8ddO\xaf\xc1\xe0\xe2\x5c\xab5+\x9cP\x15\x91\
\xc5\xdf\x89\x01\x91*\xbd\xbe5XZ\xb1gF\x1d\x05\
\x06ivk\xbc\x19\xda\xd2\xa9\xa4\xf1wb\x80\xea\xd4\
\xd8\xa0q[\xb7A\x03\x053%\x1a4\x11\xb5\x9d\xf9\
}@V[D \x7fG\x06D\xda\x98K\xb2ll\
7\xe9\xdb\xc1Y\x97\x98\xa3FiN\xb60\xbe\x12\xcb\
\xbc\xfeU\x89\xe4\xef\xc8\x00\xf5\xf5:c\x93\xb65-\
\x93F\x95\x1f\x9dUS\xf2[\xb34CM\x0b|+\
\x9cvmBI\xe5\xef\xcc\x005q-m\xfe\xdaW\
5\x85\xccj~\x9b<\xbb\xb2\x13\xa6i\x86\xee\x9d\x8e\
\xfa\xcf\xd0\xdaS\x9d_\x94`\xfe\x0e\x0dP_:O\
E\xdd\xa8g\xfd\xe9{!\xd3zO\xccQ_\xe2#\
\x07\x89>\xaf\xdf=\xeb\xef\xf1\xa4\xdc\xab\x83\xcaaX\
\xcf\xdf\xa9\x01J\xa9\xc1\xab\xb9\xb3\xb6jX\xb4\xbb\xfe\
\xb9\x83*\x1f%\xce\x95\xe9\xae\x88\xa3<?\xdem\xa9\
+=\x94\xbba\xe9\xd2\x0d\xb9\x07K/\xb7t~P\
\x0a\xfc\xdd0@\xa9\x0f\x9d\xcd\x97O\x1d\xcc\xd9\xb0d\
YV\xee\xa1\xd2\xba\x96\xbb\x1f\x1dU\x17\xd95w\xa6\
7\x94\xcf\x22\x10\xfc]1\xc0\xdd\xb8\x11m:\xf93\
\xf8K0\xe0s\xd4\x179g\xc0_\x82\x01g\xa2\xe6\
\x99\xfc\x02\xfc\x83o\xc0\x8b\xe4\xe8y\xe6L\xfa&\xcd\
2\x0aT\x94\xf9\xa6c'\xe7\xdd\xf8\xa1\x02\xfc\x83n\
\xc0\xfc+\xeb'\xde\x03\xff`\x1bp?q\x81\xc9\xc5\
\xff\x80\x7f\x90\x0dx\xbf\xe0\xa7\x5c{\xc3\xe0\x1f\x5c\x03\
\x22\xfb\x16N\xb3\x06\xfc\x83k\x00g\xad\xc7\xa4\x07\xe0\
\x1fT\x03z\x939Y\xfe\xed9\xf8\x07\xd3\x80!\xe6\
\xf7\xc6\x7f\x7f\x0b\xfeA4\xe0\xcf\xb5\xdc,\x7f\xfb\x08\
\xfe\xc13\xe0\x93\xc6g\x869\x13\xe0\x1f4\x03&\xf2\
t\xb2\xfc\xc7$\xf8\x07\xcb\x80\xc9B\xbd,\x8f\x83\x7f\
\xb0\x0c8\xae\x9b\xe5q\xcf\xaf\x01\xe1\x93$$Nz\
>\xd96y\x5c?\xcbB\x8f\xc7\x01\xa1\xc3$&\x0e\
\x87<\xbe\xff\x17\x9ad\x99\xf7\xc9\xcb\x1c\xc7\xf6\x92\xa0\
\xd8;\xe6e\xdf~\xca3\xcbr\xcb\x88\x87/)\xb6\
\x93\xa8\xd8\xfe\xde\xbb\xbe\x1d\xd9b\x9a\xe5\xda!\xafr\
|\x9dE\xc2\x22\xeb\xb5g\xf3\x7fk\xcd\xb3L\xef\xf5\
&\xc7\x87\x19$.2\x1ez4\xff\x9f\xee$\xcb\xe4\
\xfa\x88\x0796\xa6\x90\xc0Hi\xf4\xe2\xfdo}\xb2\
\xc34\xf7\xc5\xfcf5Z@B\xa3`4\xe6C\xab\
}.\x5c\xaa\xee\xc76\xc7\x07\x99$62c\xfc\xea\
\xfd\xbe+\xb7\xd6\xc4\xca\x18\xce\x09\x85\xab\x93Hp$\
U\xc7pNh\xb22\xd1\xa54sb\xf6\xbf\xc0\xd0\
\x1e\x12\x1e{b\xf6\xa4\xf5\x22\xc7\xbd,\x93\xcf\xc4\xe4\
\xaf\xb1\xf1\xf2T\x12\x1f\xa9\xe5\xe3\xb1\xe8\xdb\xcfg\x92\
]M3\xe3\x86\xfb\x8f\x03m\x99\xc0OD\x94\xd9\xe6\
\xfe\xe0\xff\x86\xfb\x0f\xd6\xbb\x1e\xb9\x9b\xe3\xd3<\xa0\xff\
1\xeb\xfe\xd4\xdd\xbe}\xb4+\x16Y&\x9ep\xf1S\
\xb1\x91\x92$p\xffe0X\xe2\xe2\xb4\xfb\xdb\x13\x89\
1J3\xf9\xe8\xa0;)\xbe,\xc6\xcd\x7f\xe6P\xa0\
\xf8\xa5;};x49\x86i&\x14\xf48O\xb1\
\xb70\x11\xc0\xe7\xb8\xc2\x16\xba0\xf1\xdeS\x90\x10\xeb\
<\xb3o;\x1b\x0e\xde\xc9\x07\xebh\x91\x7f\xc7\xd9\xd0\
\xefv\xb6'i\xae)\xfb\xc34\xc5\x81\x8au\xc0<\
_\xac\xab\x180\x1eU\x97\xad\xf1.\xcfM\xb5\xaf\xf4\
3|S\xb7\x19\x84\x17\x8e\xcduo\xf4\xfb\xf6U\xed\
&\xaf\xf3\xdc\xd90\xa0s/x\xd6\x94\x9d\x00\xb8\xcc\
\x91Vv\xd33\x9d+\xff@\xc3\xce\xf8$\xba\xb2\xb0\
\xe11c.;\xdc\xdfX\x94\x06\xacz\x91V\xd4\xd8\
\xcf\xe9\xdb\xc7\xbf\x17\xae\x8ck\xa2\xcb\xf7\xd7\xdcz\x12\
\xf5\x0b\xb7\xf1\xfe\xf6\xda\x03+\x80\xd3,V\x1c\xa8m\
\xef\x8f:Q<\xf6\xe4V\xcd\xfe\xe5>I5#\xef\
X\xdd\xcd\x8e\xae\xde\x81\xe1\xd1\xd0_\x1f\x86\x07\xfb\xba\
;Z\xaf\x14\xe7\xaf\x06D\xe7\xb1:\xbf\xf8JkG\
w\xdf\xe0\xf0\x87\xbfB\xa3\xc3\x03\xbd]\x1d7\xeb\x8e\
\xe5\xb94\xd7\xfb\x7ft\xbb-\xf4\xa8\x85E\xf1\x00\x00\
\x00\x00IEND\xaeB`\x82\
"

qt_resource_name = b"\
\x00\x03\
\x00\x00t\xc7\
\x00n\
\x00e\x00w\
\x00\x07\
\x07\x8b\xd0Q\
\x00p\
\x00r\x00e\x00f\x00i\x00x\x001\
\x00\x04\
\x00\x06\xfa^\
\x00i\
\x00c\x00o\x00n\
\x00\x09\
\x0b\x9e\x84\x87\
\x00c\
\x00h\x00e\x00c\x00k\x00.\x00p\x00n\x00g\
\x00\x08\
\x00\xa7Y'\
\x00l\
\x00i\x00s\x00t\x00.\x00p\x00n\x00g\
\x00\x0c\
\x0f\x88\xf7\xc7\
\x00m\
\x00i\x00n\x00i\x00m\x00i\x00z\x00e\x00.\x00p\x00n\x00g\
\x00\x0a\
\x0a-\x16G\
\x00c\
\x00i\x00r\x00c\x00l\x00e\x00.\x00p\x00n\x00g\
\x00\x0c\
\x04V#g\
\x00c\
\x00h\x00e\x00c\x00k\x00b\x00o\x00x\x00.\x00p\x00n\x00g\
\x00\x0e\
\x03\xe6q'\
\x00F\
\x00u\x00l\x00l\x00s\x00c\x00r\x00e\x00e\x00n\x00.\x00p\x00n\x00g\
\x00\x08\
\x05\xe2]'\
\x00L\
\x00o\x00g\x00o\x00.\x00p\x00n\x00g\
\x00\x09\
\x06\x98\x83'\
\x00c\
\x00l\x00o\x00s\x00e\x00.\x00p\x00n\x00g\
"

qt_resource_struct = b"\
\x00\x00\x00\x00\x00\x02\x00\x00\x00\x01\x00\x00\x00\x01\
\x00\x00\x00\x00\x00\x00\x00\x00\
\x00\x00\x00\x00\x00\x02\x00\x00\x00\x01\x00\x00\x00\x02\
\x00\x00\x00\x00\x00\x00\x00\x00\
\x00\x00\x00\x0c\x00\x02\x00\x00\x00\x01\x00\x00\x00\x03\
\x00\x00\x00\x00\x00\x00\x00\x00\
\x00\x00\x00 \x00\x02\x00\x00\x00\x08\x00\x00\x00\x04\
\x00\x00\x00\x00\x00\x00\x00\x00\
\x00\x00\x00F\x00\x00\x00\x00\x00\x01\x00\x007\x1f\
\x00\x00\x01\x8dV`\xeaS\
\x00\x00\x00\xb2\x00\x00\x00\x00\x00\x01\x00\x00\xa3\xe6\
\x00\x00\x01\x8dU\xfd\xe0\xe3\
\x00\x00\x00\x94\x00\x00\x00\x00\x00\x01\x00\x00\x86\xd6\
\x00\x00\x01\x8dV`\x0b\x1b\
\x00\x00\x00\xd4\x00\x00\x00\x00\x00\x01\x00\x00\xb52\
\x00\x00\x01\x8dU\xeb\xab8\
\x00\x00\x00\xea\x00\x00\x00\x00\x00\x01\x00\x00\xde\x9f\
\x00\x00\x01\x8dU\xfd\x0f*\
\x00\x00\x00z\x00\x00\x00\x00\x00\x01\x00\x00W\xe9\
\x00\x00\x01\x8dVaI\xc8\
\x00\x00\x00.\x00\x00\x00\x00\x00\x01\x00\x00\x00\x00\
\x00\x00\x01\x8dVa/\xbd\
\x00\x00\x00\x5c\x00\x00\x00\x00\x00\x01\x00\x00O\xc1\
\x00\x00\x01\x8dU\xfd\xb2~\
"

def qInitResources():
    QtCore.qRegisterResourceData(0x03, qt_resource_struct, qt_resource_name, qt_resource_data)

def qCleanupResources():
    QtCore.qUnregisterResourceData(0x03, qt_resource_struct, qt_resource_name, qt_resource_data)

qInitResources()
